ISO-10303-21;
HEADER;
FILE_DESCRIPTION (( 'STEP AP214' ),
    '1' );
FILE_NAME ('CUI_DEVICES_TS11-674-105-BK-260-RA-D.step',
    '2024-02-15T17:26:53',
    ( '' ),
    ( '' ),
    'SwSTEP 2.0',
    'SolidWorks 2023',
    '' );
FILE_SCHEMA (( 'AUTOMOTIVE_DESIGN' ));
ENDSEC;

DATA;
#1 = ORIENTED_EDGE ( 'NONE', *, *, #775, .F. ) ;
#2 = CARTESIAN_POINT ( 'NONE',  ( 0.8499999999999999778, -1.733333333333333171, -2.650000000000000355 ) ) ;
#3 = DIRECTION ( 'NONE',  ( 9.591836914396311808E-16, 0.9615239476408233843, 0.2747211278973775705 ) ) ;
#4 = LINE ( 'NONE', #2777, #3192 ) ;
#5 = DIRECTION ( 'NONE',  ( -1.000000000000000000, 8.673617379884051249E-15, 0.000000000000000000 ) ) ;
#6 = CARTESIAN_POINT ( 'NONE',  ( 3.230608367692935357, -0.4993535166557712124, -4.391147680321848767 ) ) ;
#7 = VERTEX_POINT ( 'NONE', #2062 ) ;
#8 = EDGE_CURVE ( 'NONE', #4863, #1450, #5425, .T. ) ;
#9 = DIRECTION ( 'NONE',  ( -1.000000000000000000, 0.000000000000000000, 0.000000000000000000 ) ) ;
#10 = CARTESIAN_POINT ( 'NONE',  ( 3.200000000000000622, 1.879283765641541282E-15, -0.09999999999998968048 ) ) ;
#11 = EDGE_CURVE ( 'NONE', #6152, #5661, #1635, .T. ) ;
#12 = ORIENTED_EDGE ( 'NONE', *, *, #4979, .T. ) ;
#13 = CARTESIAN_POINT ( 'NONE',  ( -2.925000000000000266, -2.299999999999999822, 0.000000000000000000 ) ) ;
#14 = ORIENTED_EDGE ( 'NONE', *, *, #3342, .F. ) ;
#15 = VERTEX_POINT ( 'NONE', #7212 ) ;
#16 = LINE ( 'NONE', #2271, #6914 ) ;
#17 = CARTESIAN_POINT ( 'NONE',  ( 3.254361941448102424, -1.131957227084807949, -2.849999999999996980 ) ) ;
#18 = ORIENTED_EDGE ( 'NONE', *, *, #5955, .T. ) ;
#19 = VERTEX_POINT ( 'NONE', #1548 ) ;
#20 = CARTESIAN_POINT ( 'NONE',  ( -3.700000000000016609, 2.599999999999999645, -4.748279434898255325 ) ) ;
#21 = LINE ( 'NONE', #3360, #5107 ) ;
#22 = CYLINDRICAL_SURFACE ( 'NONE', #771, 0.05000000000000012768 ) ;
#23 = B_SPLINE_CURVE_WITH_KNOTS ( 'NONE', 2,
 ( #1882, #4139, #796 ),
 .UNSPECIFIED., .F., .F.,
 ( 3, 3 ),
 ( 0.000000000000000000, 1.000000000000000000 ),
 .UNSPECIFIED. ) ;
#24 = DIRECTION ( 'NONE',  ( 0.000000000000000000, 0.000000000000000000, 1.000000000000000000 ) ) ;
#25 = CARTESIAN_POINT ( 'NONE',  ( -2.900000000000000355, 1.600000000000000089, -3.100000000000000977 ) ) ;
#26 = DIRECTION ( 'NONE',  ( 0.000000000000000000, 0.000000000000000000, -1.000000000000000000 ) ) ;
#27 = CARTESIAN_POINT ( 'NONE',  ( -3.657366486774650483, -5.832766962299169577, -4.050000000000012257 ) ) ;
#28 = DIRECTION ( 'NONE',  ( 3.491481338843133355E-15, -1.396527051659241882E-16, -1.000000000000000000 ) ) ;
#29 = PLANE ( 'NONE',  #4446 ) ;
#30 = DIRECTION ( 'NONE',  ( -0.000000000000000000, -0.000000000000000000, -1.000000000000000000 ) ) ;
#31 = FILL_AREA_STYLE_COLOUR ( '', #2507 ) ;
#32 = VERTEX_POINT ( 'NONE', #505 ) ;
#33 = ADVANCED_FACE ( 'NONE', ( #384 ), #6537, .T. ) ;
#34 = CARTESIAN_POINT ( 'NONE',  ( -1.674999999999999822, 2.299999999999999822, 0.4000000000000000222 ) ) ;
#35 = DIRECTION ( 'NONE',  ( 0.000000000000000000, -1.000000000000000000, 0.000000000000000000 ) ) ;
#36 = MANIFOLD_SOLID_BREP ( 'Mirror4', #6753 ) ;
#37 = DIRECTION ( 'NONE',  ( -1.000000000000000000, 0.000000000000000000, 0.000000000000000000 ) ) ;
#38 = CARTESIAN_POINT ( 'NONE',  ( 3.283504851620971277, -1.796664292613102454, -3.363715893440616167 ) ) ;
#39 = VERTEX_POINT ( 'NONE', #2225 ) ;
#40 = CARTESIAN_POINT ( 'NONE',  ( -3.700000000000012168, -7.500000000000004441, -5.049999999999999822 ) ) ;
#41 = CARTESIAN_POINT ( 'NONE',  ( -3.300000000000016254, -2.000000000000000888, -4.748279434898257101 ) ) ;
#42 = ORIENTED_EDGE ( 'NONE', *, *, #1917, .F. ) ;
#43 = LINE ( 'NONE', #5597, #4138 ) ;
#44 = ORIENTED_EDGE ( 'NONE', *, *, #6864, .T. ) ;
#45 = EDGE_LOOP ( 'NONE', ( #6577, #3351, #3305, #6494 ) ) ;
#46 = EDGE_CURVE ( 'NONE', #2589, #4415, #2845, .T. ) ;
#47 = DIRECTION ( 'NONE',  ( -1.000000000000000000, 0.000000000000000000, 0.000000000000000000 ) ) ;
#48 = EDGE_CURVE ( 'NONE', #1840, #7230, #6858, .T. ) ;
#49 = CARTESIAN_POINT ( 'NONE',  ( 3.685126432894557880, -0.3643819086742238755, -5.021553215763712608 ) ) ;
#50 = ORIENTED_EDGE ( 'NONE', *, *, #1423, .F. ) ;
#51 = VECTOR ( 'NONE', #4814, 1000.000000000000000 ) ;
#52 = VECTOR ( 'NONE', #6696, 1000.000000000000000 ) ;
#53 = ORIENTED_EDGE ( 'NONE', *, *, #6636, .F. ) ;
#54 = DIRECTION ( 'NONE',  ( 0.000000000000000000, 0.000000000000000000, 1.000000000000000000 ) ) ;
#55 = CIRCLE ( 'NONE', #6281, 1.750000000000000000 ) ;
#56 = AXIS2_PLACEMENT_3D ( 'NONE', #1203, #4491, #5118 ) ;
#57 = CARTESIAN_POINT ( 'NONE',  ( -3.700000000000019273, -1.638888888888890172, -5.371878022344834136 ) ) ;
#58 = VECTOR ( 'NONE', #410, 1000.000000000000000 ) ;
#59 = DIRECTION ( 'NONE',  ( 0.000000000000000000, -1.000000000000000000, 0.000000000000000000 ) ) ;
#60 = VECTOR ( 'NONE', #6645, 1000.000000000000000 ) ;
#61 = PLANE ( 'NONE',  #3016 ) ;
#62 = DIRECTION ( 'NONE',  ( -0.000000000000000000, -0.000000000000000000, -1.000000000000000000 ) ) ;
#63 = DIRECTION ( 'NONE',  ( -1.000000000000000000, 0.000000000000000000, 0.000000000000000000 ) ) ;
#64 = CARTESIAN_POINT ( 'NONE',  ( 0.8499999999999999778, 1.683333333333333348, -2.799999999999999378 ) ) ;
#65 = AXIS2_PLACEMENT_3D ( 'NONE', #4439, #462, #2174 ) ;
#66 = AXIS2_PLACEMENT_3D ( 'NONE', #3296, #4327, #2736 ) ;
#67 = DIRECTION ( 'NONE',  ( 1.000000000000000000, 0.000000000000000000, -3.491481338843133355E-15 ) ) ;
#68 = CARTESIAN_POINT ( 'NONE',  ( 3.254361941448102424, -1.131957227084807949, -2.849999999999996980 ) ) ;
#69 =( LENGTH_UNIT ( ) NAMED_UNIT ( * ) SI_UNIT ( .MILLI., .METRE. ) );
#70 = AXIS2_PLACEMENT_3D ( 'NONE', #1802, #4651, #4157 ) ;
#71 = LINE ( 'NONE', #6739, #6052 ) ;
#72 = SPHERICAL_SURFACE ( 'NONE', #1888, 0.1000000000000000056 ) ;
#73 = FACE_OUTER_BOUND ( 'NONE', #1048, .T. ) ;
#74 = CARTESIAN_POINT ( 'NONE',  ( 3.278597828075716869, -0.2027530115181696291, -2.849999999999999201 ) ) ;
#75 = VECTOR ( 'NONE', #4684, 1000.000000000000000 ) ;
#76 = ORIENTED_EDGE ( 'NONE', *, *, #6661, .F. ) ;
#77 = FACE_OUTER_BOUND ( 'NONE', #6374, .T. ) ;
#78 = DIRECTION ( 'NONE',  ( 1.000000000000000000, 0.000000000000000000, 0.000000000000000000 ) ) ;
#79 = ORIENTED_EDGE ( 'NONE', *, *, #1445, .T. ) ;
#80 = DIRECTION ( 'NONE',  ( 0.3303504247281062178, 0.9438583563660173370, 0.000000000000000000 ) ) ;
#81 = EDGE_LOOP ( 'NONE', ( #7229, #5120, #3580, #4740 ) ) ;
#82 = VECTOR ( 'NONE', #2818, 1000.000000000000000 ) ;
#83 = DIRECTION ( 'NONE',  ( 0.3363363969981568724, -0.9417419115948372221, 0.000000000000000000 ) ) ;
#84 = EDGE_LOOP ( 'NONE', ( #6716, #1309, #5441, #4967 ) ) ;
#85 = VECTOR ( 'NONE', #5141, 1000.000000000000000 ) ;
#86 = CARTESIAN_POINT ( 'NONE',  ( 3.657366486774653147, -5.832766962299167801, -4.050000000000012257 ) ) ;
#87 = ORIENTED_EDGE ( 'NONE', *, *, #1397, .F. ) ;
#88 = EDGE_CURVE ( 'NONE', #6521, #667, #4, .T. ) ;
#89 = CARTESIAN_POINT ( 'NONE',  ( 3.657366486774653147, -5.832766962299167801, -4.049999999999998934 ) ) ;
#90 = CARTESIAN_POINT ( 'NONE',  ( -3.700000000000018829, -2.000000000000000888, -5.371878022344831471 ) ) ;
#91 = EDGE_CURVE ( 'NONE', #1240, #1615, #4380, .T. ) ;
#92 = FACE_OUTER_BOUND ( 'NONE', #524, .T. ) ;
#93 = CARTESIAN_POINT ( 'NONE',  ( -2.900000000000000355, -1.599999999999999201, -3.100000000000000977 ) ) ;
#94 = CYLINDRICAL_SURFACE ( 'NONE', #3479, 0.6250000000000001110 ) ;
#95 = ADVANCED_FACE ( 'NONE', ( #1806 ), #72, .T. ) ;
#96 = EDGE_CURVE ( 'NONE', #2088, #3704, #6741, .T. ) ;
#97 = DIRECTION ( 'NONE',  ( 0.000000000000000000, 0.000000000000000000, 1.000000000000000000 ) ) ;
#98 = CARTESIAN_POINT ( 'NONE',  ( 3.700000000000000178, 1.671478349248485739E-15, 1.187103655206665341E-14 ) ) ;
#99 = VECTOR ( 'NONE', #6923, 1000.000000000000000 ) ;
#100 = LINE ( 'NONE', #2914, #6921 ) ;
#101 = CARTESIAN_POINT ( 'NONE',  ( 3.343803370996313973, -1.305601146198355655, -2.849999999999998757 ) ) ;
#102 = PLANE ( 'NONE',  #4172 ) ;
#103 = CIRCLE ( 'NONE', #1037, 0.6250000000000001110 ) ;
#104 = CARTESIAN_POINT ( 'NONE',  ( 2.425000000000000266, -8.000000000000000000, -3.060232526704262934 ) ) ;
#105 = LINE ( 'NONE', #1130, #7087 ) ;
#106 = DIRECTION ( 'NONE',  ( 1.000000000000000000, 6.672013369141565217E-16, 0.000000000000000000 ) ) ;
#107 = CARTESIAN_POINT ( 'NONE',  ( 3.286933477046821928, -0.2037428474490187713, -3.830730342022995227 ) ) ;
#108 = AXIS2_PLACEMENT_3D ( 'NONE', #1416, #6009, #4946 ) ;
#109 = ORIENTED_EDGE ( 'NONE', *, *, #1101, .T. ) ;
#110 = ADVANCED_FACE ( 'NONE', ( #5106 ), #3438, .T. ) ;
#111 = CARTESIAN_POINT ( 'NONE',  ( 1.350000000000000089, -2.900000000000000355, -3.100000000000000977 ) ) ;
#112 = CARTESIAN_POINT ( 'NONE',  ( -2.900000000000000355, 2.400000000000000355, -3.100000000000000977 ) ) ;
#113 = ORIENTED_EDGE ( 'NONE', *, *, #2696, .T. ) ;
#114 = LINE ( 'NONE', #5667, #635 ) ;
#115 = ORIENTED_EDGE ( 'NONE', *, *, #4637, .F. ) ;
#116 = DIRECTION ( 'NONE',  ( -0.000000000000000000, -0.000000000000000000, -1.000000000000000000 ) ) ;
#117 = EDGE_LOOP ( 'NONE', ( #1519, #3417, #2706, #3770 ) ) ;
#118 = CARTESIAN_POINT ( 'NONE',  ( 3.700000000000016609, 1.237797480254291657E-15, -5.231773687770122194 ) ) ;
#119 = ORIENTED_EDGE ( 'NONE', *, *, #6617, .T. ) ;
#120 = EDGE_CURVE ( 'NONE', #4568, #2820, #105, .T. ) ;
#121 = CARTESIAN_POINT ( 'NONE',  ( -3.295092976454764067, -1.795288233907727626, -4.858162128904227828 ) ) ;
#122 = CARTESIAN_POINT ( 'NONE',  ( -3.661944828902490290, -1.747022974928201577, -3.433764926993494893 ) ) ;
#123 = CARTESIAN_POINT ( 'NONE',  ( 1.899999999999999689, -7.500000000000000000, -1.900000000000000133 ) ) ;
#124 =( NAMED_UNIT ( * ) PLANE_ANGLE_UNIT ( ) SI_UNIT ( $, .RADIAN. ) );
#125 = DIRECTION ( 'NONE',  ( 1.000000000000000000, 0.000000000000000000, 0.000000000000000000 ) ) ;
#126 = CARTESIAN_POINT ( 'NONE',  ( 2.299999999999999822, -1.674999999999999822, 0.6500000000000001332 ) ) ;
#127 = CARTESIAN_POINT ( 'NONE',  ( 2.600000000000000533, -7.500000000000000000, -2.200000000000000178 ) ) ;
#128 = LINE ( 'NONE', #98, #1437 ) ;
#129 = ADVANCED_FACE ( 'NONE', ( #6194 ), #689, .T. ) ;
#130 = ADVANCED_FACE ( 'NONE', ( #4003 ), #3920, .T. ) ;
#131 = CARTESIAN_POINT ( 'NONE',  ( -3.299999999999999822, 3.000000000000000000, -0.09999999999999989453 ) ) ;
#132 = CARTESIAN_POINT ( 'NONE',  ( 3.795015528100094127, -4.990031056200154858, -5.049999999999998934 ) ) ;
#133 = PLANE ( 'NONE',  #4860 ) ;
#134 = CARTESIAN_POINT ( 'NONE',  ( 3.437244651700127385, -5.168916494400137118, -4.049999999999998934 ) ) ;
#135 = EDGE_CURVE ( 'NONE', #2364, #5706, #6258, .T. ) ;
#136 = B_SPLINE_CURVE_WITH_KNOTS ( 'NONE', 2,
 ( #3682, #1593, #3854 ),
 .UNSPECIFIED., .F., .F.,
 ( 3, 3 ),
 ( 0.000000000000000000, 1.000000000000000000 ),
 .UNSPECIFIED. ) ;
#137 = DIRECTION ( 'NONE',  ( 2.602085213965208275E-15, 1.734723475976805517E-15, 1.000000000000000000 ) ) ;
#138 = ORIENTED_EDGE ( 'NONE', *, *, #3322, .T. ) ;
#139 = CARTESIAN_POINT ( 'NONE',  ( 3.300000000000003819, -3.999999999999998224, -0.5999999999999990896 ) ) ;
#140 = CARTESIAN_POINT ( 'NONE',  ( -3.700000000000010836, -4.000000000000000000, -3.049999999999999378 ) ) ;
#141 = ORIENTED_EDGE ( 'NONE', *, *, #1182, .F. ) ;
#142 = CARTESIAN_POINT ( 'NONE',  ( -3.700000000000000622, -1.381949069210957620E-31, -0.09999999999998808453 ) ) ;
#143 = ORIENTED_EDGE ( 'NONE', *, *, #252, .T. ) ;
#144 = CARTESIAN_POINT ( 'NONE',  ( 0.8499999999999999778, 1.733333333333333171, -2.650000000000000355 ) ) ;
#145 = VERTEX_POINT ( 'NONE', #4590 ) ;
#146 = DIRECTION ( 'NONE',  ( -6.071532165918840608E-15, -1.000000000000000000, 0.000000000000000000 ) ) ;
#147 = ORIENTED_EDGE ( 'NONE', *, *, #2769, .F. ) ;
#148 = CARTESIAN_POINT ( 'NONE',  ( -2.973594834911660989, -0.7380795701218485494, -3.363715893440616611 ) ) ;
#149 = ADVANCED_FACE ( 'NONE', ( #5176 ), #6847, .T. ) ;
#150 = CARTESIAN_POINT ( 'NONE',  ( -3.700000000000009504, -1.953143444990798283, -3.060156501862068001 ) ) ;
#151 = AXIS2_PLACEMENT_3D ( 'NONE', #3815, #3932, #6781 ) ;
#152 = EDGE_CURVE ( 'NONE', #381, #5767, #2881, .T. ) ;
#153 = DIRECTION ( 'NONE',  ( 1.000000000000000000, 0.000000000000000000, 0.000000000000000000 ) ) ;
#154 = CYLINDRICAL_SURFACE ( 'NONE', #5043, 0.6250000000000001110 ) ;
#155 = VERTEX_POINT ( 'NONE', #5304 ) ;
#156 = VECTOR ( 'NONE', #3597, 1000.000000000000000 ) ;
#157 = FACE_OUTER_BOUND ( 'NONE', #6886, .T. ) ;
#158 = CIRCLE ( 'NONE', #5686, 0.09999999999999982514 ) ;
#159 = CARTESIAN_POINT ( 'NONE',  ( 0.000000000000000000, -1.683333333333333348, -2.750000000000000000 ) ) ;
#160 = FACE_OUTER_BOUND ( 'NONE', #952, .T. ) ;
#161 = CIRCLE ( 'NONE', #4039, 0.09999999999999982514 ) ;
#162 = VECTOR ( 'NONE', #1350, 1000.000000000000000 ) ;
#163 = DIRECTION ( 'NONE',  ( 0.000000000000000000, 1.000000000000000000, 0.000000000000000000 ) ) ;
#164 = CARTESIAN_POINT ( 'NONE',  ( -2.600000000000000533, -7.500000000000000000, -2.200000000000000178 ) ) ;
#165 = CARTESIAN_POINT ( 'NONE',  ( -3.000000000000000000, -3.000000000000000000, 0.000000000000000000 ) ) ;
#166 = PLANE ( 'NONE',  #6979 ) ;
#167 = ORIENTED_EDGE ( 'NONE', *, *, #1454, .F. ) ;
#168 = EDGE_CURVE ( 'NONE', #6170, #361, #1386, .T. ) ;
#169 = VECTOR ( 'NONE', #5169, 1000.000000000000000 ) ;
#170 = DIRECTION ( 'NONE',  ( 0.000000000000000000, 1.000000000000000000, 0.000000000000000000 ) ) ;
#171 = AXIS2_PLACEMENT_3D ( 'NONE', #844, #4716, #4123 ) ;
#172 = CARTESIAN_POINT ( 'NONE',  ( 3.300000000000017142, -1.999999999999999556, -4.748279434898257101 ) ) ;
#173 = ORIENTED_EDGE ( 'NONE', *, *, #5330, .T. ) ;
#174 = AXIS2_PLACEMENT_3D ( 'NONE', #6145, #2807, #5068 ) ;
#175 = FACE_OUTER_BOUND ( 'NONE', #274, .T. ) ;
#176 = DIRECTION ( 'NONE',  ( -1.000000000000000000, -4.517509052022934484E-16, -3.491481338843133355E-15 ) ) ;
#177 = ORIENTED_EDGE ( 'NONE', *, *, #6917, .F. ) ;
#178 = FACE_BOUND ( 'NONE', #467, .T. ) ;
#179 = ORIENTED_EDGE ( 'NONE', *, *, #6331, .F. ) ;
#180 = VECTOR ( 'NONE', #316, 1000.000000000000000 ) ;
#181 = CYLINDRICAL_SURFACE ( 'NONE', #4661, 0.09999999999999982514 ) ;
#182 = ORIENTED_EDGE ( 'NONE', *, *, #1225, .T. ) ;
#183 = CARTESIAN_POINT ( 'NONE',  ( 3.700000000000011280, -0.08796338649817747601, -4.274394068176251338 ) ) ;
#184 = AXIS2_PLACEMENT_3D ( 'NONE', #6489, #3540, #788 ) ;
#185 = ORIENTED_EDGE ( 'NONE', *, *, #3300, .T. ) ;
#186 = CARTESIAN_POINT ( 'NONE',  ( -3.191225343168462292, -0.4980837765166434838, -3.830730342022995227 ) ) ;
#187 = CARTESIAN_POINT ( 'NONE',  ( -3.611565522318758159, -1.622742364566651885, -3.433741753074264214 ) ) ;
#188 = CIRCLE ( 'NONE', #1132, 0.8999999999999998002 ) ;
#189 = ORIENTED_EDGE ( 'NONE', *, *, #2478, .F. ) ;
#190 = ADVANCED_FACE ( 'NONE', ( #5860 ), #6951, .T. ) ;
#191 = CARTESIAN_POINT ( 'NONE',  ( -3.000000000000000000, -3.000000000000000000, 0.000000000000000000 ) ) ;
#192 = DIRECTION ( 'NONE',  ( -1.000000000000000000, 0.000000000000000000, 0.000000000000000000 ) ) ;
#193 = ORIENTED_EDGE ( 'NONE', *, *, #2480, .F. ) ;
#194 = VECTOR ( 'NONE', #329, 1000.000000000000000 ) ;
#195 = CARTESIAN_POINT ( 'NONE',  ( 2.299999999999999378, 2.300000000000000266, 0.9000000000000001332 ) ) ;
#196 = CARTESIAN_POINT ( 'NONE',  ( 1.350000000000000089, 0.000000000000000000, -3.100000000000000977 ) ) ;
#197 = VECTOR ( 'NONE', #3514, 1000.000000000000000 ) ;
#198 = CARTESIAN_POINT ( 'NONE',  ( -2.299999999999999822, -1.963427199554093061, 0.9000000000000001332 ) ) ;
#199 = FACE_OUTER_BOUND ( 'NONE', #4734, .T. ) ;
#200 = DIRECTION ( 'NONE',  ( 1.000000000000000000, 5.981805089575197183E-16, 0.000000000000000000 ) ) ;
#201 = CARTESIAN_POINT ( 'NONE',  ( -3.000000000000000000, -3.000000000000000000, 0.000000000000000000 ) ) ;
#202 = VERTEX_POINT ( 'NONE', #6421 ) ;
#203 = AXIS2_PLACEMENT_3D ( 'NONE', #5826, #4067, #4657 ) ;
#204 = CARTESIAN_POINT ( 'NONE',  ( -2.299999999999999822, 2.299999999999999822, 0.000000000000000000 ) ) ;
#205 = DIRECTION ( 'NONE',  ( 1.000000000000000000, 0.000000000000000000, 0.000000000000000000 ) ) ;
#206 = ORIENTED_EDGE ( 'NONE', *, *, #5745, .T. ) ;
#207 = VECTOR ( 'NONE', #4413, 1000.000000000000000 ) ;
#208 = DIRECTION ( 'NONE',  ( -1.000000000000000000, 2.602085213965215059E-14, 0.000000000000000000 ) ) ;
#209 = DIRECTION ( 'NONE',  ( -1.000000000000000000, 0.000000000000000000, 0.000000000000000000 ) ) ;
#210 = EDGE_LOOP ( 'NONE', ( #6438, #5731, #3511, #5392, #1778 ) ) ;
#211 = DIRECTION ( 'NONE',  ( -1.000000000000000000, 0.000000000000000000, 0.000000000000000000 ) ) ;
#212 = EDGE_LOOP ( 'NONE', ( #147, #5941 ) ) ;
#213 = AXIS2_PLACEMENT_3D ( 'NONE', #6926, #1845, #1530 ) ;
#214 = CARTESIAN_POINT ( 'NONE',  ( 2.299999999999998934, 2.300000000000000711, 0.4000000000000000222 ) ) ;
#215 = EDGE_CURVE ( 'NONE', #1366, #2059, #5273, .T. ) ;
#216 = ORIENTED_EDGE ( 'NONE', *, *, #4271, .T. ) ;
#217 = EDGE_CURVE ( 'NONE', #3922, #2139, #3569, .T. ) ;
#218 = DIRECTION ( 'NONE',  ( 1.000000000000000000, 0.000000000000000000, 0.000000000000000000 ) ) ;
#219 = EDGE_LOOP ( 'NONE', ( #2194, #6631, #6334, #3094 ) ) ;
#220 = CARTESIAN_POINT ( 'NONE',  ( -3.300000000000013589, -1.905816649150112285, -3.830730342022995227 ) ) ;
#221 = CARTESIAN_POINT ( 'NONE',  ( -3.700000000000018385, -0.8796296296296293171, -5.371878022344837689 ) ) ;
#222 = CARTESIAN_POINT ( 'NONE',  ( 3.653730803984491793, -1.742690423391164201, -3.060156501862072442 ) ) ;
#223 = ORIENTED_EDGE ( 'NONE', *, *, #6803, .F. ) ;
#224 = SURFACE_STYLE_FILL_AREA ( #3039 ) ;
#225 = ORIENTED_EDGE ( 'NONE', *, *, #3260, .T. ) ;
#226 = CARTESIAN_POINT ( 'NONE',  ( 3.000000000000000000, -3.000000000000000000, -3.100000000000000977 ) ) ;
#227 = CARTESIAN_POINT ( 'NONE',  ( -3.700000000000018829, -2.000000000000000888, -5.371878022344831471 ) ) ;
#228 = CARTESIAN_POINT ( 'NONE',  ( 3.000000000000000000, 2.399999999999999467, -3.100000000000000977 ) ) ;
#229 = CARTESIAN_POINT ( 'NONE',  ( 3.700000000000016165, -3.999999999999998224, -4.049999999999998934 ) ) ;
#230 = CARTESIAN_POINT ( 'NONE',  ( 1.350000000000000089, 1.599999999999999423, -3.200000000000000622 ) ) ;
#231 = CARTESIAN_POINT ( 'NONE',  ( -0.8499999999999999778, -2.600000000000000533, -2.650000000000000355 ) ) ;
#232 = ORIENTED_EDGE ( 'NONE', *, *, #5420, .F. ) ;
#233 = LINE ( 'NONE', #6390, #3078 ) ;
#234 = CARTESIAN_POINT ( 'NONE',  ( 3.300000000000018030, 1.057097118173374909E-15, -5.231773687770131076 ) ) ;
#235 = VERTEX_POINT ( 'NONE', #6357 ) ;
#236 = EDGE_CURVE ( 'NONE', #235, #4699, #6034, .T. ) ;
#237 = DIRECTION ( 'NONE',  ( -1.000000000000000000, 0.000000000000000000, 0.000000000000000000 ) ) ;
#238 = ORIENTED_EDGE ( 'NONE', *, *, #2229, .T. ) ;
#239 = FACE_BOUND ( 'NONE', #3534, .T. ) ;
#240 = ORIENTED_EDGE ( 'NONE', *, *, #4240, .F. ) ;
#241 = CARTESIAN_POINT ( 'NONE',  ( 0.8499999999999999778, -1.733333333333333171, -2.750000000000000000 ) ) ;
#242 = ORIENTED_EDGE ( 'NONE', *, *, #682, .F. ) ;
#243 = LINE ( 'NONE', #5393, #4453 ) ;
#244 = EDGE_CURVE ( 'NONE', #4796, #15, #1935, .T. ) ;
#245 = ORIENTED_EDGE ( 'NONE', *, *, #396, .T. ) ;
#246 = FILL_AREA_STYLE_COLOUR ( '', #4731 ) ;
#247 = EDGE_CURVE ( 'NONE', #4600, #2196, #4162, .T. ) ;
#248 = CARTESIAN_POINT ( 'NONE',  ( -3.582219468606518742, -0.3831343926248216847, -2.849999999999998312 ) ) ;
#249 = CARTESIAN_POINT ( 'NONE',  ( 3.700000000000011724, -1.955290967240469246, -3.854081064452107519 ) ) ;
#250 = ORIENTED_EDGE ( 'NONE', *, *, #6308, .T. ) ;
#251 = CARTESIAN_POINT ( 'NONE',  ( -3.300000000000018474, 2.599999999999999645, -5.371878022344833248 ) ) ;
#252 = EDGE_CURVE ( 'NONE', #943, #3777, #2984, .T. ) ;
#253 = ORIENTED_EDGE ( 'NONE', *, *, #5569, .F. ) ;
#254 = CARTESIAN_POINT ( 'NONE',  ( 3.000000000000000000, -1.599999999999999867, -2.850000000000000089 ) ) ;
#255 = LINE ( 'NONE', #4609, #2730 ) ;
#256 = EDGE_CURVE ( 'NONE', #4225, #2162, #1260, .T. ) ;
#257 = VECTOR ( 'NONE', #6570, 1000.000000000000000 ) ;
#258 = FACE_OUTER_BOUND ( 'NONE', #1947, .T. ) ;
#259 = AXIS2_PLACEMENT_3D ( 'NONE', #494, #1658, #4023 ) ;
#260 = DIRECTION ( 'NONE',  ( 1.000000000000000000, 0.000000000000000000, 0.000000000000000000 ) ) ;
#261 = AXIS2_PLACEMENT_3D ( 'NONE', #6654, #460, #3202 ) ;
#262 = CARTESIAN_POINT ( 'NONE',  ( -3.671761229044312458, -0.2179417263067587873, -2.850000000000000089 ) ) ;
#263 = PLANE ( 'NONE',  #402 ) ;
#264 = DIRECTION ( 'NONE',  ( 0.000000000000000000, 0.000000000000000000, 1.000000000000000000 ) ) ;
#265 = EDGE_LOOP ( 'NONE', ( #7164, #3458, #5889, #5418, #4425, #2975, #3642, #7008, #5159, #2815, #1869, #2526 ) ) ;
#266 = EDGE_CURVE ( 'NONE', #407, #4844, #4753, .T. ) ;
#267 = CARTESIAN_POINT ( 'NONE',  ( -2.600000000000000533, -7.500000000000000000, -1.900000000000000133 ) ) ;
#268 =( GEOMETRIC_REPRESENTATION_CONTEXT ( 3 ) GLOBAL_UNCERTAINTY_ASSIGNED_CONTEXT ( ( #1332 ) ) GLOBAL_UNIT_ASSIGNED_CONTEXT ( ( #976, #6026, #5549 ) ) REPRESENTATION_CONTEXT ( 'NONE', 'WORKASPACE' ) );
#269 = AXIS2_PLACEMENT_3D ( 'NONE', #2233, #5048, #696 ) ;
#270 = CARTESIAN_POINT ( 'NONE',  ( 3.300000000000018030, -0.7407407407407394784, -5.231773687770131076 ) ) ;
#271 = VERTEX_POINT ( 'NONE', #4194 ) ;
#272 = ADVANCED_FACE ( 'NONE', ( #5888 ), #3604, .T. ) ;
#273 = CARTESIAN_POINT ( 'NONE',  ( -3.300000000000020695, -4.000000000000000000, -6.049999999999998046 ) ) ;
#274 = EDGE_LOOP ( 'NONE', ( #7000, #2342, #3238, #3772, #3906, #2823 ) ) ;
#275 = VECTOR ( 'NONE', #6760, 1000.000000000000000 ) ;
#276 = LINE ( 'NONE', #2994, #5102 ) ;
#277 = ORIENTED_EDGE ( 'NONE', *, *, #711, .F. ) ;
#278 = LINE ( 'NONE', #1338, #7027 ) ;
#279 = VECTOR ( 'NONE', #4323, 1000.000000000000000 ) ;
#280 = ORIENTED_EDGE ( 'NONE', *, *, #7096, .F. ) ;
#281 = EDGE_CURVE ( 'NONE', #1087, #7028, #6450, .T. ) ;
#282 = DIRECTION ( 'NONE',  ( 0.000000000000000000, 0.000000000000000000, 1.000000000000000000 ) ) ;
#283 = VERTEX_POINT ( 'NONE', #845 ) ;
#284 = VECTOR ( 'NONE', #572, 1000.000000000000000 ) ;
#285 = CARTESIAN_POINT ( 'NONE',  ( -3.655061166456356148, -0.7102588294049689832, -5.021026252406373125 ) ) ;
#286 = CARTESIAN_POINT ( 'NONE',  ( 3.661944828902491178, -1.747022974928199801, -3.433764926993494893 ) ) ;
#287 = ORIENTED_EDGE ( 'NONE', *, *, #6627, .F. ) ;
#288 = AXIS2_PLACEMENT_3D ( 'NONE', #2151, #1602, #5595 ) ;
#289 = ADVANCED_FACE ( 'NONE', ( #1868 ), #4124, .F. ) ;
#290 = ORIENTED_EDGE ( 'NONE', *, *, #5962, .T. ) ;
#291 = CARTESIAN_POINT ( 'NONE',  ( 2.900000000000000355, 2.399999999999999467, -3.100000000000000977 ) ) ;
#292 = DIRECTION ( 'NONE',  ( -1.000000000000000000, 0.000000000000000000, 0.000000000000000000 ) ) ;
#293 = AXIS2_PLACEMENT_3D ( 'NONE', #229, #6419, #3531 ) ;
#294 = DIRECTION ( 'NONE',  ( 4.517509052022934484E-16, -1.000000000000000000, 0.000000000000000000 ) ) ;
#295 = EDGE_CURVE ( 'NONE', #1421, #4207, #4786, .T. ) ;
#296 = AXIS2_PLACEMENT_3D ( 'NONE', #6180, #4549, #4022 ) ;
#297 = CARTESIAN_POINT ( 'NONE',  ( 3.700000000000019718, -1.999999999999999112, -5.371878022344831471 ) ) ;
#298 = VERTEX_POINT ( 'NONE', #5205 ) ;
#299 = CARTESIAN_POINT ( 'NONE',  ( -3.700000000000009948, -1.999999999999974021, -2.850000000000037392 ) ) ;
#300 = CARTESIAN_POINT ( 'NONE',  ( 3.300000000000009148, 2.600000000000000533, -3.050000000000000711 ) ) ;
#301 = DIRECTION ( 'NONE',  ( -2.691812290308837303E-15, 1.000000000000000000, 0.000000000000000000 ) ) ;
#302 = ORIENTED_EDGE ( 'NONE', *, *, #1021, .T. ) ;
#303 = FACE_OUTER_BOUND ( 'NONE', #1347, .T. ) ;
#304 = CIRCLE ( 'NONE', #2412, 0.05000000000000012768 ) ;
#305 = CARTESIAN_POINT ( 'NONE',  ( 0.8499999999999999778, 0.4333333333333333481, -2.650000000000000355 ) ) ;
#306 = ORIENTED_EDGE ( 'NONE', *, *, #7096, .T. ) ;
#307 = DIRECTION ( 'NONE',  ( 0.000000000000000000, 0.000000000000000000, 1.000000000000000000 ) ) ;
#308 = VECTOR ( 'NONE', #7031, 1000.000000000000000 ) ;
#309 = ORIENTED_EDGE ( 'NONE', *, *, #4704, .T. ) ;
#310 = DIRECTION ( 'NONE',  ( 0.000000000000000000, 0.000000000000000000, -1.000000000000000000 ) ) ;
#311 = VERTEX_POINT ( 'NONE', #6388 ) ;
#312 = ADVANCED_FACE ( 'NONE', ( #1323 ), #166, .F. ) ;
#313 = VECTOR ( 'NONE', #851, 1000.000000000000000 ) ;
#314 = ORIENTED_EDGE ( 'NONE', *, *, #775, .T. ) ;
#315 = LINE ( 'NONE', #6964, #7036 ) ;
#316 = DIRECTION ( 'NONE',  ( -1.000000000000000000, 8.972707634362798240E-16, 0.000000000000000000 ) ) ;
#317 = VERTEX_POINT ( 'NONE', #4717 ) ;
#318 = VERTEX_POINT ( 'NONE', #4654 ) ;
#319 = CIRCLE ( 'NONE', #4188, 0.4999999999999987232 ) ;
#320 = CARTESIAN_POINT ( 'NONE',  ( -3.670977436959812046, -1.470924846011381959, -5.021397004469729808 ) ) ;
#321 = CARTESIAN_POINT ( 'NONE',  ( 3.700000000000012612, -1.999999999999998668, -4.274394068176243344 ) ) ;
#322 = ORIENTED_EDGE ( 'NONE', *, *, #1925, .F. ) ;
#323 = CIRCLE ( 'NONE', #108, 0.6250000000000001110 ) ;
#324 = EDGE_CURVE ( 'NONE', #6678, #4851, #1904, .T. ) ;
#325 = ORIENTED_EDGE ( 'NONE', *, *, #6636, .T. ) ;
#326 = VERTEX_POINT ( 'NONE', #5414 ) ;
#327 = CARTESIAN_POINT ( 'NONE',  ( 2.075000000000000178, -8.000000000000000000, -3.060232526704262934 ) ) ;
#328 = LINE ( 'NONE', #3240, #6977 ) ;
#329 = DIRECTION ( 'NONE',  ( -0.000000000000000000, -1.000000000000000000, -0.000000000000000000 ) ) ;
#330 = CARTESIAN_POINT ( 'NONE',  ( 3.700000000000016165, -4.000000000000000888, -5.049999999999998934 ) ) ;
#331 = DIRECTION ( 'NONE',  ( -5.782411586589343045E-15, 1.000000000000000000, 0.000000000000000000 ) ) ;
#332 = VERTEX_POINT ( 'NONE', #5932 ) ;
#333 = CARTESIAN_POINT ( 'NONE',  ( 3.700000000000016609, 1.237797480254291460E-15, -4.748279434898255325 ) ) ;
#334 = CARTESIAN_POINT ( 'NONE',  ( -1.450000000000000178, 1.500000000000000000, -3.100000000000000977 ) ) ;
#335 = DIRECTION ( 'NONE',  ( -1.000000000000000000, 0.000000000000000000, 0.000000000000000000 ) ) ;
#336 = ORIENTED_EDGE ( 'NONE', *, *, #4252, .F. ) ;
#337 = ADVANCED_FACE ( 'NONE', ( #3122 ), #5501, .T. ) ;
#338 = DIRECTION ( 'NONE',  ( -0.000000000000000000, -0.000000000000000000, -1.000000000000000000 ) ) ;
#339 = EDGE_CURVE ( 'NONE', #3307, #5738, #4394, .T. ) ;
#340 = LINE ( 'NONE', #2567, #2902 ) ;
#341 = ORIENTED_EDGE ( 'NONE', *, *, #3899, .T. ) ;
#342 = CARTESIAN_POINT ( 'NONE',  ( -1.350000000000000089, 0.000000000000000000, -3.200000000000000622 ) ) ;
#343 = DIRECTION ( 'NONE',  ( -1.000000000000000000, -8.673617379884049672E-15, -0.000000000000000000 ) ) ;
#344 = ORIENTED_EDGE ( 'NONE', *, *, #3516, .T. ) ;
#345 = CARTESIAN_POINT ( 'NONE',  ( 1.626854399108187410, 2.636572800445907916, 0.9000000000000003553 ) ) ;
#346 = CARTESIAN_POINT ( 'NONE',  ( -1.450000000000000178, 2.500000000000001332, -3.100000000000000977 ) ) ;
#347 = ORIENTED_EDGE ( 'NONE', *, *, #3653, .T. ) ;
#348 = CARTESIAN_POINT ( 'NONE',  ( -1.899999999999999689, -7.500000000000000000, -1.900000000000000133 ) ) ;
#349 = EDGE_LOOP ( 'NONE', ( #5197, #2628, #1119, #4539, #4596, #6952, #1912, #6262, #4695, #5961, #336, #3775, #5709, #449, #5083, #659 ) ) ;
#350 = DIRECTION ( 'NONE',  ( 1.000000000000000000, 0.000000000000000000, -3.491481338843132961E-15 ) ) ;
#351 = DIRECTION ( 'NONE',  ( 0.3303504247281062178, -0.9438583563660173370, 0.000000000000000000 ) ) ;
#352 = ORIENTED_EDGE ( 'NONE', *, *, #2840, .F. ) ;
#353 = CARTESIAN_POINT ( 'NONE',  ( 2.600000000000000533, -7.500000000000000000, -2.200000000000000178 ) ) ;
#354 = VERTEX_POINT ( 'NONE', #2726 ) ;
#355 = EDGE_LOOP ( 'NONE', ( #7090, #525, #4422, #1139, #6824, #2584, #4294, #2074, #6272, #4932, #6070, #4807, #79, #4047, #4493, #4221 ) ) ;
#356 = CARTESIAN_POINT ( 'NONE',  ( -3.556096043592630540, -1.124022296722311021, -4.601630913479777263 ) ) ;
#357 = CARTESIAN_POINT ( 'NONE',  ( 3.700000000000018829, -1.999999999999999112, -5.021617185908048064 ) ) ;
#358 = ORIENTED_EDGE ( 'NONE', *, *, #6661, .T. ) ;
#359 = EDGE_CURVE ( 'NONE', #5007, #1849, #4224, .T. ) ;
#360 = ORIENTED_EDGE ( 'NONE', *, *, #2974, .T. ) ;
#361 = VERTEX_POINT ( 'NONE', #1501 ) ;
#362 = LINE ( 'NONE', #3112, #162 ) ;
#363 = SPHERICAL_SURFACE ( 'NONE', #4143, 0.1000000000000000056 ) ;
#364 = DIRECTION ( 'NONE',  ( -1.000000000000000000, -6.505213034913037648E-15, 0.000000000000000000 ) ) ;
#365 = EDGE_CURVE ( 'NONE', #2990, #1752, #5998, .T. ) ;
#366 = DIRECTION ( 'NONE',  ( 4.517509052022934484E-16, -1.000000000000000000, 0.000000000000000000 ) ) ;
#367 = CARTESIAN_POINT ( 'NONE',  ( -1.450000000000000178, -1.499999999999999778, -3.100000000000000977 ) ) ;
#368 = EDGE_LOOP ( 'NONE', ( #1030, #4916, #4563, #6785 ) ) ;
#369 = DIRECTION ( 'NONE',  ( 0.000000000000000000, -1.000000000000000000, 0.000000000000000000 ) ) ;
#370 = VECTOR ( 'NONE', #6666, 1000.000000000000000 ) ;
#371 = CARTESIAN_POINT ( 'NONE',  ( -1.350000000000000089, -2.400000000000003908, -3.200000000000000622 ) ) ;
#372 = EDGE_LOOP ( 'NONE', ( #2434, #7273, #6462, #7030, #7215 ) ) ;
#373 = CARTESIAN_POINT ( 'NONE',  ( 0.8499999999999999778, 0.4333333333333333481, -2.750000000000000000 ) ) ;
#374 = DIRECTION ( 'NONE',  ( -3.491481338843133355E-15, -1.396527051659257659E-16, -1.000000000000000000 ) ) ;
#375 = CIRCLE ( 'NONE', #748, 0.09999999999999939493 ) ;
#376 = ORIENTED_EDGE ( 'NONE', *, *, #6268, .T. ) ;
#377 = AXIS2_PLACEMENT_3D ( 'NONE', #5377, #3718, #3886 ) ;
#378 = CARTESIAN_POINT ( 'NONE',  ( 1.800000000000000266, 2.204364238465236069E-16, 0.4000000000000000222 ) ) ;
#379 = DIRECTION ( 'NONE',  ( 2.602085213965208275E-15, 1.734723475976805517E-15, 1.000000000000000000 ) ) ;
#380 = ADVANCED_FACE ( 'NONE', ( #4986 ), #6167, .T. ) ;
#381 = VERTEX_POINT ( 'NONE', #3800 ) ;
#382 = FACE_OUTER_BOUND ( 'NONE', #1914, .T. ) ;
#383 = DIRECTION ( 'NONE',  ( 0.000000000000000000, 1.000000000000000000, 0.000000000000000000 ) ) ;
#384 = FACE_OUTER_BOUND ( 'NONE', #5415, .T. ) ;
#385 = AXIS2_PLACEMENT_3D ( 'NONE', #1315, #806, #3563 ) ;
#386 = DIRECTION ( 'NONE',  ( -3.491481338843133355E-15, 2.168404344970993091E-16, 1.000000000000000000 ) ) ;
#387 = VECTOR ( 'NONE', #4170, 1000.000000000000000 ) ;
#388 = CARTESIAN_POINT ( 'NONE',  ( -2.425000000000000266, -8.000000000000000000, -1.900000000000000133 ) ) ;
#389 = ORIENTED_EDGE ( 'NONE', *, *, #2710, .T. ) ;
#390 = EDGE_CURVE ( 'NONE', #3279, #4215, #2958, .T. ) ;
#391 = CIRCLE ( 'NONE', #1103, 1.300000000000000044 ) ;
#392 = CIRCLE ( 'NONE', #1319, 0.6250000000000001110 ) ;
#393 = CARTESIAN_POINT ( 'NONE',  ( -2.300000000000000266, 2.300000000000000266, 0.9000000000000002442 ) ) ;
#394 = CARTESIAN_POINT ( 'NONE',  ( -3.700000000000009948, -1.999999999999974021, -2.850000000000037392 ) ) ;
#395 = EDGE_CURVE ( 'NONE', #4415, #4215, #5978, .T. ) ;
#396 = EDGE_CURVE ( 'NONE', #3442, #39, #2564, .T. ) ;
#397 = EDGE_LOOP ( 'NONE', ( #4744, #4368, #3748, #6396 ) ) ;
#398 = CARTESIAN_POINT ( 'NONE',  ( 3.300000000000018030, -3.999999999999998224, -4.748279434898257101 ) ) ;
#399 = ORIENTED_EDGE ( 'NONE', *, *, #4455, .T. ) ;
#400 = ORIENTED_EDGE ( 'NONE', *, *, #4376, .T. ) ;
#401 = ORIENTED_EDGE ( 'NONE', *, *, #1801, .T. ) ;
#402 = AXIS2_PLACEMENT_3D ( 'NONE', #2354, #3504, #4093 ) ;
#403 = CARTESIAN_POINT ( 'NONE',  ( -3.648915630632441065, -0.3707890946171551461, -4.274380600777439199 ) ) ;
#404 = CARTESIAN_POINT ( 'NONE',  ( 3.670852167465112892, -0.5289764490115625994, -5.021396305607317423 ) ) ;
#405 = ORIENTED_EDGE ( 'NONE', *, *, #3880, .F. ) ;
#406 = VECTOR ( 'NONE', #2252, 1000.000000000000000 ) ;
#407 = VERTEX_POINT ( 'NONE', #2603 ) ;
#408 = ORIENTED_EDGE ( 'NONE', *, *, #1688, .F. ) ;
#409 = DIRECTION ( 'NONE',  ( 0.000000000000000000, 0.000000000000000000, 1.000000000000000000 ) ) ;
#410 = DIRECTION ( 'NONE',  ( 1.000000000000000000, 0.000000000000000000, 0.000000000000000000 ) ) ;
#411 = DIRECTION ( 'NONE',  ( 1.000000000000000000, 0.000000000000000000, 0.000000000000000000 ) ) ;
#412 = AXIS2_PLACEMENT_3D ( 'NONE', #6564, #6101, #2086 ) ;
#413 = EDGE_CURVE ( 'NONE', #4118, #6059, #4134, .T. ) ;
#414 = CARTESIAN_POINT ( 'NONE',  ( -2.299999999999999822, -2.299999999999999822, 0.000000000000000000 ) ) ;
#415 = DIRECTION ( 'NONE',  ( 1.000000000000000000, -8.673617379884032317E-15, 0.000000000000000000 ) ) ;
#416 = ORIENTED_EDGE ( 'NONE', *, *, #4550, .T. ) ;
#417 = CARTESIAN_POINT ( 'NONE',  ( 3.795015528100093238, -4.990031056200153969, -4.049999999999998934 ) ) ;
#418 = AXIS2_PLACEMENT_3D ( 'NONE', #7217, #4457, #2670 ) ;
#419 = CARTESIAN_POINT ( 'NONE',  ( 2.925000000000000266, -2.299999999999999822, 0.000000000000000000 ) ) ;
#420 = CARTESIAN_POINT ( 'NONE',  ( 0.8499999999999999778, 2.600000000000000533, -2.650000000000000355 ) ) ;
#421 = ORIENTED_EDGE ( 'NONE', *, *, #874, .T. ) ;
#422 = DIRECTION ( 'NONE',  ( 0.000000000000000000, 1.000000000000000000, 0.000000000000000000 ) ) ;
#423 = CARTESIAN_POINT ( 'NONE',  ( -2.899999999999999467, 1.500000000000000000, -3.100000000000000977 ) ) ;
#424 = ORIENTED_EDGE ( 'NONE', *, *, #2277, .T. ) ;
#425 = CARTESIAN_POINT ( 'NONE',  ( 3.199999999999999289, 3.000000000000002665, 0.3999999999999989675 ) ) ;
#426 = CARTESIAN_POINT ( 'NONE',  ( 0.000000000000000000, -3.000000000000000000, -2.850000000000000089 ) ) ;
#427 = ORIENTED_EDGE ( 'NONE', *, *, #6972, .F. ) ;
#428 = DIRECTION ( 'NONE',  ( -0.000000000000000000, -0.000000000000000000, -1.000000000000000000 ) ) ;
#429 = DIRECTION ( 'NONE',  ( 0.000000000000000000, -8.673617379884035472E-16, -1.000000000000000000 ) ) ;
#430 = ORIENTED_EDGE ( 'NONE', *, *, #2459, .F. ) ;
#431 = VECTOR ( 'NONE', #3076, 1000.000000000000000 ) ;
#432 = CARTESIAN_POINT ( 'NONE',  ( -1.450000000000000178, 0.000000000000000000, -3.100000000000000977 ) ) ;
#433 = CARTESIAN_POINT ( 'NONE',  ( 2.899999999999999911, -2.499999999999999556, -3.100000000000000977 ) ) ;
#434 = VERTEX_POINT ( 'NONE', #3289 ) ;
#435 = AXIS2_PLACEMENT_3D ( 'NONE', #6206, #6338, #3419 ) ;
#436 = CARTESIAN_POINT ( 'NONE',  ( -2.299999999999999822, 2.299999999999999822, 0.000000000000000000 ) ) ;
#437 = LINE ( 'NONE', #3178, #871 ) ;
#438 = EDGE_LOOP ( 'NONE', ( #3476, #6014, #3181, #2254, #4460 ) ) ;
#439 = LINE ( 'NONE', #4843, #4527 ) ;
#440 = ORIENTED_EDGE ( 'NONE', *, *, #2480, .T. ) ;
#441 = EDGE_LOOP ( 'NONE', ( #3102, #2674, #6443, #5402 ) ) ;
#442 = EDGE_CURVE ( 'NONE', #6410, #2662, #1005, .T. ) ;
#443 = VECTOR ( 'NONE', #5277, 1000.000000000000000 ) ;
#444 = CARTESIAN_POINT ( 'NONE',  ( -3.700000000000018385, -0.08333333333333377280, -5.371878022344837689 ) ) ;
#445 = EDGE_CURVE ( 'NONE', #6908, #1988, #2178, .T. ) ;
#446 = CARTESIAN_POINT ( 'NONE',  ( 3.625786212530448083, -1.469475477398181296, -4.601379507412809211 ) ) ;
#447 = EDGE_LOOP ( 'NONE', ( #1403, #3182, #481, #5348, #6684, #3856, #6202, #7066, #7082, #4831, #3381, #6467 ) ) ;
#448 = VECTOR ( 'NONE', #5733, 1000.000000000000000 ) ;
#449 = ORIENTED_EDGE ( 'NONE', *, *, #4989, .F. ) ;
#450 = ORIENTED_EDGE ( 'NONE', *, *, #2198, .T. ) ;
#451 = DIRECTION ( 'NONE',  ( 0.000000000000000000, 0.000000000000000000, 1.000000000000000000 ) ) ;
#452 = CARTESIAN_POINT ( 'NONE',  ( -4.600000000000014744, -4.587538820250191662, -4.049999999999998934 ) ) ;
#453 = CARTESIAN_POINT ( 'NONE',  ( -1.450000000000000178, 2.500000000000003997, -3.158578643762690152 ) ) ;
#454 = EDGE_CURVE ( 'NONE', #2364, #1387, #2690, .T. ) ;
#455 = VECTOR ( 'NONE', #3286, 1000.000000000000000 ) ;
#456 = DIRECTION ( 'NONE',  ( 0.000000000000000000, 0.000000000000000000, -1.000000000000000000 ) ) ;
#457 = CARTESIAN_POINT ( 'NONE',  ( -3.700000000000009948, -2.000000000000000444, -2.849999999999997424 ) ) ;
#458 = DIRECTION ( 'NONE',  ( -0.000000000000000000, -0.000000000000000000, -1.000000000000000000 ) ) ;
#459 = CARTESIAN_POINT ( 'NONE',  ( -3.278597828075715537, -1.797246988481830732, -2.850000000000001865 ) ) ;
#460 = DIRECTION ( 'NONE',  ( -0.000000000000000000, -0.000000000000000000, -1.000000000000000000 ) ) ;
#461 = VERTEX_POINT ( 'NONE', #7123 ) ;
#462 = DIRECTION ( 'NONE',  ( 1.000000000000000000, 0.000000000000000000, -3.491481338843133355E-15 ) ) ;
#463 = LINE ( 'NONE', #3722, #1828 ) ;
#464 = EDGE_LOOP ( 'NONE', ( #1427, #4889, #818, #3826 ) ) ;
#465 = CARTESIAN_POINT ( 'NONE',  ( 1.450000000000000178, 0.000000000000000000, -2.850000000000000089 ) ) ;
#466 = LINE ( 'NONE', #426, #5234 ) ;
#467 = EDGE_LOOP ( 'NONE', ( #6142, #6160 ) ) ;
#468 = CARTESIAN_POINT ( 'NONE',  ( 3.300000000000011369, -1.999999999999999556, -2.849999999999998757 ) ) ;
#469 = CARTESIAN_POINT ( 'NONE',  ( 2.925000000000001155, -2.299999999999998490, 0.000000000000000000 ) ) ;
#470 = ORIENTED_EDGE ( 'NONE', *, *, #5171, .F. ) ;
#471 = SURFACE_SIDE_STYLE ('',( #1019 ) ) ;
#472 = CARTESIAN_POINT ( 'NONE',  ( 2.900000000000000355, -1.599999999999999201, -3.100000000000000977 ) ) ;
#473 = ORIENTED_EDGE ( 'NONE', *, *, #396, .F. ) ;
#474 = LINE ( 'NONE', #2705, #2037 ) ;
#475 = ORIENTED_EDGE ( 'NONE', *, *, #2211, .T. ) ;
#476 = LINE ( 'NONE', #5396, #5217 ) ;
#477 = EDGE_LOOP ( 'NONE', ( #6628, #4412, #6531, #5701, #4602, #3684 ) ) ;
#478 = ORIENTED_EDGE ( 'NONE', *, *, #3354, .F. ) ;
#479 = CARTESIAN_POINT ( 'NONE',  ( -3.685126432894557880, -0.3643819086742255409, -5.021553215763712608 ) ) ;
#480 = CARTESIAN_POINT ( 'NONE',  ( 3.700000000000020606, -1.472222222222221877, -5.371878022344831471 ) ) ;
#481 = ORIENTED_EDGE ( 'NONE', *, *, #6381, .F. ) ;
#482 = EDGE_CURVE ( 'NONE', #6422, #5805, #1670, .T. ) ;
#483 = ORIENTED_EDGE ( 'NONE', *, *, #2619, .F. ) ;
#484 = ADVANCED_FACE ( 'NONE', ( #2129 ), #926, .T. ) ;
#485 = EDGE_LOOP ( 'NONE', ( #5309, #2369, #4080, #2117 ) ) ;
#486 = CARTESIAN_POINT ( 'NONE',  ( 3.700000000000012612, -3.499999999999998224, -3.049999999999999378 ) ) ;
#487 = CARTESIAN_POINT ( 'NONE',  ( 3.300000000000015810, -7.499999999999997335, -4.049999999999998934 ) ) ;
#488 = CARTESIAN_POINT ( 'NONE',  ( -1.626854399108186300, -1.963427199554093061, 0.9000000000000002442 ) ) ;
#489 = ADVANCED_FACE ( 'NONE', ( #3671 ), #887, .F. ) ;
#490 = DIRECTION ( 'NONE',  ( 0.000000000000000000, -1.000000000000000000, 0.000000000000000000 ) ) ;
#491 = CARTESIAN_POINT ( 'NONE',  ( -2.075000000000000178, -8.000000000000000000, -1.900000000000000133 ) ) ;
#492 = LINE ( 'NONE', #333, #767 ) ;
#493 = EDGE_CURVE ( 'NONE', #155, #4699, #4437, .T. ) ;
#494 = CARTESIAN_POINT ( 'NONE',  ( 1.450000000000000178, 0.000000000000000000, -2.850000000000000089 ) ) ;
#495 = DIRECTION ( 'NONE',  ( 6.071532165918819308E-15, -1.000000000000000000, 0.000000000000000000 ) ) ;
#496 = EDGE_LOOP ( 'NONE', ( #4018, #1393, #3237, #1484 ) ) ;
#497 = PLANE ( 'NONE',  #3453 ) ;
#498 = CARTESIAN_POINT ( 'NONE',  ( 2.299999999999999822, -2.925000000000001155, 0.6500000000000001332 ) ) ;
#499 = DIRECTION ( 'NONE',  ( 0.000000000000000000, 0.000000000000000000, -1.000000000000000000 ) ) ;
#500 = LINE ( 'NONE', #5469, #3693 ) ;
#501 = EDGE_CURVE ( 'NONE', #4210, #1027, #3545, .T. ) ;
#502 = EDGE_LOOP ( 'NONE', ( #6301, #7064, #6901, #560 ) ) ;
#503 = FACE_OUTER_BOUND ( 'NONE', #2787, .T. ) ;
#504 = PLANE ( 'NONE',  #1684 ) ;
#505 = CARTESIAN_POINT ( 'NONE',  ( 0.8499999999999999778, -1.683333333333333570, -2.799999999999999378 ) ) ;
#506 = DIRECTION ( 'NONE',  ( -2.602085213965208275E-15, -1.734723475976805517E-15, -1.000000000000000000 ) ) ;
#507 = VECTOR ( 'NONE', #4355, 1000.000000000000000 ) ;
#508 = CARTESIAN_POINT ( 'NONE',  ( 1.350000000000000089, -2.900000000000000355, -3.200000000000000622 ) ) ;
#509 = VERTEX_POINT ( 'NONE', #5151 ) ;
#510 = EDGE_CURVE ( 'NONE', #1450, #4050, #114, .T. ) ;
#511 = CARTESIAN_POINT ( 'NONE',  ( 3.000000000000001332, -2.999999999999998668, 0.000000000000000000 ) ) ;
#512 = CARTESIAN_POINT ( 'NONE',  ( 1.350000000000000089, 2.900000000000000355, -3.100000000000000977 ) ) ;
#513 = AXIS2_PLACEMENT_3D ( 'NONE', #159, #6874, #6352 ) ;
#514 = ORIENTED_EDGE ( 'NONE', *, *, #4324, .F. ) ;
#515 = VECTOR ( 'NONE', #821, 1000.000000000000114 ) ;
#516 = CARTESIAN_POINT ( 'NONE',  ( 1.626854399108186300, -1.963427199554093061, 0.9000000000000002442 ) ) ;
#517 = VERTEX_POINT ( 'NONE', #13 ) ;
#518 = ORIENTED_EDGE ( 'NONE', *, *, #3997, .F. ) ;
#519 = CARTESIAN_POINT ( 'NONE',  ( 3.000000000000000000, 1.788933584601082316E-15, 9.703609443745283617E-15 ) ) ;
#520 = EDGE_CURVE ( 'NONE', #4490, #3780, #6715, .T. ) ;
#521 = CIRCLE ( 'NONE', #4255, 1.584339825534188062 ) ;
#522 = CARTESIAN_POINT ( 'NONE',  ( 3.440346001568110879, -1.127290827049260757, -3.853477868213591950 ) ) ;
#523 = AXIS2_PLACEMENT_3D ( 'NONE', #6046, #6133, #7156 ) ;
#524 = EDGE_LOOP ( 'NONE', ( #3647, #7168, #4379, #5152 ) ) ;
#525 = ORIENTED_EDGE ( 'NONE', *, *, #1632, .F. ) ;
#526 = ORIENTED_EDGE ( 'NONE', *, *, #4937, .F. ) ;
#527 = VECTOR ( 'NONE', #889, 1000.000000000000000 ) ;
#528 = DIRECTION ( 'NONE',  ( -0.000000000000000000, -0.000000000000000000, -1.000000000000000000 ) ) ;
#529 = CIRCLE ( 'NONE', #6294, 0.09999999999999982514 ) ;
#530 = ADVANCED_FACE ( 'NONE', ( #5737 ), #4042, .T. ) ;
#531 = CARTESIAN_POINT ( 'NONE',  ( -3.300000000000010481, -2.000000000000000888, -2.990104334574712919 ) ) ;
#532 = CARTESIAN_POINT ( 'NONE',  ( 0.8499999999999999778, 0.4333333333333333481, -2.650000000000000355 ) ) ;
#533 = DIRECTION ( 'NONE',  ( -3.357142920038715937E-15, 0.2747211278973775705, -0.9615239476408233843 ) ) ;
#534 = LINE ( 'NONE', #3427, #7284 ) ;
#535 = LINE ( 'NONE', #2832, #3584 ) ;
#536 = DIRECTION ( 'NONE',  ( -1.000000000000000000, -8.673617379884051249E-15, 0.000000000000000000 ) ) ;
#537 = EDGE_LOOP ( 'NONE', ( #4108, #3169, #2241, #1719 ) ) ;
#538 = VECTOR ( 'NONE', #6943, 1000.000000000000000 ) ;
#539 = DIRECTION ( 'NONE',  ( 0.3363363969981568724, -0.9417419115948372221, 0.000000000000000000 ) ) ;
#540 = ADVANCED_FACE ( 'NONE', ( #3979 ), #3904, .F. ) ;
#541 = DIRECTION ( 'NONE',  ( 0.000000000000000000, 1.000000000000000000, 0.000000000000000000 ) ) ;
#542 = EDGE_CURVE ( 'NONE', #6350, #32, #5082, .T. ) ;
#543 = CIRCLE ( 'NONE', #4284, 0.09999999999999982514 ) ;
#544 = CARTESIAN_POINT ( 'NONE',  ( 3.470176658158761640, -1.463507788113293406, -2.850000000000000977 ) ) ;
#545 = SURFACE_STYLE_FILL_AREA ( #3967 ) ;
#546 = VERTEX_POINT ( 'NONE', #6266 ) ;
#547 = LINE ( 'NONE', #6780, #2744 ) ;
#548 = CARTESIAN_POINT ( 'NONE',  ( 2.299999999999999822, 2.299999999999999822, 0.9000000000000001332 ) ) ;
#549 = CARTESIAN_POINT ( 'NONE',  ( 2.900000000000000355, -2.399999999999999467, -3.100000000000000977 ) ) ;
#550 = CARTESIAN_POINT ( 'NONE',  ( 3.700000000000014388, -7.286606874731848649, -4.049999999999998934 ) ) ;
#551 = VECTOR ( 'NONE', #5984, 1000.000000000000000 ) ;
#552 = CARTESIAN_POINT ( 'NONE',  ( 3.041440302102033311, -1.261367288006566056, -3.830730342022995671 ) ) ;
#553 = ORIENTED_EDGE ( 'NONE', *, *, #3456, .F. ) ;
#554 = CARTESIAN_POINT ( 'NONE',  ( 3.000000000000000000, -2.399999999999998579, -3.100000000000000977 ) ) ;
#555 = DIRECTION ( 'NONE',  ( 0.000000000000000000, 0.000000000000000000, 1.000000000000000000 ) ) ;
#556 = VECTOR ( 'NONE', #5196, 1000.000000000000000 ) ;
#557 = ORIENTED_EDGE ( 'NONE', *, *, #244, .T. ) ;
#558 = DIRECTION ( 'NONE',  ( 0.9438583563660174480, -0.3303504247281062733, 0.000000000000000000 ) ) ;
#559 = ORIENTED_EDGE ( 'NONE', *, *, #3075, .F. ) ;
#560 = ORIENTED_EDGE ( 'NONE', *, *, #4214, .F. ) ;
#561 = ADVANCED_FACE ( 'NONE', ( #2786 ), #4459, .T. ) ;
#562 = DIRECTION ( 'NONE',  ( -1.000000000000000000, -6.439293542825907934E-15, 5.585196838722983974E-30 ) ) ;
#563 = AXIS2_PLACEMENT_3D ( 'NONE', #4698, #1950, #1879 ) ;
#564 = CARTESIAN_POINT ( 'NONE',  ( 3.700000000000017497, -1.471683892699810814, -5.231171085938932208 ) ) ;
#565 = ORIENTED_EDGE ( 'NONE', *, *, #1248, .F. ) ;
#566 = VERTEX_POINT ( 'NONE', #625 ) ;
#567 = AXIS2_PLACEMENT_3D ( 'NONE', #4511, #541, #3403 ) ;
#568 = CARTESIAN_POINT ( 'NONE',  ( -6.729530725772116725E-15, -2.500000000000007105, -3.100000000000000977 ) ) ;
#569 = CARTESIAN_POINT ( 'NONE',  ( -3.121833710861379174, -0.4958465349151196522, -2.990104334574713807 ) ) ;
#570 = CARTESIAN_POINT ( 'NONE',  ( 0.000000000000000000, 1.683333333333333348, -2.750000000000000000 ) ) ;
#571 = AXIS2_PLACEMENT_3D ( 'NONE', #3699, #6510, #5361 ) ;
#572 = DIRECTION ( 'NONE',  ( 0.000000000000000000, 0.000000000000000000, 1.000000000000000000 ) ) ;
#573 = CARTESIAN_POINT ( 'NONE',  ( -1.800000000000000266, 0.000000000000000000, 0.4000000000000000222 ) ) ;
#574 = FACE_OUTER_BOUND ( 'NONE', #5556, .T. ) ;
#575 = DIRECTION ( 'NONE',  ( -0.000000000000000000, -0.000000000000000000, -1.000000000000000000 ) ) ;
#576 = VECTOR ( 'NONE', #4473, 1000.000000000000114 ) ;
#577 = PLANE ( 'NONE',  #7106 ) ;
#578 = DIRECTION ( 'NONE',  ( 0.000000000000000000, 1.000000000000000000, 0.000000000000000000 ) ) ;
#579 = CARTESIAN_POINT ( 'NONE',  ( -5.234079453378311957E-15, 2.500000000000006217, -2.850000000000000089 ) ) ;
#580 = EDGE_CURVE ( 'NONE', #2023, #3394, #2267, .T. ) ;
#581 = DIRECTION ( 'NONE',  ( 1.000000000000000000, 0.000000000000000000, 0.000000000000000000 ) ) ;
#582 = ORIENTED_EDGE ( 'NONE', *, *, #454, .T. ) ;
#583 = DIRECTION ( 'NONE',  ( -0.000000000000000000, -0.000000000000000000, -1.000000000000000000 ) ) ;
#584 = FACE_OUTER_BOUND ( 'NONE', #2206, .T. ) ;
#585 = CARTESIAN_POINT ( 'NONE',  ( 2.299999999999999822, 2.299999999999999822, 0.9000000000000001332 ) ) ;
#586 = EDGE_CURVE ( 'NONE', #6358, #6270, #6789, .T. ) ;
#587 = CARTESIAN_POINT ( 'NONE',  ( 3.300000000000015810, -7.499999999999998224, -4.549999999999998934 ) ) ;
#588 = CARTESIAN_POINT ( 'NONE',  ( 3.300000000000012701, -1.999999999999999556, -3.363715893440616611 ) ) ;
#589 = ORIENTED_EDGE ( 'NONE', *, *, #1536, .F. ) ;
#590 = CARTESIAN_POINT ( 'NONE',  ( -5.024716275243179794E-15, 2.400000000000006128, -3.100000000000000977 ) ) ;
#591 = DIRECTION ( 'NONE',  ( -0.000000000000000000, -0.000000000000000000, -1.000000000000000000 ) ) ;
#592 = EDGE_LOOP ( 'NONE', ( #6853, #958, #514, #1523 ) ) ;
#593 = CARTESIAN_POINT ( 'NONE',  ( -1.674999999999999822, -2.299999999999999822, 0.4000000000000000222 ) ) ;
#594 = EDGE_LOOP ( 'NONE', ( #2544, #1141, #2096, #7069 ) ) ;
#595 = ORIENTED_EDGE ( 'NONE', *, *, #1036, .F. ) ;
#596 = EDGE_CURVE ( 'NONE', #1380, #6166, #3448, .T. ) ;
#597 = EDGE_CURVE ( 'NONE', #2079, #6412, #2891, .T. ) ;
#598 = CARTESIAN_POINT ( 'NONE',  ( 3.300000000000022471, -3.999999999999998224, -6.049999999999998046 ) ) ;
#599 = CARTESIAN_POINT ( 'NONE',  ( 3.700000000000018829, -0.3611111111111102168, -5.371878022344833248 ) ) ;
#600 = EDGE_LOOP ( 'NONE', ( #6087, #1728, #6759, #6596 ) ) ;
#601 = EDGE_LOOP ( 'NONE', ( #1062, #7071, #781, #2493 ) ) ;
#602 = ADVANCED_FACE ( 'NONE', ( #6750 ), #1175, .T. ) ;
#603 = CARTESIAN_POINT ( 'NONE',  ( -2.828233073500719286, -1.000000000000000444, -2.850000000000000977 ) ) ;
#604 = CARTESIAN_POINT ( 'NONE',  ( -3.700000000000018385, -2.000000000000000444, -4.601304182183908686 ) ) ;
#605 = CARTESIAN_POINT ( 'NONE',  ( 1.674999999999999822, 2.299999999999999822, 0.000000000000000000 ) ) ;
#606 = LINE ( 'NONE', #5061, #1263 ) ;
#607 = CARTESIAN_POINT ( 'NONE',  ( 1.149999999999999911, -2.900000000000000355, -3.100000000000000977 ) ) ;
#608 = DIRECTION ( 'NONE',  ( 0.000000000000000000, 0.000000000000000000, -1.000000000000000000 ) ) ;
#609 = DIRECTION ( 'NONE',  ( 0.000000000000000000, -1.000000000000000000, 0.000000000000000000 ) ) ;
#610 = DIRECTION ( 'NONE',  ( 0.000000000000000000, -1.000000000000000000, 0.000000000000000000 ) ) ;
#611 = ADVANCED_FACE ( 'NONE', ( #1720 ), #1642, .T. ) ;
#612 = CARTESIAN_POINT ( 'NONE',  ( -3.300000000000016254, -4.000000000000000000, -4.748279434898257101 ) ) ;
#613 = SURFACE_STYLE_USAGE ( .BOTH. , #5655 ) ;
#614 = CARTESIAN_POINT ( 'NONE',  ( -4.104580082274608799, -5.609160164549191308, -4.049999999999998934 ) ) ;
#615 = DIRECTION ( 'NONE',  ( 3.491481338843133355E-15, 1.577279855319300948E-30, -1.000000000000000000 ) ) ;
#616 = DIRECTION ( 'NONE',  ( -1.000000000000000000, 0.000000000000000000, 0.000000000000000000 ) ) ;
#617 = ADVANCED_FACE ( 'NONE', ( #664 ), #1751, .T. ) ;
#618 = CARTESIAN_POINT ( 'NONE',  ( 3.278597828075717757, -1.797246988481828955, -2.849999999999999201 ) ) ;
#619 = EDGE_CURVE ( 'NONE', #6521, #2985, #4390, .T. ) ;
#620 = ORIENTED_EDGE ( 'NONE', *, *, #860, .T. ) ;
#621 = EDGE_CURVE ( 'NONE', #1027, #6366, #43, .T. ) ;
#622 = DIRECTION ( 'NONE',  ( 0.000000000000000000, 0.000000000000000000, -1.000000000000000000 ) ) ;
#623 = LINE ( 'NONE', #4624, #6659 ) ;
#624 = ORIENTED_EDGE ( 'NONE', *, *, #2965, .T. ) ;
#625 = CARTESIAN_POINT ( 'NONE',  ( -1.899999999999999689, 3.100000000000000089, -1.900000000000000133 ) ) ;
#626 = EDGE_LOOP ( 'NONE', ( #5910, #325, #1149, #5490 ) ) ;
#627 = ORIENTED_EDGE ( 'NONE', *, *, #2854, .T. ) ;
#628 = CARTESIAN_POINT ( 'NONE',  ( -6.729530725772105090E-16, -1.500000000000000444, -2.850000000000000089 ) ) ;
#629 = EDGE_CURVE ( 'NONE', #1849, #39, #4532, .T. ) ;
#630 = EDGE_LOOP ( 'NONE', ( #2785, #2927, #5527, #7109, #2266, #3714, #4273, #5241, #3422, #722, #6454, #3088, #4487, #6591, #87, #3978, #115, #4313 ) ) ;
#631 = EDGE_CURVE ( 'NONE', #202, #6856, #5218, .T. ) ;
#632 = EDGE_CURVE ( 'NONE', #5803, #6125, #6993, .T. ) ;
#633 = VECTOR ( 'NONE', #1080, 1000.000000000000000 ) ;
#634 = EDGE_CURVE ( 'NONE', #6963, #2477, #3329, .T. ) ;
#635 = VECTOR ( 'NONE', #5008, 1000.000000000000000 ) ;
#636 = FACE_OUTER_BOUND ( 'NONE', #1481, .T. ) ;
#637 = ORIENTED_EDGE ( 'NONE', *, *, #6126, .F. ) ;
#638 = DIRECTION ( 'NONE',  ( 0.000000000000000000, -1.000000000000000000, 0.000000000000000000 ) ) ;
#639 = CIRCLE ( 'NONE', #1682, 0.09999999999999982514 ) ;
#640 = AXIS2_PLACEMENT_3D ( 'NONE', #755, #3579, #4696 ) ;
#641 = CARTESIAN_POINT ( 'NONE',  ( -3.700000000000018385, -1.958333333333334147, -5.371878022344832360 ) ) ;
#642 = CIRCLE ( 'NONE', #7231, 0.4000000000000001887 ) ;
#643 = SPHERICAL_SURFACE ( 'NONE', #1444, 0.1000000000000000056 ) ;
#644 = LINE ( 'NONE', #491, #576 ) ;
#645 = DIRECTION ( 'NONE',  ( -1.000000000000000000, 0.000000000000000000, 0.000000000000000000 ) ) ;
#646 = DIRECTION ( 'NONE',  ( -1.000000000000000000, 0.000000000000000000, 0.000000000000000000 ) ) ;
#647 = CARTESIAN_POINT ( 'NONE',  ( -3.751540677934134482, -5.866400601998986275, -4.049999999999998934 ) ) ;
#648 = ADVANCED_FACE ( 'NONE', ( #6432 ), #6459, .T. ) ;
#649 = AXIS2_PLACEMENT_3D ( 'NONE', #1543, #2695, #2097 ) ;
#650 = CIRCLE ( 'NONE', #3344, 0.09999999999999982514 ) ;
#651 = FACE_BOUND ( 'NONE', #4326, .T. ) ;
#652 = DIRECTION ( 'NONE',  ( 0.000000000000000000, 1.000000000000000000, 0.000000000000000000 ) ) ;
#653 = CIRCLE ( 'NONE', #5924, 0.6250000000000001110 ) ;
#654 = DIRECTION ( 'NONE',  ( 5.330660681387049794E-15, 1.000000000000000000, 0.000000000000000000 ) ) ;
#655 = CARTESIAN_POINT ( 'NONE',  ( 0.8499999999999999778, 2.600000000000000533, -2.650000000000000355 ) ) ;
#656 = DIRECTION ( 'NONE',  ( -6.071532165918819308E-15, -1.000000000000000000, 0.000000000000000000 ) ) ;
#657 = CARTESIAN_POINT ( 'NONE',  ( 3.291664351028913416, -0.2043046260301497052, -4.391147680321848767 ) ) ;
#658 = VECTOR ( 'NONE', #4242, 1000.000000000000000 ) ;
#659 = ORIENTED_EDGE ( 'NONE', *, *, #3999, .T. ) ;
#660 = EDGE_CURVE ( 'NONE', #4827, #1368, #1367, .T. ) ;
#661 = FACE_OUTER_BOUND ( 'NONE', #4465, .T. ) ;
#662 = CARTESIAN_POINT ( 'NONE',  ( 1.899999999999999689, -7.500000000000000000, -1.900000000000000133 ) ) ;
#663 = ORIENTED_EDGE ( 'NONE', *, *, #2906, .T. ) ;
#664 = FACE_OUTER_BOUND ( 'NONE', #3160, .T. ) ;
#665 = ORIENTED_EDGE ( 'NONE', *, *, #1399, .T. ) ;
#666 = DIRECTION ( 'NONE',  ( 1.000000000000000000, 0.000000000000000000, 0.000000000000000000 ) ) ;
#667 = VERTEX_POINT ( 'NONE', #2956 ) ;
#668 = VECTOR ( 'NONE', #1836, 1000.000000000000000 ) ;
#669 = DIRECTION ( 'NONE',  ( -1.000000000000000000, 0.000000000000000000, 0.000000000000000000 ) ) ;
#670 = ADVANCED_FACE ( 'NONE', ( #4104, #3637, #178, #239, #2435, #3027 ), #2402, .F. ) ;
#671 = ORIENTED_EDGE ( 'NONE', *, *, #4102, .T. ) ;
#672 = CARTESIAN_POINT ( 'NONE',  ( -3.300000000000013589, -2.000000000000000888, -3.830730342022995227 ) ) ;
#673 = EDGE_CURVE ( 'NONE', #1450, #4600, #276, .T. ) ;
#674 = VECTOR ( 'NONE', #7075, 1000.000000000000000 ) ;
#675 = DIRECTION ( 'NONE',  ( 0.000000000000000000, -1.000000000000000000, 0.000000000000000000 ) ) ;
#676 = AXIS2_PLACEMENT_3D ( 'NONE', #4463, #562, #4420 ) ;
#677 = CARTESIAN_POINT ( 'NONE',  ( -2.299999999999999822, -2.299999999999999822, 0.9000000000000001332 ) ) ;
#678 = DIRECTION ( 'NONE',  ( 1.000000000000000000, 0.000000000000000000, 0.000000000000000000 ) ) ;
#679 = SPHERICAL_SURFACE ( 'NONE', #1927, 0.1000000000000000056 ) ;
#680 = LINE ( 'NONE', #1254, #4512 ) ;
#681 = DIRECTION ( 'NONE',  ( -3.491481338843133750E-15, 0.000000000000000000, -1.000000000000000000 ) ) ;
#682 = EDGE_CURVE ( 'NONE', #2543, #2636, #5251, .T. ) ;
#683 = AXIS2_PLACEMENT_3D ( 'NONE', #2876, #6187, #3889 ) ;
#684 = CARTESIAN_POINT ( 'NONE',  ( -1.674999999999999822, -2.299999999999999822, 0.4000000000000000222 ) ) ;
#685 = CARTESIAN_POINT ( 'NONE',  ( -4.128237442572069149, -6.000935160798248624, -4.049999999999998934 ) ) ;
#686 = DIRECTION ( 'NONE',  ( 0.000000000000000000, -1.000000000000000000, 0.000000000000000000 ) ) ;
#687 = VECTOR ( 'NONE', #904, 999.9999999999998863 ) ;
#688 = LINE ( 'NONE', #165, #2863 ) ;
#689 = CYLINDRICAL_SURFACE ( 'NONE', #6758, 0.09999999999999982514 ) ;
#690 = CARTESIAN_POINT ( 'NONE',  ( 1.050000000000000044, -2.900000000000000355, -2.850000000000000089 ) ) ;
#691 = CARTESIAN_POINT ( 'NONE',  ( 3.300000000000013589, -0.09418335084988772865, -3.830730342022995227 ) ) ;
#692 = ORIENTED_EDGE ( 'NONE', *, *, #5745, .F. ) ;
#693 = PLANE ( 'NONE',  #5969 ) ;
#694 = DIRECTION ( 'NONE',  ( 2.691812290308838880E-15, -1.000000000000000000, 0.000000000000000000 ) ) ;
#695 = ORIENTED_EDGE ( 'NONE', *, *, #2085, .F. ) ;
#696 = DIRECTION ( 'NONE',  ( 6.439293542825907934E-15, -1.000000000000000000, 0.000000000000000000 ) ) ;
#697 = VERTEX_POINT ( 'NONE', #1298 ) ;
#698 = DIRECTION ( 'NONE',  ( -5.987542637623614683E-15, -1.000000000000000000, 0.000000000000000000 ) ) ;
#699 = VERTEX_POINT ( 'NONE', #2926 ) ;
#700 = CARTESIAN_POINT ( 'NONE',  ( 8.972707634362802184E-16, -1.500000000000001110, -2.850000000000000089 ) ) ;
#701 = ORIENTED_EDGE ( 'NONE', *, *, #2710, .F. ) ;
#702 = CARTESIAN_POINT ( 'NONE',  ( -3.300000000000018474, -1.000000000000000444, -5.371878022344844794 ) ) ;
#703 = DIRECTION ( 'NONE',  ( -1.000000000000000000, 0.000000000000000000, 0.000000000000000000 ) ) ;
#704 = EDGE_CURVE ( 'NONE', #5386, #790, #4073, .T. ) ;
#705 = EDGE_CURVE ( 'NONE', #2701, #271, #6040, .T. ) ;
#706 = PLANE ( 'NONE',  #999 ) ;
#707 = ORIENTED_EDGE ( 'NONE', *, *, #632, .T. ) ;
#708 = CARTESIAN_POINT ( 'NONE',  ( 2.299999999999998934, 2.300000000000000266, 0.9000000000000002442 ) ) ;
#709 = FACE_OUTER_BOUND ( 'NONE', #6311, .T. ) ;
#710 = DIRECTION ( 'NONE',  ( 0.000000000000000000, 0.000000000000000000, -1.000000000000000000 ) ) ;
#711 = EDGE_CURVE ( 'NONE', #7151, #846, #4513, .T. ) ;
#712 = DIRECTION ( 'NONE',  ( -0.000000000000000000, -0.000000000000000000, -1.000000000000000000 ) ) ;
#713 = LINE ( 'NONE', #5203, #6314 ) ;
#714 = CARTESIAN_POINT ( 'NONE',  ( 9.570888143320321804E-16, -1.600000000000001199, -3.200000000000000622 ) ) ;
#715 = DIRECTION ( 'NONE',  ( -0.3363363969981563173, -0.9417419115948373332, 0.000000000000000000 ) ) ;
#716 = DIRECTION ( 'NONE',  ( 1.000000000000000000, -5.987542637623614683E-15, 5.585196838722983974E-30 ) ) ;
#717 = LINE ( 'NONE', #817, #99 ) ;
#718 = VERTEX_POINT ( 'NONE', #1335 ) ;
#719 = CARTESIAN_POINT ( 'NONE',  ( 1.450000000000000178, -1.499999999999999778, -3.100000000000000977 ) ) ;
#720 = ORIENTED_EDGE ( 'NONE', *, *, #6842, .T. ) ;
#721 = CARTESIAN_POINT ( 'NONE',  ( 3.700000000000004174, -3.999999999999998224, -0.5999999999999976463 ) ) ;
#722 = ORIENTED_EDGE ( 'NONE', *, *, #5208, .T. ) ;
#723 = B_SPLINE_SURFACE_WITH_KNOTS ( 'NONE', 3, 3, ( 
 ( #2760, #6134, #2208, #4384, #1074, #603, #5608, #5565, #5675, #5128, #3423 ),
 ( #531, #4469, #6725, #1653, #3914, #6172, #1111, #569, #2797, #5057, #2443 ),
 ( #2312, #729, #4673, #5260, #1211, #2933, #148, #3003, #1276, #1855, #5191 ),
 ( #672, #220, #6902, #3460, #4112, #764, #6938, #186, #5226, #2343, #2411 ),
 ( #799, #6866, #4052, #5160, #2375, #3587, #4640, #1758, #6372, #4703, #4019 ),
 ( #1305, #6274, #121, #6966, #5289, #2964, #1884, #4142, #1343, #1824, #4603 ),
 ( #1244, #3035, #1788, #5845, #5807, #6312, #3552, #6407, #4577, #3490, #6832 ),
 ( #4082, #5710, #3519, #2903, #5746, #702, #6344, #5773, #2020, #1596, #4451 ) ),
 .UNSPECIFIED., .F., .F., .F.,
 ( 4, 1, 1, 1, 1, 4 ),
 ( 4, 1, 1, 1, 1, 1, 1, 1, 4 ),
 ( 0.000000000000000000, 0.1666666666666666574, 0.4444444444444444198, 0.5555555555555555802, 0.8333333333333333703, 1.000000000000000000 ),
 ( 0.000000000000000000, 0.1412750262748332375, 0.1666666666666666574, 0.4444444444444444198, 0.5000000000000000000, 0.5555555555555555802, 0.8333333333333333703, 0.8587249737251667625, 1.000000000000000000 ),
 .UNSPECIFIED. ) ;
#724 = CARTESIAN_POINT ( 'NONE',  ( 1.149999999999999911, 2.900000000000000355, -3.200000000000000622 ) ) ;
#725 = ADVANCED_FACE ( 'NONE', ( #1913 ), #1877, .T. ) ;
#726 = EDGE_LOOP ( 'NONE', ( #6542, #1945, #6003, #2757, #1100, #4782, #2755, #2750, #2735, #4278, #979, #1466 ) ) ;
#727 = CARTESIAN_POINT ( 'NONE',  ( 3.000000000000000000, -1.599999999999999867, -2.850000000000000089 ) ) ;
#728 = ORIENTED_EDGE ( 'NONE', *, *, #2991, .F. ) ;
#729 = CARTESIAN_POINT ( 'NONE',  ( -3.300000000000011813, -1.905816649150112285, -3.363715893440616611 ) ) ;
#730 = EDGE_CURVE ( 'NONE', #5405, #4568, #158, .T. ) ;
#731 = CARTESIAN_POINT ( 'NONE',  ( -3.581626459467554202, -1.617439089904075589, -2.849999999999998757 ) ) ;
#732 = VERTEX_POINT ( 'NONE', #5898 ) ;
#733 = PLANE ( 'NONE',  #3357 ) ;
#734 = DIRECTION ( 'NONE',  ( -3.491481338843133355E-15, -0.000000000000000000, -1.000000000000000000 ) ) ;
#735 = ORIENTED_EDGE ( 'NONE', *, *, #1844, .F. ) ;
#736 = DIRECTION ( 'NONE',  ( 0.000000000000000000, 0.000000000000000000, 1.000000000000000000 ) ) ;
#737 = CIRCLE ( 'NONE', #4849, 0.09999999999999982514 ) ;
#738 = CARTESIAN_POINT ( 'NONE',  ( 2.299999999999999822, -2.299999999999999822, 0.6500000000000001332 ) ) ;
#739 = AXIS2_PLACEMENT_3D ( 'NONE', #89, #7276, #1573 ) ;
#740 = AXIS2_PLACEMENT_3D ( 'NONE', #1959, #772, #5564 ) ;
#741 = DIRECTION ( 'NONE',  ( -1.000000000000000000, 0.000000000000000000, 0.000000000000000000 ) ) ;
#742 = DIRECTION ( 'NONE',  ( 6.071532165918819308E-15, -1.000000000000000000, 0.000000000000000000 ) ) ;
#743 = LINE ( 'NONE', #4161, #2972 ) ;
#744 = DIRECTION ( 'NONE',  ( -0.000000000000000000, -0.000000000000000000, -1.000000000000000000 ) ) ;
#745 = ORIENTED_EDGE ( 'NONE', *, *, #2868, .T. ) ;
#746 = EDGE_CURVE ( 'NONE', #5081, #5383, #5184, .T. ) ;
#747 = CARTESIAN_POINT ( 'NONE',  ( -4.200000000000012612, -7.286606874731853978, -4.049999999999996270 ) ) ;
#748 = AXIS2_PLACEMENT_3D ( 'NONE', #2947, #1838, #2983 ) ;
#749 = EDGE_CURVE ( 'NONE', #3968, #4912, #1208, .T. ) ;
#750 = LINE ( 'NONE', #4690, #7274 ) ;
#751 = ORIENTED_EDGE ( 'NONE', *, *, #3226, .F. ) ;
#752 = DIRECTION ( 'NONE',  ( -1.000000000000000000, 0.000000000000000000, 0.000000000000000000 ) ) ;
#753 = DIRECTION ( 'NONE',  ( 0.000000000000000000, 0.000000000000000000, 1.000000000000000000 ) ) ;
#754 = ORIENTED_EDGE ( 'NONE', *, *, #4920, .F. ) ;
#755 = CARTESIAN_POINT ( 'NONE',  ( 4.200000000000016165, -7.286606874731852201, -4.049999999999997158 ) ) ;
#756 = ORIENTED_EDGE ( 'NONE', *, *, #6476, .F. ) ;
#757 = EDGE_CURVE ( 'NONE', #39, #4230, #1269, .T. ) ;
#758 = VECTOR ( 'NONE', #5613, 1000.000000000000000 ) ;
#759 = CARTESIAN_POINT ( 'NONE',  ( -1.350000000000000089, -2.900000000000000355, -3.100000000000000977 ) ) ;
#760 = ORIENTED_EDGE ( 'NONE', *, *, #2437, .F. ) ;
#761 = CARTESIAN_POINT ( 'NONE',  ( 3.700000000000018829, 1.470622946781628435E-15, -3.433768060727970362 ) ) ;
#762 = AXIS2_PLACEMENT_3D ( 'NONE', #1590, #7250, #3212 ) ;
#763 = ORIENTED_EDGE ( 'NONE', *, *, #4156, .F. ) ;
#764 = CARTESIAN_POINT ( 'NONE',  ( -3.011975336173138285, -1.000000000000000444, -3.830730342022995671 ) ) ;
#765 = EDGE_CURVE ( 'NONE', #1650, #4114, #1314, .T. ) ;
#766 = CARTESIAN_POINT ( 'NONE',  ( -3.700000000000016609, -1.000007085056162870, -5.228834137532245130 ) ) ;
#767 = VECTOR ( 'NONE', #5458, 1000.000000000000000 ) ;
#768 = ORIENTED_EDGE ( 'NONE', *, *, #2991, .T. ) ;
#769 =( NAMED_UNIT ( * ) SI_UNIT ( $, .STERADIAN. ) SOLID_ANGLE_UNIT ( ) );
#770 = ORIENTED_EDGE ( 'NONE', *, *, #4701, .T. ) ;
#771 = AXIS2_PLACEMENT_3D ( 'NONE', #570, #1042, #3193 ) ;
#772 = DIRECTION ( 'NONE',  ( 0.000000000000000000, 1.000000000000000000, -3.523657060577896116E-15 ) ) ;
#773 = LINE ( 'NONE', #5199, #6763 ) ;
#774 = DIRECTION ( 'NONE',  ( -0.4472135954999579277, -0.8944271909999158554, 0.000000000000000000 ) ) ;
#775 = EDGE_CURVE ( 'NONE', #3555, #3696, #6764, .T. ) ;
#776 = AXIS2_PLACEMENT_3D ( 'NONE', #759, #5352, #2998 ) ;
#777 = CARTESIAN_POINT ( 'NONE',  ( -3.000000000000000000, -3.000000000000000000, -3.200000000000000622 ) ) ;
#778 = DIRECTION ( 'NONE',  ( -1.000000000000000000, 0.000000000000000000, 0.000000000000000000 ) ) ;
#779 = DIRECTION ( 'NONE',  ( -0.000000000000000000, -0.000000000000000000, -1.000000000000000000 ) ) ;
#780 = CARTESIAN_POINT ( 'NONE',  ( -0.8499999999999997558, -0.4333333333333333481, -2.650000000000000355 ) ) ;
#781 = ORIENTED_EDGE ( 'NONE', *, *, #1700, .T. ) ;
#782 = CIRCLE ( 'NONE', #7148, 0.5000000000000017764 ) ;
#783 = CARTESIAN_POINT ( 'NONE',  ( 3.300000000000015810, -7.499999999999998224, -4.549999999999998934 ) ) ;
#784 = CARTESIAN_POINT ( 'NONE',  ( -4.104580082274608799, -5.609160164549191308, -4.049999999999998934 ) ) ;
#785 = EDGE_LOOP ( 'NONE', ( #6714, #3356, #4655, #3586 ) ) ;
#786 = ADVANCED_FACE ( 'NONE', ( #1594 ), #2141, .T. ) ;
#787 = CIRCLE ( 'NONE', #4913, 0.09999999999999939493 ) ;
#788 = DIRECTION ( 'NONE',  ( -1.000000000000000000, 8.972707634362798240E-16, 0.000000000000000000 ) ) ;
#789 = EDGE_CURVE ( 'NONE', #3333, #4118, #1547, .T. ) ;
#790 = VERTEX_POINT ( 'NONE', #4957 ) ;
#791 = DIRECTION ( 'NONE',  ( 3.878959614448867451E-16, -7.757919228897726028E-16, -1.000000000000000000 ) ) ;
#792 = ORIENTED_EDGE ( 'NONE', *, *, #7243, .F. ) ;
#793 = VECTOR ( 'NONE', #2317, 1000.000000000000000 ) ;
#794 = DIRECTION ( 'NONE',  ( 1.000000000000000000, 6.672013369141565217E-16, 0.000000000000000000 ) ) ;
#795 = VERTEX_POINT ( 'NONE', #2661 ) ;
#796 = CARTESIAN_POINT ( 'NONE',  ( -2.299999999999999822, -2.299999999999999822, 0.9000000000000001332 ) ) ;
#797 = EDGE_CURVE ( 'NONE', #5087, #865, #1097, .T. ) ;
#798 = VERTEX_POINT ( 'NONE', #972 ) ;
#799 = CARTESIAN_POINT ( 'NONE',  ( -3.300000000000015810, -2.000000000000000888, -4.391147680321848767 ) ) ;
#800 = CARTESIAN_POINT ( 'NONE',  ( -3.599889607320198248, -0.5313064260295586871, -4.274347567060299724 ) ) ;
#801 = FACE_OUTER_BOUND ( 'NONE', #6965, .T. ) ;
#802 = EDGE_LOOP ( 'NONE', ( #2714, #3123, #5397, #2015 ) ) ;
#803 = FACE_OUTER_BOUND ( 'NONE', #7040, .T. ) ;
#804 = ORIENTED_EDGE ( 'NONE', *, *, #3573, .F. ) ;
#805 = LINE ( 'NONE', #2483, #1105 ) ;
#806 = DIRECTION ( 'NONE',  ( -0.000000000000000000, -0.000000000000000000, -1.000000000000000000 ) ) ;
#807 = DIRECTION ( 'NONE',  ( -1.393553005160055722E-15, 0.9615239476408233843, 0.2747211278973775705 ) ) ;
#808 = EDGE_CURVE ( 'NONE', #2440, #4490, #2536, .T. ) ;
#809 = CARTESIAN_POINT ( 'NONE',  ( -2.900000000000000355, 1.600000000000000089, -2.850000000000000089 ) ) ;
#810 = CARTESIAN_POINT ( 'NONE',  ( -3.470176658158760752, -1.463507788113294961, -2.850000000000000977 ) ) ;
#811 = DIRECTION ( 'NONE',  ( 0.000000000000000000, 0.000000000000000000, 1.000000000000000000 ) ) ;
#812 = DIRECTION ( 'NONE',  ( 1.000000000000000000, 0.000000000000000000, 0.000000000000000000 ) ) ;
#813 = ORIENTED_EDGE ( 'NONE', *, *, #4510, .T. ) ;
#814 = LINE ( 'NONE', #4226, #1556 ) ;
#815 =( BOUNDED_CURVE ( )  B_SPLINE_CURVE ( 3, ( #3220, #5475, #2104, #4367 ),
 .UNSPECIFIED., .F., .T. ) 
 B_SPLINE_CURVE_WITH_KNOTS ( ( 4, 4 ),
 ( 4.712388980384689674, 6.283185307179586232 ),
 .UNSPECIFIED. ) 
 CURVE ( )  GEOMETRIC_REPRESENTATION_ITEM ( )  RATIONAL_B_SPLINE_CURVE ( ( 1.000000000000000000, 0.8047378541243649375, 0.8047378541243649375, 1.000000000000000000 ) ) 
 REPRESENTATION_ITEM ( '' )  );
#816 = ADVANCED_FACE ( 'NONE', ( #4923 ), #936, .F. ) ;
#817 = CARTESIAN_POINT ( 'NONE',  ( 1.450000000000000178, 0.000000000000000000, -2.850000000000000089 ) ) ;
#818 = ORIENTED_EDGE ( 'NONE', *, *, #1768, .F. ) ;
#819 = PLANE ( 'NONE',  #6075 ) ;
#820 = ORIENTED_EDGE ( 'NONE', *, *, #5114, .F. ) ;
#821 = DIRECTION ( 'NONE',  ( 0.3363363969981568724, -0.9417419115948372221, 0.000000000000000000 ) ) ;
#822 = ORIENTED_EDGE ( 'NONE', *, *, #2344, .F. ) ;
#823 = FACE_OUTER_BOUND ( 'NONE', #592, .T. ) ;
#824 = EDGE_CURVE ( 'NONE', #866, #3777, #4280, .T. ) ;
#825 = ORIENTED_EDGE ( 'NONE', *, *, #4271, .F. ) ;
#826 = CARTESIAN_POINT ( 'NONE',  ( -2.900000000000000355, 1.600000000000000089, -3.100000000000000977 ) ) ;
#827 = VERTEX_POINT ( 'NONE', #3171 ) ;
#828 = EDGE_CURVE ( 'NONE', #6125, #6970, #6282, .T. ) ;
#829 = CARTESIAN_POINT ( 'NONE',  ( -3.584978171884241505, -1.292888032007503574, -4.601506682002191262 ) ) ;
#830 = EDGE_CURVE ( 'NONE', #2139, #5036, #4364, .T. ) ;
#831 = CARTESIAN_POINT ( 'NONE',  ( 3.693603188895389522, -1.863038787686704278, -3.433768352897363929 ) ) ;
#832 = EDGE_CURVE ( 'NONE', #3138, #4204, #2061, .T. ) ;
#833 = VERTEX_POINT ( 'NONE', #5424 ) ;
#834 = ORIENTED_EDGE ( 'NONE', *, *, #4979, .F. ) ;
#835 = LINE ( 'NONE', #5406, #2009 ) ;
#836 = CARTESIAN_POINT ( 'NONE',  ( 4.128237442572071814, -6.000935160798246848, -4.049999999999998934 ) ) ;
#837 = VECTOR ( 'NONE', #4094, 1000.000000000000000 ) ;
#838 = DIRECTION ( 'NONE',  ( 0.4472135954999583718, -0.8944271909999157444, 0.000000000000000000 ) ) ;
#839 = ADVANCED_FACE ( 'NONE', ( #4328 ), #5943, .F. ) ;
#840 = VECTOR ( 'NONE', #1581, 1000.000000000000000 ) ;
#841 = DIRECTION ( 'NONE',  ( 0.000000000000000000, 0.000000000000000000, -1.000000000000000000 ) ) ;
#842 = AXIS2_PLACEMENT_3D ( 'NONE', #6024, #5472, #7211 ) ;
#843 = PLANE ( 'NONE',  #1236 ) ;
#844 = CARTESIAN_POINT ( 'NONE',  ( 0.000000000000000000, 0.4833333333333333925, -2.750000000000000000 ) ) ;
#845 = CARTESIAN_POINT ( 'NONE',  ( -3.300000000000010481, -2.000000000000000888, -2.849999999999998757 ) ) ;
#846 = VERTEX_POINT ( 'NONE', #6623 ) ;
#847 = ADVANCED_FACE ( 'NONE', ( #7092 ), #3093, .F. ) ;
#848 = PLANE ( 'NONE',  #2014 ) ;
#849 = AXIS2_PLACEMENT_3D ( 'NONE', #2864, #3878, #638 ) ;
#850 = CIRCLE ( 'NONE', #3553, 0.05000000000000012768 ) ;
#851 = DIRECTION ( 'NONE',  ( -3.491481338843133750E-15, -1.577279855319301123E-30, 1.000000000000000000 ) ) ;
#852 = VERTEX_POINT ( 'NONE', #1434 ) ;
#853 = DIRECTION ( 'NONE',  ( 0.000000000000000000, -1.000000000000000000, 0.000000000000000000 ) ) ;
#854 = CIRCLE ( 'NONE', #1430, 0.05000000000000012768 ) ;
#855 = ORIENTED_EDGE ( 'NONE', *, *, #621, .F. ) ;
#856 = DIRECTION ( 'NONE',  ( 0.000000000000000000, 1.000000000000000000, 0.000000000000000000 ) ) ;
#857 = VERTEX_POINT ( 'NONE', #5513 ) ;
#858 = CARTESIAN_POINT ( 'NONE',  ( -1.450000000000000178, 2.500000000000001332, -2.850000000000000089 ) ) ;
#859 = VECTOR ( 'NONE', #2610, 1000.000000000000000 ) ;
#860 = EDGE_CURVE ( 'NONE', #6599, #5346, #737, .T. ) ;
#861 = EDGE_LOOP ( 'NONE', ( #3656, #1942, #7175, #1171 ) ) ;
#862 =( BOUNDED_SURFACE ( )  B_SPLINE_SURFACE ( 2, 3, ( 
 ( #1656, #3918, #1157, #1116 ),
 ( #3364, #2802, #3399, #5649 ),
 ( #5777, #4055, #3560, #3495 ) ),
 .UNSPECIFIED., .F., .F., .T. ) 
 B_SPLINE_SURFACE_WITH_KNOTS ( ( 3, 3 ),
 ( 4, 4 ),
 ( 0.000000000000000000, 1.000000000000000000 ),
 ( 0.000000000000000000, 1.000000000000000000 ),
 .UNSPECIFIED. ) 
 GEOMETRIC_REPRESENTATION_ITEM ( )  RATIONAL_B_SPLINE_SURFACE ( (
 ( 1.000000000000000000, 0.3333333333333332038, 0.3333333333333332038, 1.000000000000000000),
 ( 1.000000000000000000, 0.3333333333333332038, 0.3333333333333332038, 1.000000000000000000),
 ( 1.000000000000000000, 0.3333333333333332038, 0.3333333333333332038, 1.000000000000000000) ) ) 
 REPRESENTATION_ITEM ( '' )  SURFACE ( )  );
#863 = DIRECTION ( 'NONE',  ( -0.000000000000000000, -0.000000000000000000, -1.000000000000000000 ) ) ;
#864 = CARTESIAN_POINT ( 'NONE',  ( 2.243176908590702025E-15, 2.500000000000002665, -3.100000000000000977 ) ) ;
#865 = VERTEX_POINT ( 'NONE', #469 ) ;
#866 = VERTEX_POINT ( 'NONE', #346 ) ;
#867 = VECTOR ( 'NONE', #6315, 1000.000000000000000 ) ;
#868 = CARTESIAN_POINT ( 'NONE',  ( -3.545508591715253566, -1.295177270888957288, -4.274269452903463495 ) ) ;
#869 = FACE_OUTER_BOUND ( 'NONE', #630, .T. ) ;
#870 = ORIENTED_EDGE ( 'NONE', *, *, #3342, .T. ) ;
#871 = VECTOR ( 'NONE', #1515, 1000.000000000000000 ) ;
#872 = ADVANCED_FACE ( 'NONE', ( #2574 ), #2018, .T. ) ;
#873 = VERTEX_POINT ( 'NONE', #6740 ) ;
#874 = EDGE_CURVE ( 'NONE', #2047, #5111, #6319, .T. ) ;
#875 = EDGE_LOOP ( 'NONE', ( #6821, #4691, #5822, #6983 ) ) ;
#876 = DIRECTION ( 'NONE',  ( 0.000000000000000000, 1.000000000000000000, 0.000000000000000000 ) ) ;
#877 = DIRECTION ( 'NONE',  ( 0.000000000000000000, 0.000000000000000000, 1.000000000000000000 ) ) ;
#878 = CIRCLE ( 'NONE', #2765, 0.09999999999999982514 ) ;
#879 = CARTESIAN_POINT ( 'NONE',  ( -3.300000000000012257, -7.500000000000001776, -5.049999999999999822 ) ) ;
#880 = AXIS2_PLACEMENT_3D ( 'NONE', #3884, #1698, #5615 ) ;
#881 = CARTESIAN_POINT ( 'NONE',  ( -3.700000000000014388, -4.000000000000002665, -5.049999999999998934 ) ) ;
#882 = DIRECTION ( 'NONE',  ( 1.000000000000000000, 0.000000000000000000, 0.000000000000000000 ) ) ;
#883 = ORIENTED_EDGE ( 'NONE', *, *, #7235, .F. ) ;
#884 = CARTESIAN_POINT ( 'NONE',  ( -3.200000000000000622, 3.000000000000001776, 0.3999999999999989675 ) ) ;
#885 = ADVANCED_FACE ( 'NONE', ( #2183 ), #504, .T. ) ;
#886 = CARTESIAN_POINT ( 'NONE',  ( 3.300000000000016254, 6.234162491791721493E-16, -4.748279434898257101 ) ) ;
#887 = CYLINDRICAL_SURFACE ( 'NONE', #377, 0.6250000000000001110 ) ;
#888 = ORIENTED_EDGE ( 'NONE', *, *, #1296, .F. ) ;
#889 = DIRECTION ( 'NONE',  ( -0.000000000000000000, -0.000000000000000000, -1.000000000000000000 ) ) ;
#890 = AXIS2_PLACEMENT_3D ( 'NONE', #6313, #2904, #3492 ) ;
#891 = LINE ( 'NONE', #7170, #1938 ) ;
#892 = ORIENTED_EDGE ( 'NONE', *, *, #4282, .F. ) ;
#893 = CARTESIAN_POINT ( 'NONE',  ( -3.657366486774650483, -5.832766962299169577, -4.049999999999998934 ) ) ;
#894 = DIRECTION ( 'NONE',  ( 0.000000000000000000, 0.000000000000000000, -1.000000000000000000 ) ) ;
#895 = VECTOR ( 'NONE', #5990, 1000.000000000000000 ) ;
#896 = ORIENTED_EDGE ( 'NONE', *, *, #5290, .T. ) ;
#897 = CARTESIAN_POINT ( 'NONE',  ( 3.300000000000010036, -0.09418335084988774253, -2.850000000000001865 ) ) ;
#898 = DIRECTION ( 'NONE',  ( 0.000000000000000000, 4.336808689942043768E-15, 1.000000000000000000 ) ) ;
#899 = ORIENTED_EDGE ( 'NONE', *, *, #6972, .T. ) ;
#900 = DIRECTION ( 'NONE',  ( -1.000000000000000000, 0.000000000000000000, 0.000000000000000000 ) ) ;
#901 = AXIS2_PLACEMENT_3D ( 'NONE', #5223, #6243, #5742 ) ;
#902 = VERTEX_POINT ( 'NONE', #4089 ) ;
#903 = ADVANCED_FACE ( 'NONE', ( #584 ), #7253, .T. ) ;
#904 = DIRECTION ( 'NONE',  ( 0.4472135954999583718, -0.8944271909999157444, 0.000000000000000000 ) ) ;
#905 = DIRECTION ( 'NONE',  ( 0.000000000000000000, 0.000000000000000000, -1.000000000000000000 ) ) ;
#906 = VERTEX_POINT ( 'NONE', #6116 ) ;
#907 = DIRECTION ( 'NONE',  ( -3.491481338843133355E-15, 1.826686381626108585E-16, 1.000000000000000000 ) ) ;
#908 = ORIENTED_EDGE ( 'NONE', *, *, #6042, .F. ) ;
#909 = ADVANCED_FACE ( 'NONE', ( #1055 ), #3297, .T. ) ;
#910 = ORIENTED_EDGE ( 'NONE', *, *, #2409, .F. ) ;
#911 = CARTESIAN_POINT ( 'NONE',  ( -3.566091891172920025, -1.467018513674722024, -3.853942002491066443 ) ) ;
#912 = EDGE_CURVE ( 'NONE', #3677, #3911, #2420, .T. ) ;
#913 = CARTESIAN_POINT ( 'NONE',  ( 3.700000000000019718, -1.999999999999999112, -5.371878022344831471 ) ) ;
#914 = ORIENTED_EDGE ( 'NONE', *, *, #830, .F. ) ;
#915 = ORIENTED_EDGE ( 'NONE', *, *, #6931, .T. ) ;
#916 = EDGE_LOOP ( 'NONE', ( #6436, #3231, #745, #1348 ) ) ;
#917 = CARTESIAN_POINT ( 'NONE',  ( 2.600000000000000533, -7.500000000000000000, -1.900000000000000133 ) ) ;
#918 = DIRECTION ( 'NONE',  ( -1.000000000000000000, 0.000000000000000000, 0.000000000000000000 ) ) ;
#919 = DIRECTION ( 'NONE',  ( 0.4472135954999583163, -0.8944271909999156334, 0.000000000000000000 ) ) ;
#920 = ADVANCED_FACE ( 'NONE', ( #157 ), #3497, .F. ) ;
#921 = PLANE ( 'NONE',  #1915 ) ;
#922 = CARTESIAN_POINT ( 'NONE',  ( 3.795015528100092794, -4.990031056200153969, -4.049999999999998934 ) ) ;
#923 = EDGE_LOOP ( 'NONE', ( #5699, #6590, #2583, #1918 ) ) ;
#924 = DIRECTION ( 'NONE',  ( -0.000000000000000000, -0.000000000000000000, -1.000000000000000000 ) ) ;
#925 = LINE ( 'NONE', #3799, #1886 ) ;
#926 = CYLINDRICAL_SURFACE ( 'NONE', #5436, 0.5000000000000004441 ) ;
#927 = ORIENTED_EDGE ( 'NONE', *, *, #5257, .F. ) ;
#928 = LINE ( 'NONE', #3163, #5912 ) ;
#929 = CARTESIAN_POINT ( 'NONE',  ( 3.550000000000001155, -2.925000000000000266, 0.6499999999999999112 ) ) ;
#930 = EDGE_CURVE ( 'NONE', #283, #6924, #4608, .T. ) ;
#931 = ORIENTED_EDGE ( 'NONE', *, *, #6509, .T. ) ;
#932 = LINE ( 'NONE', #3167, #3352 ) ;
#933 = DIRECTION ( 'NONE',  ( 0.000000000000000000, 0.000000000000000000, 1.000000000000000000 ) ) ;
#934 = ORIENTED_EDGE ( 'NONE', *, *, #6887, .F. ) ;
#935 = CARTESIAN_POINT ( 'NONE',  ( 2.300000000000001599, 2.300000000000000266, 0.9000000000000003553 ) ) ;
#936 = PLANE ( 'NONE',  #3926 ) ;
#937 = ORIENTED_EDGE ( 'NONE', *, *, #4228, .T. ) ;
#938 = DIRECTION ( 'NONE',  ( -0.000000000000000000, -0.000000000000000000, -1.000000000000000000 ) ) ;
#939 = LINE ( 'NONE', #3136, #2058 ) ;
#940 = ORIENTED_EDGE ( 'NONE', *, *, #2397, .T. ) ;
#941 = DIRECTION ( 'NONE',  ( 0.000000000000000000, 0.000000000000000000, 1.000000000000000000 ) ) ;
#942 = DIRECTION ( 'NONE',  ( -0.000000000000000000, -0.000000000000000000, -1.000000000000000000 ) ) ;
#943 = VERTEX_POINT ( 'NONE', #1634 ) ;
#944 = FACE_OUTER_BOUND ( 'NONE', #6928, .T. ) ;
#945 = ORIENTED_EDGE ( 'NONE', *, *, #586, .T. ) ;
#946 = ORIENTED_EDGE ( 'NONE', *, *, #3895, .T. ) ;
#947 = ADVANCED_FACE ( 'NONE', ( #5752 ), #6253, .T. ) ;
#948 = CARTESIAN_POINT ( 'NONE',  ( -3.631374384824479939, -0.3742237463772752903, -3.854040662255686644 ) ) ;
#949 = FACE_OUTER_BOUND ( 'NONE', #210, .T. ) ;
#950 = ORIENTED_EDGE ( 'NONE', *, *, #135, .T. ) ;
#951 = ORIENTED_EDGE ( 'NONE', *, *, #3847, .F. ) ;
#952 = EDGE_LOOP ( 'NONE', ( #1071, #1905, #4630, #2587 ) ) ;
#953 = DIRECTION ( 'NONE',  ( -1.000000000000000000, -4.517509052022934484E-16, -3.491481338843133355E-15 ) ) ;
#954 = LINE ( 'NONE', #6135, #2642 ) ;
#955 =( BOUNDED_SURFACE ( )  B_SPLINE_SURFACE ( 2, 3, ( 
 ( #4190, #2454, #6383, #6978 ),
 ( #3530, #2352, #1320, #198 ),
 ( #1383, #4749, #4062, #6948 ) ),
 .UNSPECIFIED., .F., .F., .F. ) 
 B_SPLINE_SURFACE_WITH_KNOTS ( ( 3, 3 ),
 ( 4, 4 ),
 ( 0.000000000000000000, 1.000000000000000000 ),
 ( 0.000000000000000000, 1.000000000000000000 ),
 .UNSPECIFIED. ) 
 GEOMETRIC_REPRESENTATION_ITEM ( )  RATIONAL_B_SPLINE_SURFACE ( (
 ( 1.000000000000000000, 0.3333333333333334259, 0.3333333333333334259, 1.000000000000000000),
 ( 1.000000000000000000, 0.3333333333333334259, 0.3333333333333334259, 1.000000000000000000),
 ( 1.000000000000000000, 0.3333333333333334259, 0.3333333333333334259, 1.000000000000000000) ) ) 
 REPRESENTATION_ITEM ( '' )  SURFACE ( )  );
#956 = CARTESIAN_POINT ( 'NONE',  ( 3.199999999999999289, 3.000000000000001332, -0.1000000000000002554 ) ) ;
#957 = DIRECTION ( 'NONE',  ( 0.000000000000000000, 0.000000000000000000, 1.000000000000000000 ) ) ;
#958 = ORIENTED_EDGE ( 'NONE', *, *, #5971, .F. ) ;
#959 = CARTESIAN_POINT ( 'NONE',  ( -1.050000000000000044, -2.900000000000000355, -3.100000000000000977 ) ) ;
#960 = LINE ( 'NONE', #3158, #840 ) ;
#961 = CARTESIAN_POINT ( 'NONE',  ( 3.300000000000018030, -3.999999999999998224, -4.748279434898257101 ) ) ;
#962 = ORIENTED_EDGE ( 'NONE', *, *, #3900, .F. ) ;
#963 = FACE_OUTER_BOUND ( 'NONE', #1065, .T. ) ;
#964 = DIRECTION ( 'NONE',  ( -0.000000000000000000, -0.000000000000000000, -1.000000000000000000 ) ) ;
#965 = AXIS2_PLACEMENT_3D ( 'NONE', #2091, #6057, #5459 ) ;
#966 = ORIENTED_EDGE ( 'NONE', *, *, #4839, .F. ) ;
#967 = DIRECTION ( 'NONE',  ( -1.000000000000000000, 0.000000000000000000, 0.000000000000000000 ) ) ;
#968 = EDGE_CURVE ( 'NONE', #3780, #1750, #2776, .T. ) ;
#969 = LINE ( 'NONE', #2253, #1587 ) ;
#970 = ORIENTED_EDGE ( 'NONE', *, *, #445, .F. ) ;
#971 = LINE ( 'NONE', #3217, #1327 ) ;
#972 = CARTESIAN_POINT ( 'NONE',  ( 3.700000000000017053, -7.286606874731850425, -5.049999999999998934 ) ) ;
#973 = VERTEX_POINT ( 'NONE', #126 ) ;
#974 = ADVANCED_FACE ( 'NONE', ( #3526 ), #5038, .F. ) ;
#975 = VECTOR ( 'NONE', #5090, 1000.000000000000000 ) ;
#976 =( LENGTH_UNIT ( ) NAMED_UNIT ( * ) SI_UNIT ( .MILLI., .METRE. ) );
#977 = AXIS2_PLACEMENT_3D ( 'NONE', #4203, #6365, #1394 ) ;
#978 = DIRECTION ( 'NONE',  ( 1.000000000000000000, 8.673617379884050263E-16, 3.496552006265757716E-15 ) ) ;
#979 = ORIENTED_EDGE ( 'NONE', *, *, #6114, .T. ) ;
#980 = CIRCLE ( 'NONE', #1424, 0.1000000000000002554 ) ;
#981 = VECTOR ( 'NONE', #1073, 1000.000000000000000 ) ;
#982 = CARTESIAN_POINT ( 'NONE',  ( -1.050000000000000711, 2.925000000000000266, 0.6499999999999999112 ) ) ;
#983 = CARTESIAN_POINT ( 'NONE',  ( 1.050000000000000044, 2.900000000000000355, -3.100000000000000977 ) ) ;
#984 = ORIENTED_EDGE ( 'NONE', *, *, #6953, .F. ) ;
#985 = DIRECTION ( 'NONE',  ( -0.000000000000000000, -0.000000000000000000, -1.000000000000000000 ) ) ;
#986 = ORIENTED_EDGE ( 'NONE', *, *, #2951, .F. ) ;
#987 = ORIENTED_EDGE ( 'NONE', *, *, #1620, .F. ) ;
#988 = AXIS2_PLACEMENT_3D ( 'NONE', #3251, #5541, #3204 ) ;
#989 = AXIS2_PLACEMENT_3D ( 'NONE', #4234, #5942, #5587 ) ;
#990 = CARTESIAN_POINT ( 'NONE',  ( -3.661966703404203827, -0.3680541990063642133, -4.601326066706977080 ) ) ;
#991 = CARTESIAN_POINT ( 'NONE',  ( 3.376759760754480588, -0.6964661213341739598, -3.060156501862070666 ) ) ;
#992 = VERTEX_POINT ( 'NONE', #2348 ) ;
#993 = CIRCLE ( 'NONE', #4868, 0.4000000000000001887 ) ;
#994 = ORIENTED_EDGE ( 'NONE', *, *, #7024, .T. ) ;
#995 = ORIENTED_EDGE ( 'NONE', *, *, #1620, .T. ) ;
#996 = DIRECTION ( 'NONE',  ( -1.000000000000000000, 0.000000000000000000, 0.000000000000000000 ) ) ;
#997 = DIRECTION ( 'NONE',  ( -2.917253218490780933E-16, -8.168309011774198050E-16, -1.000000000000000000 ) ) ;
#998 = DIRECTION ( 'NONE',  ( 1.000000000000000000, 0.000000000000000000, 0.000000000000000000 ) ) ;
#999 = AXIS2_PLACEMENT_3D ( 'NONE', #1829, #2971, #351 ) ;
#1000 = DIRECTION ( 'NONE',  ( -0.4472135954999579277, -0.8944271909999158554, 0.000000000000000000 ) ) ;
#1001 = DIRECTION ( 'NONE',  ( -4.801533938174759838E-30, -1.734723475976801572E-15, -1.000000000000000000 ) ) ;
#1002 = CARTESIAN_POINT ( 'NONE',  ( 2.425000000000000266, -8.000000000000000000, -2.200000000000000622 ) ) ;
#1003 = AXIS2_PLACEMENT_3D ( 'NONE', #1052, #2734, #4919 ) ;
#1004 = CARTESIAN_POINT ( 'NONE',  ( -3.300000000000010481, -4.425035759465945693E-16, -2.849999999999998312 ) ) ;
#1005 = LINE ( 'NONE', #2050, #257 ) ;
#1006 = EDGE_LOOP ( 'NONE', ( #5695, #7219, #2568, #1498 ) ) ;
#1007 = DIRECTION ( 'NONE',  ( 0.000000000000000000, 0.000000000000000000, 1.000000000000000000 ) ) ;
#1008 = EDGE_CURVE ( 'NONE', #1087, #4887, #4647, .T. ) ;
#1009 = DIRECTION ( 'NONE',  ( 1.000000000000000000, 0.000000000000000000, 0.000000000000000000 ) ) ;
#1010 = AXIS2_PLACEMENT_3D ( 'NONE', #1507, #3766, #6021 ) ;
#1011 = VERTEX_POINT ( 'NONE', #5779 ) ;
#1012 = DIRECTION ( 'NONE',  ( 0.000000000000000000, 1.000000000000000000, 0.000000000000000000 ) ) ;
#1013 = FACE_OUTER_BOUND ( 'NONE', #6106, .T. ) ;
#1014 = VERTEX_POINT ( 'NONE', #1832 ) ;
#1015 = DIRECTION ( 'NONE',  ( -0.000000000000000000, -0.000000000000000000, -1.000000000000000000 ) ) ;
#1016 = CARTESIAN_POINT ( 'NONE',  ( -1.149999999999999911, 0.000000000000000000, -3.100000000000000977 ) ) ;
#1017 = VERTEX_POINT ( 'NONE', #2515 ) ;
#1018 = VECTOR ( 'NONE', #807, 999.9999999999998863 ) ;
#1019 = SURFACE_STYLE_FILL_AREA ( #6581 ) ;
#1020 = LINE ( 'NONE', #4835, #4183 ) ;
#1021 = EDGE_CURVE ( 'NONE', #2181, #2088, #4710, .T. ) ;
#1022 = EDGE_LOOP ( 'NONE', ( #5446, #6204, #4679, #6157, #4890, #6574, #7259, #4136, #2005, #883, #341, #2310, #763, #4730, #3865, #4867, #4040, #3388 ) ) ;
#1023 = ADVANCED_FACE ( 'NONE', ( #3010 ), #1313, .T. ) ;
#1024 = VECTOR ( 'NONE', #6400, 1000.000000000000000 ) ;
#1025 = DIRECTION ( 'NONE',  ( -1.000000000000000000, 0.000000000000000000, 0.000000000000000000 ) ) ;
#1026 = CARTESIAN_POINT ( 'NONE',  ( 3.729129044202598386, -7.118438676232774043, -5.049999999999998934 ) ) ;
#1027 = VERTEX_POINT ( 'NONE', #4854 ) ;
#1028 = DIRECTION ( 'NONE',  ( -1.000000000000000000, 0.000000000000000000, 0.000000000000000000 ) ) ;
#1029 = EDGE_LOOP ( 'NONE', ( #4015, #2993, #3228 ) ) ;
#1030 = ORIENTED_EDGE ( 'NONE', *, *, #704, .T. ) ;
#1031 = CIRCLE ( 'NONE', #5839, 1.800000000000000266 ) ;
#1032 = CARTESIAN_POINT ( 'NONE',  ( -3.700000000000018385, -3.764590876685777751E-16, -4.601304182183914904 ) ) ;
#1033 = EDGE_CURVE ( 'NONE', #4373, #1650, #7114, .T. ) ;
#1034 = CARTESIAN_POINT ( 'NONE',  ( 3.367289138262552495, -0.8711109301738956257, -3.433366198847782158 ) ) ;
#1035 = ORIENTED_EDGE ( 'NONE', *, *, #1881, .F. ) ;
#1036 = EDGE_CURVE ( 'NONE', #32, #2079, #362, .T. ) ;
#1037 = AXIS2_PLACEMENT_3D ( 'NONE', #1601, #3413, #5181 ) ;
#1038 = EDGE_LOOP ( 'NONE', ( #4239, #5775, #1372, #1780 ) ) ;
#1039 = ORIENTED_EDGE ( 'NONE', *, *, #2211, .F. ) ;
#1040 = DIRECTION ( 'NONE',  ( 0.000000000000000000, 0.000000000000000000, -1.000000000000000000 ) ) ;
#1041 = CARTESIAN_POINT ( 'NONE',  ( 1.149999999999999911, 2.900000000000000355, -3.100000000000000977 ) ) ;
#1042 = DIRECTION ( 'NONE',  ( -1.000000000000000000, 0.000000000000000000, 0.000000000000000000 ) ) ;
#1043 = FACE_OUTER_BOUND ( 'NONE', #45, .T. ) ;
#1044 = FACE_OUTER_BOUND ( 'NONE', #5656, .T. ) ;
#1045 = CARTESIAN_POINT ( 'NONE',  ( 2.899999999999999911, -2.499999999999999556, -2.850000000000000089 ) ) ;
#1046 = FACE_OUTER_BOUND ( 'NONE', #3591, .T. ) ;
#1047 = CARTESIAN_POINT ( 'NONE',  ( 1.450000000000000178, -1.500000000000000444, -3.158578643762690152 ) ) ;
#1048 = EDGE_LOOP ( 'NONE', ( #1672, #2261, #7103, #7112 ) ) ;
#1049 = CARTESIAN_POINT ( 'NONE',  ( 0.8499999999999999778, -2.600000000000000533, -2.650000000000000355 ) ) ;
#1050 = DIRECTION ( 'NONE',  ( -1.000000000000000000, 0.000000000000000000, 0.000000000000000000 ) ) ;
#1051 = CARTESIAN_POINT ( 'NONE',  ( 3.352432279564661055, -6.983904117433509029, -4.049999999999999822 ) ) ;
#1052 = CARTESIAN_POINT ( 'NONE',  ( -4.200000000000015277, -7.286606874731855754, -5.049999999999997158 ) ) ;
#1053 = ORIENTED_EDGE ( 'NONE', *, *, #5524, .T. ) ;
#1054 = CARTESIAN_POINT ( 'NONE',  ( 2.828233073500719730, -0.9999999999999991118, -2.850000000000003642 ) ) ;
#1055 = FACE_OUTER_BOUND ( 'NONE', #7184, .T. ) ;
#1056 = ORIENTED_EDGE ( 'NONE', *, *, #6286, .F. ) ;
#1057 = FACE_OUTER_BOUND ( 'NONE', #349, .T. ) ;
#1058 = ORIENTED_EDGE ( 'NONE', *, *, #7134, .F. ) ;
#1059 = ADVANCED_FACE ( 'NONE', ( #3041 ), #7043, .T. ) ;
#1060 = LINE ( 'NONE', #6672, #6330 ) ;
#1061 = CARTESIAN_POINT ( 'NONE',  ( -0.8499999999999999778, 2.600000000000000533, -2.650000000000000355 ) ) ;
#1062 = ORIENTED_EDGE ( 'NONE', *, *, #830, .T. ) ;
#1063 = CARTESIAN_POINT ( 'NONE',  ( 1.626854399108184968, -2.636572800445906140, 0.9000000000000002442 ) ) ;
#1064 = ORIENTED_EDGE ( 'NONE', *, *, #5269, .T. ) ;
#1065 = EDGE_LOOP ( 'NONE', ( #401, #4043, #6722, #5551 ) ) ;
#1066 = EDGE_CURVE ( 'NONE', #1270, #5036, #5882, .T. ) ;
#1067 = CARTESIAN_POINT ( 'NONE',  ( -3.683546491039677129, -0.2083699475279159052, -3.854088286177020262 ) ) ;
#1068 = CARTESIAN_POINT ( 'NONE',  ( 3.700000000000017941, -1.288186359273384429, -5.230153689223908664 ) ) ;
#1069 = ORIENTED_EDGE ( 'NONE', *, *, #2816, .T. ) ;
#1070 = EDGE_CURVE ( 'NONE', #790, #4074, #4522, .T. ) ;
#1071 = ORIENTED_EDGE ( 'NONE', *, *, #4643, .T. ) ;
#1072 = VERTEX_POINT ( 'NONE', #254 ) ;
#1073 = DIRECTION ( 'NONE',  ( -0.000000000000000000, -0.000000000000000000, -1.000000000000000000 ) ) ;
#1074 = CARTESIAN_POINT ( 'NONE',  ( -2.876494900217184014, -1.262712082465008434, -2.850000000000000089 ) ) ;
#1075 = ADVANCED_FACE ( 'NONE', ( #7009 ), #5966, .T. ) ;
#1076 = DIRECTION ( 'NONE',  ( 0.000000000000000000, -1.000000000000000000, 3.523657060577896116E-15 ) ) ;
#1077 = LINE ( 'NONE', #3319, #3678 ) ;
#1078 = DIRECTION ( 'NONE',  ( -1.000000000000000000, 0.000000000000000000, 0.000000000000000000 ) ) ;
#1079 = FACE_OUTER_BOUND ( 'NONE', #4339, .T. ) ;
#1080 = DIRECTION ( 'NONE',  ( 0.000000000000000000, 1.000000000000000000, 0.000000000000000000 ) ) ;
#1081 = ORIENTED_EDGE ( 'NONE', *, *, #5558, .T. ) ;
#1082 = CARTESIAN_POINT ( 'NONE',  ( -2.299999999999999822, -2.299999999999999822, 0.9000000000000001332 ) ) ;
#1083 = CARTESIAN_POINT ( 'NONE',  ( -3.700000000000016609, 2.999999999999999112, -4.748279434898255325 ) ) ;
#1084 = CARTESIAN_POINT ( 'NONE',  ( 3.227960847199674355, -1.000113306498447319, -2.849999999999998312 ) ) ;
#1085 = EDGE_CURVE ( 'NONE', #332, #2364, #805, .T. ) ;
#1086 = CARTESIAN_POINT ( 'NONE',  ( -0.8499999999999997558, -0.4333333333333333481, -2.650000000000000355 ) ) ;
#1087 = VERTEX_POINT ( 'NONE', #5266 ) ;
#1088 = DIRECTION ( 'NONE',  ( 0.000000000000000000, 0.000000000000000000, -1.000000000000000000 ) ) ;
#1089 = DIRECTION ( 'NONE',  ( -1.000000000000000000, 0.000000000000000000, 0.000000000000000000 ) ) ;
#1090 = DIRECTION ( 'NONE',  ( -1.000000000000000000, -4.517509052022934484E-16, -3.491481338843133355E-15 ) ) ;
#1091 = CARTESIAN_POINT ( 'NONE',  ( 3.300000000000015810, -1.905816649150110509, -4.391147680321848767 ) ) ;
#1092 = ORIENTED_EDGE ( 'NONE', *, *, #6136, .T. ) ;
#1093 = DIRECTION ( 'NONE',  ( 1.000000000000000000, 0.000000000000000000, 0.000000000000000000 ) ) ;
#1094 = LINE ( 'NONE', #5553, #4166 ) ;
#1095 = VECTOR ( 'NONE', #997, 1000.000000000000000 ) ;
#1096 = EDGE_LOOP ( 'NONE', ( #1107, #1092, #6484, #2055, #5789, #6799 ) ) ;
#1097 = CIRCLE ( 'NONE', #842, 0.6250000000000001110 ) ;
#1098 = DIRECTION ( 'NONE',  ( -0.000000000000000000, -0.000000000000000000, -1.000000000000000000 ) ) ;
#1099 = EDGE_LOOP ( 'NONE', ( #242, #6487, #2204, #6198 ) ) ;
#1100 = ORIENTED_EDGE ( 'NONE', *, *, #5836, .T. ) ;
#1101 = EDGE_CURVE ( 'NONE', #6788, #1638, #6974, .T. ) ;
#1102 = CARTESIAN_POINT ( 'NONE',  ( -3.700000000000009948, -4.065758146820642121E-16, -3.060156501862068446 ) ) ;
#1103 = AXIS2_PLACEMENT_3D ( 'NONE', #2919, #5659, #106 ) ;
#1104 = CARTESIAN_POINT ( 'NONE',  ( 3.470176658158761640, -1.463507788113293406, -2.850000000000000977 ) ) ;
#1105 = VECTOR ( 'NONE', #6515, 1000.000000000000000 ) ;
#1106 = ORIENTED_EDGE ( 'NONE', *, *, #1304, .T. ) ;
#1107 = ORIENTED_EDGE ( 'NONE', *, *, #2882, .F. ) ;
#1108 = VECTOR ( 'NONE', #422, 1000.000000000000000 ) ;
#1109 = CARTESIAN_POINT ( 'NONE',  ( -2.899999999999999911, -2.499999999999999112, -2.850000000000000089 ) ) ;
#1110 = CIRCLE ( 'NONE', #5913, 0.05000000000000012768 ) ;
#1111 = CARTESIAN_POINT ( 'NONE',  ( -2.876494900217184902, -0.7372879175349925651, -2.990104334574713807 ) ) ;
#1112 = LINE ( 'NONE', #6098, #5351 ) ;
#1113 = EDGE_CURVE ( 'NONE', #5484, #1387, #835, .T. ) ;
#1114 = AXIS2_PLACEMENT_3D ( 'NONE', #6354, #712, #5755 ) ;
#1115 = EDGE_CURVE ( 'NONE', #5055, #5979, #4119, .T. ) ;
#1116 = CARTESIAN_POINT ( 'NONE',  ( -2.299999999999999378, 2.925000000000001155, 0.6500000000000001332 ) ) ;
#1117 = DIRECTION ( 'NONE',  ( 0.000000000000000000, 0.000000000000000000, -1.000000000000000000 ) ) ;
#1118 = FACE_OUTER_BOUND ( 'NONE', #2694, .T. ) ;
#1119 = ORIENTED_EDGE ( 'NONE', *, *, #5285, .T. ) ;
#1120 = CIRCLE ( 'NONE', #2030, 0.4999999999999993339 ) ;
#1121 = CARTESIAN_POINT ( 'NONE',  ( 1.899999999999999689, 3.100000000000000089, -2.200000000000000178 ) ) ;
#1122 = CARTESIAN_POINT ( 'NONE',  ( 1.149999999999999911, 2.900000000000000355, -3.100000000000000977 ) ) ;
#1123 = ADVANCED_FACE ( 'NONE', ( #5332 ), #6379, .T. ) ;
#1124 = VECTOR ( 'NONE', #2463, 1000.000000000000000 ) ;
#1125 = CARTESIAN_POINT ( 'NONE',  ( 3.700000000000009059, -0.09371311001840368360, -2.849999999999997424 ) ) ;
#1126 = CYLINDRICAL_SURFACE ( 'NONE', #6797, 0.1000000000000000472 ) ;
#1127 = ORIENTED_EDGE ( 'NONE', *, *, #1468, .T. ) ;
#1128 = CARTESIAN_POINT ( 'NONE',  ( 3.199999999999999289, 3.000000000000001332, -8.673617379884035472E-16 ) ) ;
#1129 = DIRECTION ( 'NONE',  ( 0.9417419115948374442, -0.3363363969981563728, 0.000000000000000000 ) ) ;
#1130 = CARTESIAN_POINT ( 'NONE',  ( -3.000000000000000000, -2.399999999999998579, -2.850000000000000089 ) ) ;
#1131 = DIRECTION ( 'NONE',  ( -1.000000000000000000, 0.000000000000000000, 0.000000000000000000 ) ) ;
#1132 = AXIS2_PLACEMENT_3D ( 'NONE', #5975, #2688, #2601 ) ;
#1133 = CARTESIAN_POINT ( 'NONE',  ( 3.278597828075717313, -0.2027530115181696291, -2.990104334574712919 ) ) ;
#1134 = ORIENTED_EDGE ( 'NONE', *, *, #2282, .T. ) ;
#1135 = EDGE_CURVE ( 'NONE', #1970, #6393, #3804, .T. ) ;
#1136 = CARTESIAN_POINT ( 'NONE',  ( -1.626854399108186744, 2.636572800445906584, 0.9000000000000002442 ) ) ;
#1137 = LINE ( 'NONE', #4595, #2167 ) ;
#1138 = AXIS2_PLACEMENT_3D ( 'NONE', #2938, #4607, #4056 ) ;
#1139 = ORIENTED_EDGE ( 'NONE', *, *, #5034, .T. ) ;
#1140 = CARTESIAN_POINT ( 'NONE',  ( 2.075000000000000178, -8.000000000000000000, -3.060232526704262934 ) ) ;
#1141 = ORIENTED_EDGE ( 'NONE', *, *, #4524, .T. ) ;
#1142 = ORIENTED_EDGE ( 'NONE', *, *, #2676, .F. ) ;
#1143 = DIRECTION ( 'NONE',  ( -0.000000000000000000, -0.000000000000000000, -1.000000000000000000 ) ) ;
#1144 = EDGE_CURVE ( 'NONE', #5228, #2228, #2967, .T. ) ;
#1145 = AXIS2_PLACEMENT_3D ( 'NONE', #5186, #3582, #794 ) ;
#1146 = CARTESIAN_POINT ( 'NONE',  ( 3.648915630632441065, -0.3707890946171535362, -4.274380600777439199 ) ) ;
#1147 = ORIENTED_EDGE ( 'NONE', *, *, #2865, .T. ) ;
#1148 = EDGE_CURVE ( 'NONE', #3911, #3764, #6047, .T. ) ;
#1149 = ORIENTED_EDGE ( 'NONE', *, *, #5533, .F. ) ;
#1150 = AXIS2_PLACEMENT_3D ( 'NONE', #4026, #5653, #3327 ) ;
#1151 = CARTESIAN_POINT ( 'NONE',  ( -1.050000000000000044, 2.900000000000000355, -3.100000000000000977 ) ) ;
#1152 = ADVANCED_FACE ( 'NONE', ( #3706 ), #1894, .F. ) ;
#1153 = CARTESIAN_POINT ( 'NONE',  ( -3.693603188895388634, -1.863038787686706055, -3.433768352897363929 ) ) ;
#1154 = AXIS2_PLACEMENT_3D ( 'NONE', #1265, #622, #3477 ) ;
#1155 = CARTESIAN_POINT ( 'NONE',  ( -3.300000000000020695, -0.4999999999999994449, -6.049999999999998046 ) ) ;
#1156 = ADVANCED_FACE ( 'NONE', ( #4468 ), #2164, .T. ) ;
#1157 = CARTESIAN_POINT ( 'NONE',  ( -3.550000000000001599, 2.925000000000002487, 0.6499999999999999112 ) ) ;
#1158 = CARTESIAN_POINT ( 'NONE',  ( -3.000000000000000000, 2.900000000000000355, -3.100000000000000977 ) ) ;
#1159 = AXIS2_PLACEMENT_3D ( 'NONE', #2599, #752, #5498 ) ;
#1160 = LINE ( 'NONE', #3402, #1910 ) ;
#1161 = EDGE_CURVE ( 'NONE', #5477, #1417, #392, .T. ) ;
#1162 = DIRECTION ( 'NONE',  ( 0.000000000000000000, 1.000000000000000000, 0.000000000000000000 ) ) ;
#1163 = DIRECTION ( 'NONE',  ( -0.000000000000000000, -0.000000000000000000, -1.000000000000000000 ) ) ;
#1164 = CARTESIAN_POINT ( 'NONE',  ( -3.700000000000014388, -4.000000000000000000, -4.049999999999998934 ) ) ;
#1165 = EDGE_LOOP ( 'NONE', ( #899, #138 ) ) ;
#1166 = LINE ( 'NONE', #614, #3812 ) ;
#1167 = CARTESIAN_POINT ( 'NONE',  ( -1.408578643762689930, -2.458578643762693972, -3.200000000000000622 ) ) ;
#1168 = EDGE_CURVE ( 'NONE', #361, #4971, #5450, .T. ) ;
#1169 = ADVANCED_FACE ( 'NONE', ( #6600 ), #3877, .T. ) ;
#1170 = CARTESIAN_POINT ( 'NONE',  ( 3.300000000000011813, -0.09418335084988774253, -3.363715893440616611 ) ) ;
#1171 = ORIENTED_EDGE ( 'NONE', *, *, #2205, .F. ) ;
#1172 = DIRECTION ( 'NONE',  ( 1.000000000000000000, 0.000000000000000000, 0.000000000000000000 ) ) ;
#1173 = CARTESIAN_POINT ( 'NONE',  ( 6.460349496741230037E-15, -2.400000000000007461, -3.100000000000000977 ) ) ;
#1174 = ORIENTED_EDGE ( 'NONE', *, *, #2409, .T. ) ;
#1175 = PLANE ( 'NONE',  #2371 ) ;
#1176 = VERTEX_POINT ( 'NONE', #2040 ) ;
#1177 = ORIENTED_EDGE ( 'NONE', *, *, #5489, .T. ) ;
#1178 = EDGE_CURVE ( 'NONE', #1883, #5077, #5449, .T. ) ;
#1179 = CARTESIAN_POINT ( 'NONE',  ( -3.000000000000000000, 3.000000000000000000, 0.4000000000000000222 ) ) ;
#1180 = EDGE_LOOP ( 'NONE', ( #2637, #6124, #984, #3551, #6086 ) ) ;
#1181 = LINE ( 'NONE', #6340, #2905 ) ;
#1182 = EDGE_CURVE ( 'NONE', #4251, #15, #2682, .T. ) ;
#1183 = VERTEX_POINT ( 'NONE', #3316 ) ;
#1184 = CARTESIAN_POINT ( 'NONE',  ( 1.675000000000000711, -2.299999999999999378, 0.4000000000000000222 ) ) ;
#1185 = DIRECTION ( 'NONE',  ( -0.000000000000000000, -0.000000000000000000, -1.000000000000000000 ) ) ;
#1186 = PLANE ( 'NONE',  #5335 ) ;
#1187 = CARTESIAN_POINT ( 'NONE',  ( 2.299999999999999822, 2.299999999999999822, 0.6500000000000001332 ) ) ;
#1188 = DIRECTION ( 'NONE',  ( 1.000000000000000000, 6.938893903907227392E-16, 0.000000000000000000 ) ) ;
#1189 = CARTESIAN_POINT ( 'NONE',  ( 2.600000000000000533, 3.100000000000000089, -1.900000000000000133 ) ) ;
#1190 = DIRECTION ( 'NONE',  ( 1.000000000000000000, 0.000000000000000000, 0.000000000000000000 ) ) ;
#1191 = LINE ( 'NONE', #5580, #3493 ) ;
#1192 = CARTESIAN_POINT ( 'NONE',  ( 3.691437579568225935, -1.858825984276806231, -2.849999999999994760 ) ) ;
#1193 = CARTESIAN_POINT ( 'NONE',  ( 1.350000000000000089, 3.000000000000000000, -2.850000000000000089 ) ) ;
#1194 = CARTESIAN_POINT ( 'NONE',  ( -3.700000000000000178, 0.000000000000000000, 1.187103655206665341E-14 ) ) ;
#1195 =( LENGTH_UNIT ( ) NAMED_UNIT ( * ) SI_UNIT ( .MILLI., .METRE. ) );
#1196 = DIRECTION ( 'NONE',  ( 1.000000000000000000, -5.987542637623615472E-15, 5.585196838722984675E-30 ) ) ;
#1197 = CARTESIAN_POINT ( 'NONE',  ( 2.973594834911661433, -0.7380795701218473281, -3.363715893440616611 ) ) ;
#1198 = ORIENTED_EDGE ( 'NONE', *, *, #1808, .T. ) ;
#1199 = LINE ( 'NONE', #4566, #5369 ) ;
#1200 = DIRECTION ( 'NONE',  ( 0.000000000000000000, -1.000000000000000000, 0.000000000000000000 ) ) ;
#1201 = EDGE_CURVE ( 'NONE', #2464, #2497, #6171, .T. ) ;
#1202 = ORIENTED_EDGE ( 'NONE', *, *, #4872, .F. ) ;
#1203 = CARTESIAN_POINT ( 'NONE',  ( 3.657366486774653147, -5.832766962299167801, -5.049999999999998934 ) ) ;
#1204 = ORIENTED_EDGE ( 'NONE', *, *, #4558, .T. ) ;
#1205 = VECTOR ( 'NONE', #744, 1000.000000000000000 ) ;
#1206 = CARTESIAN_POINT ( 'NONE',  ( 2.899999999999999467, 1.500000000000000000, -3.100000000000000977 ) ) ;
#1207 = EDGE_LOOP ( 'NONE', ( #309, #4253, #6404, #5318 ) ) ;
#1208 = CIRCLE ( 'NONE', #4386, 0.4999999999999993339 ) ;
#1209 = DIRECTION ( 'NONE',  ( 0.000000000000000000, 0.000000000000000000, 1.000000000000000000 ) ) ;
#1210 = ORIENTED_EDGE ( 'NONE', *, *, #3007, .T. ) ;
#1211 = CARTESIAN_POINT ( 'NONE',  ( -2.973594834911660989, -1.261920429878152339, -3.363715893440616611 ) ) ;
#1212 = VECTOR ( 'NONE', #2617, 1000.000000000000000 ) ;
#1213 = AXIS2_PLACEMENT_3D ( 'NONE', #6398, #5312, #6335 ) ;
#1214 = CARTESIAN_POINT ( 'NONE',  ( -3.700000000000009948, -2.000000000000000888, -3.060156501862068001 ) ) ;
#1215 = AXIS2_PLACEMENT_3D ( 'NONE', #4270, #6528, #2650 ) ;
#1216 = DIRECTION ( 'NONE',  ( 0.000000000000000000, 0.000000000000000000, 1.000000000000000000 ) ) ;
#1217 = VECTOR ( 'NONE', #736, 1000.000000000000000 ) ;
#1218 = CARTESIAN_POINT ( 'NONE',  ( 3.000000000000000000, -3.000000000000000000, -3.200000000000000622 ) ) ;
#1219 = CARTESIAN_POINT ( 'NONE',  ( -3.000000000000000000, 4.336808689942017736E-16, 9.703609443745283617E-15 ) ) ;
#1220 = LINE ( 'NONE', #5137, #2970 ) ;
#1221 = VECTOR ( 'NONE', #5237, 1000.000000000000000 ) ;
#1222 = DIRECTION ( 'NONE',  ( 1.000000000000000000, 0.000000000000000000, 0.000000000000000000 ) ) ;
#1223 = CARTESIAN_POINT ( 'NONE',  ( 3.469184676373342047, -0.5358284726501650885, -2.849999999999996092 ) ) ;
#1224 = CARTESIAN_POINT ( 'NONE',  ( 3.300000000000015810, -7.499999999999998224, -4.549999999999998934 ) ) ;
#1225 = EDGE_CURVE ( 'NONE', #7051, #1883, #1493, .T. ) ;
#1226 = CARTESIAN_POINT ( 'NONE',  ( 4.600000000000016520, -4.587538820250189886, -4.050000000000012257 ) ) ;
#1227 = CYLINDRICAL_SURFACE ( 'NONE', #6877, 0.5000000000000004441 ) ;
#1228 = CARTESIAN_POINT ( 'NONE',  ( 3.300000000000014477, -1.905816649150110509, -3.830730342022995227 ) ) ;
#1229 = CIRCLE ( 'NONE', #2761, 0.09999999999999982514 ) ;
#1230 = VERTEX_POINT ( 'NONE', #7275 ) ;
#1231 = CARTESIAN_POINT ( 'NONE',  ( 1.350000000000000089, 3.000000000000000000, -2.850000000000000089 ) ) ;
#1232 = LINE ( 'NONE', #5764, #3685 ) ;
#1233 = VERTEX_POINT ( 'NONE', #2207 ) ;
#1234 = DIRECTION ( 'NONE',  ( 0.000000000000000000, 0.000000000000000000, -1.000000000000000000 ) ) ;
#1235 = ORIENTED_EDGE ( 'NONE', *, *, #3779, .F. ) ;
#1236 = AXIS2_PLACEMENT_3D ( 'NONE', #1964, #2523, #4783 ) ;
#1237 = ADVANCED_FACE ( 'NONE', ( #5531 ), #1616, .F. ) ;
#1238 = LINE ( 'NONE', #1206, #4440 ) ;
#1239 = EDGE_CURVE ( 'NONE', #873, #311, #850, .T. ) ;
#1240 = VERTEX_POINT ( 'NONE', #5607 ) ;
#1241 = AXIS2_PLACEMENT_3D ( 'NONE', #1654, #3361, #3284 ) ;
#1242 = CARTESIAN_POINT ( 'NONE',  ( 3.700000000000017053, -0.08396765301964188855, -5.231773687770120418 ) ) ;
#1243 = ORIENTED_EDGE ( 'NONE', *, *, #828, .T. ) ;
#1244 = CARTESIAN_POINT ( 'NONE',  ( -3.300000000000018030, -2.000000000000000888, -5.231773687770131076 ) ) ;
#1245 = VECTOR ( 'NONE', #1185, 1000.000000000000000 ) ;
#1246 = PLANE ( 'NONE',  #890 ) ;
#1247 = EDGE_CURVE ( 'NONE', #5405, #4251, #3749, .T. ) ;
#1248 = EDGE_CURVE ( 'NONE', #5274, #7130, #2740, .T. ) ;
#1249 = CIRCLE ( 'NONE', #1150, 0.09999999999999982514 ) ;
#1250 = LINE ( 'NONE', #5749, #3232 ) ;
#1251 = CARTESIAN_POINT ( 'NONE',  ( -2.900000000000000355, -1.599999999999999201, -3.200000000000000622 ) ) ;
#1252 = DIRECTION ( 'NONE',  ( 4.517509052022934484E-16, -1.000000000000000000, 0.000000000000000000 ) ) ;
#1253 = CARTESIAN_POINT ( 'NONE',  ( -2.900000000000000355, -3.000000000000000000, -3.100000000000000977 ) ) ;
#1254 = CARTESIAN_POINT ( 'NONE',  ( -1.750000000000000000, -2.143131898507868297E-16, 0.000000000000000000 ) ) ;
#1255 = CARTESIAN_POINT ( 'NONE',  ( -2.600000000000000533, -7.500000000000000000, -1.900000000000000133 ) ) ;
#1256 = AXIS2_PLACEMENT_3D ( 'NONE', #1122, #4585, #2806 ) ;
#1257 = FACE_OUTER_BOUND ( 'NONE', #2561, .T. ) ;
#1258 = CARTESIAN_POINT ( 'NONE',  ( -3.649061435579256329, -1.741316489862834826, -2.850000000000000089 ) ) ;
#1259 = DIRECTION ( 'NONE',  ( -0.000000000000000000, -1.000000000000000000, -0.000000000000000000 ) ) ;
#1260 = LINE ( 'NONE', #4687, #2127 ) ;
#1261 = CYLINDRICAL_SURFACE ( 'NONE', #4736, 0.09999999999999982514 ) ;
#1262 = CARTESIAN_POINT ( 'NONE',  ( 3.300000000000018918, -1.999999999999999556, -5.231773687770131076 ) ) ;
#1263 = VECTOR ( 'NONE', #2722, 1000.000000000000000 ) ;
#1264 = VERTEX_POINT ( 'NONE', #6096 ) ;
#1265 = CARTESIAN_POINT ( 'NONE',  ( 0.000000000000000000, 0.000000000000000000, -2.850000000000000089 ) ) ;
#1266 = DIRECTION ( 'NONE',  ( 1.000000000000000000, 8.673617379884051249E-15, 0.000000000000000000 ) ) ;
#1267 = EDGE_CURVE ( 'NONE', #566, #4174, #3913, .T. ) ;
#1268 = EDGE_LOOP ( 'NONE', ( #1920, #4658, #701 ) ) ;
#1269 = LINE ( 'NONE', #3512, #2598 ) ;
#1270 = VERTEX_POINT ( 'NONE', #2082 ) ;
#1271 = DIRECTION ( 'NONE',  ( 1.000000000000000000, 0.000000000000000000, 0.000000000000000000 ) ) ;
#1272 = ORIENTED_EDGE ( 'NONE', *, *, #5370, .F. ) ;
#1273 = ADVANCED_FACE ( 'NONE', ( #6005 ), #2796, .T. ) ;
#1274 = PLANE ( 'NONE',  #2666 ) ;
#1275 = ORIENTED_EDGE ( 'NONE', *, *, #5740, .F. ) ;
#1276 = CARTESIAN_POINT ( 'NONE',  ( -3.283504851620970832, -0.2033357073868974074, -3.363715893440616611 ) ) ;
#1277 = DIRECTION ( 'NONE',  ( 2.602085213965209064E-15, -1.734723475976804333E-15, -1.000000000000000000 ) ) ;
#1278 = ORIENTED_EDGE ( 'NONE', *, *, #3370, .T. ) ;
#1279 = ADVANCED_FACE ( 'NONE', ( #3282 ), #4974, .T. ) ;
#1280 = DIRECTION ( 'NONE',  ( -1.000000000000000000, 0.000000000000000000, 3.252606517456512119E-15 ) ) ;
#1281 = DIRECTION ( 'NONE',  ( -0.000000000000000000, -0.000000000000000000, -1.000000000000000000 ) ) ;
#1282 = EDGE_CURVE ( 'NONE', #434, #7272, #3454, .T. ) ;
#1283 = ORIENTED_EDGE ( 'NONE', *, *, #4348, .T. ) ;
#1284 = CARTESIAN_POINT ( 'NONE',  ( 3.549999999999999378, 2.925000000000000266, 0.6499999999999999112 ) ) ;
#1285 = CARTESIAN_POINT ( 'NONE',  ( -3.300000000000010481, -4.425035759465945693E-16, -2.849999999999998312 ) ) ;
#1286 = CARTESIAN_POINT ( 'NONE',  ( 2.299999999999999822, -2.925000000000000711, 0.6500000000000001332 ) ) ;
#1287 = CARTESIAN_POINT ( 'NONE',  ( -2.299999999999999822, 2.299999999999999822, 0.000000000000000000 ) ) ;
#1288 = CARTESIAN_POINT ( 'NONE',  ( -2.600000000000000533, -7.500000000000000000, -1.900000000000000133 ) ) ;
#1289 = DIRECTION ( 'NONE',  ( 0.000000000000000000, 1.000000000000000000, 0.000000000000000000 ) ) ;
#1290 = ORIENTED_EDGE ( 'NONE', *, *, #5808, .F. ) ;
#1291 = FACE_OUTER_BOUND ( 'NONE', #81, .T. ) ;
#1292 = CARTESIAN_POINT ( 'NONE',  ( 3.295092976454764067, -0.2047117660922725402, -4.858162128904228716 ) ) ;
#1293 = ORIENTED_EDGE ( 'NONE', *, *, #6381, .T. ) ;
#1294 = FACE_OUTER_BOUND ( 'NONE', #5353, .T. ) ;
#1295 = CARTESIAN_POINT ( 'NONE',  ( 2.299999999999999822, 2.299999999999999822, 0.6500000000000001332 ) ) ;
#1296 = EDGE_CURVE ( 'NONE', #4204, #2892, #1690, .T. ) ;
#1297 = ORIENTED_EDGE ( 'NONE', *, *, #912, .F. ) ;
#1298 = CARTESIAN_POINT ( 'NONE',  ( 1.050000000000000044, -2.900000000000000355, -3.100000000000000977 ) ) ;
#1299 = ORIENTED_EDGE ( 'NONE', *, *, #3689, .T. ) ;
#1300 = CARTESIAN_POINT ( 'NONE',  ( -3.000000000000000000, 2.399999999999999467, -2.850000000000000089 ) ) ;
#1301 = ORIENTED_EDGE ( 'NONE', *, *, #3966, .F. ) ;
#1302 = CARTESIAN_POINT ( 'NONE',  ( -2.299999999999999822, 2.299999999999999822, 0.9000000000000001332 ) ) ;
#1303 = EDGE_LOOP ( 'NONE', ( #4088, #2275, #6892, #3730 ) ) ;
#1304 = EDGE_CURVE ( 'NONE', #3583, #3968, #476, .T. ) ;
#1305 = CARTESIAN_POINT ( 'NONE',  ( -3.300000000000016254, -2.000000000000000888, -4.858162128904228716 ) ) ;
#1306 = CARTESIAN_POINT ( 'NONE',  ( -3.492459649318765180, -1.298118622902359354, -3.853707218633753762 ) ) ;
#1307 = VECTOR ( 'NONE', #4336, 1000.000000000000000 ) ;
#1308 = AXIS2_PLACEMENT_3D ( 'NONE', #3970, #3336, #5589 ) ;
#1309 = ORIENTED_EDGE ( 'NONE', *, *, #2325, .F. ) ;
#1310 = DIRECTION ( 'NONE',  ( 1.000000000000000000, -1.495451272393800528E-16, 0.000000000000000000 ) ) ;
#1311 = EDGE_LOOP ( 'NONE', ( #5018, #3038, #2051, #4803 ) ) ;
#1312 = VECTOR ( 'NONE', #4711, 1000.000000000000000 ) ;
#1313 = PLANE ( 'NONE',  #7227 ) ;
#1314 = CIRCLE ( 'NONE', #4732, 0.09999999999999982514 ) ;
#1315 = CARTESIAN_POINT ( 'NONE',  ( 2.300000000000000711, -2.299999999999998934, 0.4000000000000000222 ) ) ;
#1316 = ADVANCED_FACE ( 'NONE', ( #2626 ), #4245, .T. ) ;
#1317 = EDGE_CURVE ( 'NONE', #3418, #235, #1984, .T. ) ;
#1318 = CIRCLE ( 'NONE', #5904, 0.09999999999999939493 ) ;
#1319 = AXIS2_PLACEMENT_3D ( 'NONE', #4901, #528, #2759 ) ;
#1320 = CARTESIAN_POINT ( 'NONE',  ( -2.973145600891813345, -1.963427199554093061, 0.9000000000000002442 ) ) ;
#1321 = FACE_OUTER_BOUND ( 'NONE', #372, .T. ) ;
#1322 = FACE_BOUND ( 'NONE', #1165, .T. ) ;
#1323 = FACE_OUTER_BOUND ( 'NONE', #355, .T. ) ;
#1324 = VERTEX_POINT ( 'NONE', #4291 ) ;
#1325 = CIRCLE ( 'NONE', #6402, 0.09999999999999982514 ) ;
#1326 = DIRECTION ( 'NONE',  ( 0.000000000000000000, 0.000000000000000000, -1.000000000000000000 ) ) ;
#1327 = VECTOR ( 'NONE', #428, 1000.000000000000000 ) ;
#1328 = DIRECTION ( 'NONE',  ( 0.000000000000000000, 1.000000000000000000, 0.000000000000000000 ) ) ;
#1329 = ADVANCED_FACE ( 'NONE', ( #2672 ), #3161, .T. ) ;
#1330 = ORIENTED_EDGE ( 'NONE', *, *, #2314, .F. ) ;
#1331 = VECTOR ( 'NONE', #2655, 1000.000000000000000 ) ;
#1332 = UNCERTAINTY_MEASURE_WITH_UNIT (LENGTH_MEASURE( 1.000000000000000082E-05 ), #976, 'distance_accuracy_value', 'NONE');
#1333 = CARTESIAN_POINT ( 'NONE',  ( -1.674999999999999822, 2.299999999999999822, 0.6500000000000001332 ) ) ;
#1334 = ORIENTED_EDGE ( 'NONE', *, *, #5208, .F. ) ;
#1335 = CARTESIAN_POINT ( 'NONE',  ( 3.000000000000000000, 2.399999999999999467, -2.850000000000000089 ) ) ;
#1336 = VERTEX_POINT ( 'NONE', #2153 ) ;
#1337 = VECTOR ( 'NONE', #6177, 1000.000000000000000 ) ;
#1338 = CARTESIAN_POINT ( 'NONE',  ( -1.350000000000000089, -3.000000000000000000, -2.850000000000000089 ) ) ;
#1339 = ORIENTED_EDGE ( 'NONE', *, *, #1949, .T. ) ;
#1340 = DIRECTION ( 'NONE',  ( 0.000000000000000000, 0.000000000000000000, -1.000000000000000000 ) ) ;
#1341 = VECTOR ( 'NONE', #2108, 1000.000000000000000 ) ;
#1342 = ORIENTED_EDGE ( 'NONE', *, *, #2943, .T. ) ;
#1343 = CARTESIAN_POINT ( 'NONE',  ( -3.295092976454764067, -0.2047117660922740390, -4.858162128904228716 ) ) ;
#1344 = CARTESIAN_POINT ( 'NONE',  ( -3.545654243167450037, -0.7049998006469688772, -4.274269661123265784 ) ) ;
#1345 = MECHANICAL_DESIGN_GEOMETRIC_PRESENTATION_REPRESENTATION (  '', ( #5713 ), #3241 ) ;
#1346 = CARTESIAN_POINT ( 'NONE',  ( 3.700000000000017497, -1.999999999999998224, -5.231773687770115089 ) ) ;
#1347 = EDGE_LOOP ( 'NONE', ( #6113, #5288, #4034, #2028, #2361 ) ) ;
#1348 = ORIENTED_EDGE ( 'NONE', *, *, #5609, .T. ) ;
#1349 = CIRCLE ( 'NONE', #3964, 0.09999999999999939493 ) ;
#1350 = DIRECTION ( 'NONE',  ( -1.000000000000000000, 0.000000000000000000, 0.000000000000000000 ) ) ;
#1351 = PLANE ( 'NONE',  #4385 ) ;
#1352 = DIRECTION ( 'NONE',  ( -1.000000000000000000, -2.093631781351319655E-15, 0.000000000000000000 ) ) ;
#1353 = AXIS2_PLACEMENT_3D ( 'NONE', #6240, #6827, #698 ) ;
#1354 = DIRECTION ( 'NONE',  ( 0.000000000000000000, -1.000000000000000000, 0.000000000000000000 ) ) ;
#1355 = ADVANCED_FACE ( 'NONE', ( #1517 ), #2707, .T. ) ;
#1356 = DIRECTION ( 'NONE',  ( -1.000000000000000000, 0.000000000000000000, 0.000000000000000000 ) ) ;
#1357 = CARTESIAN_POINT ( 'NONE',  ( 1.350000000000000089, 2.400000000000001688, -3.200000000000000622 ) ) ;
#1358 = DIRECTION ( 'NONE',  ( 0.000000000000000000, 0.000000000000000000, 1.000000000000000000 ) ) ;
#1359 = VERTEX_POINT ( 'NONE', #5437 ) ;
#1360 = ADVANCED_FACE ( 'NONE', ( #944 ), #2070, .T. ) ;
#1361 = VECTOR ( 'NONE', #3292, 1000.000000000000000 ) ;
#1362 = LINE ( 'NONE', #3572, #6883 ) ;
#1363 = LINE ( 'NONE', #5211, #3489 ) ;
#1364 = EDGE_LOOP ( 'NONE', ( #1474, #483, #825, #4365 ) ) ;
#1365 = AXIS2_PLACEMENT_3D ( 'NONE', #1952, #4208, #1479 ) ;
#1366 = VERTEX_POINT ( 'NONE', #2582 ) ;
#1367 = LINE ( 'NONE', #4131, #6986 ) ;
#1368 = VERTEX_POINT ( 'NONE', #3180 ) ;
#1369 = EDGE_CURVE ( 'NONE', #2059, #2038, #439, .T. ) ;
#1370 = CIRCLE ( 'NONE', #3724, 0.09999999999999982514 ) ;
#1371 = CARTESIAN_POINT ( 'NONE',  ( 2.900000000000000355, 1.600000000000000089, -3.100000000000000977 ) ) ;
#1372 = ORIENTED_EDGE ( 'NONE', *, *, #3528, .F. ) ;
#1373 = PLANE ( 'NONE',  #3389 ) ;
#1374 = EDGE_LOOP ( 'NONE', ( #5982, #2715, #5881, #5185 ) ) ;
#1375 = CARTESIAN_POINT ( 'NONE',  ( -3.528303630158645010, -1.465623900666657820, -3.433675352753944754 ) ) ;
#1376 = CARTESIAN_POINT ( 'NONE',  ( 3.661775210869747887, -1.632126591231520374, -4.601325557152549095 ) ) ;
#1377 = ORIENTED_EDGE ( 'NONE', *, *, #2922, .F. ) ;
#1378 = EDGE_CURVE ( 'NONE', #145, #1324, #529, .T. ) ;
#1379 = CARTESIAN_POINT ( 'NONE',  ( 0.000000000000000000, 0.000000000000000000, 0.000000000000000000 ) ) ;
#1380 = VERTEX_POINT ( 'NONE', #1482 ) ;
#1381 = CARTESIAN_POINT ( 'NONE',  ( 2.299999999999999822, -2.299999999999999822, 0.000000000000000000 ) ) ;
#1382 = CARTESIAN_POINT ( 'NONE',  ( 2.899999999999999467, 1.500000000000000000, -2.850000000000000089 ) ) ;
#1383 = CARTESIAN_POINT ( 'NONE',  ( -2.300000000000000266, -2.299999999999999378, 0.9000000000000001332 ) ) ;
#1384 = CARTESIAN_POINT ( 'NONE',  ( -3.700000000000009504, -1.953143444990798283, -2.849999999999996980 ) ) ;
#1385 = CARTESIAN_POINT ( 'NONE',  ( 1.450000000000000178, 1.499999999999999334, -2.850000000000000089 ) ) ;
#1386 = LINE ( 'NONE', #3505, #4244 ) ;
#1387 = VERTEX_POINT ( 'NONE', #3738 ) ;
#1388 = DIRECTION ( 'NONE',  ( 0.000000000000000000, 0.000000000000000000, 1.000000000000000000 ) ) ;
#1389 = EDGE_CURVE ( 'NONE', #4796, #5405, #3271, .T. ) ;
#1390 = CARTESIAN_POINT ( 'NONE',  ( 3.300000000000016254, 1.057097118173373923E-15, -4.858162128904228716 ) ) ;
#1391 = ORIENTED_EDGE ( 'NONE', *, *, #2896, .T. ) ;
#1392 = CARTESIAN_POINT ( 'NONE',  ( -2.900000000000000355, -1.599999999999999201, -3.100000000000000977 ) ) ;
#1393 = ORIENTED_EDGE ( 'NONE', *, *, #4102, .F. ) ;
#1394 = DIRECTION ( 'NONE',  ( 1.000000000000000000, 6.672013369141565217E-16, 0.000000000000000000 ) ) ;
#1395 = ORIENTED_EDGE ( 'NONE', *, *, #4858, .F. ) ;
#1396 = LINE ( 'NONE', #4107, #3004 ) ;
#1397 = EDGE_CURVE ( 'NONE', #6856, #7263, #3866, .T. ) ;
#1398 = EDGE_LOOP ( 'NONE', ( #3230, #1562, #4209, #707, #1243, #1872, #1595, #5357 ) ) ;
#1399 = EDGE_CURVE ( 'NONE', #2654, #5255, #4635, .T. ) ;
#1400 = CARTESIAN_POINT ( 'NONE',  ( 1.450000000000000178, -2.500000000000001332, -2.850000000000000089 ) ) ;
#1401 = DIRECTION ( 'NONE',  ( -0.000000000000000000, -0.000000000000000000, -1.000000000000000000 ) ) ;
#1402 = EDGE_LOOP ( 'NONE', ( #6466, #408, #4337, #6571 ) ) ;
#1403 = ORIENTED_EDGE ( 'NONE', *, *, #5808, .T. ) ;
#1404 = CARTESIAN_POINT ( 'NONE',  ( -3.367289138262552051, -0.8711109301738972910, -3.433366198847782158 ) ) ;
#1405 = CARTESIAN_POINT ( 'NONE',  ( 3.700000000000019273, -1.956697076869782892, -4.601304182183907798 ) ) ;
#1406 = VERTEX_POINT ( 'NONE', #3776 ) ;
#1407 = VERTEX_POINT ( 'NONE', #3229 ) ;
#1408 = VERTEX_POINT ( 'NONE', #5482 ) ;
#1409 = DIRECTION ( 'NONE',  ( 0.000000000000000000, 0.000000000000000000, 1.000000000000000000 ) ) ;
#1410 = CARTESIAN_POINT ( 'NONE',  ( -1.350000000000000089, 0.000000000000000000, -3.200000000000000622 ) ) ;
#1411 = VECTOR ( 'NONE', #2004, 1000.000000000000000 ) ;
#1412 = CYLINDRICAL_SURFACE ( 'NONE', #5021, 0.6250000000000001110 ) ;
#1413 = AXIS2_PLACEMENT_3D ( 'NONE', #5136, #97, #63 ) ;
#1414 = CARTESIAN_POINT ( 'NONE',  ( 3.300000000000016698, -7.286606874731845984, -4.049999999999998934 ) ) ;
#1415 = AXIS2_PLACEMENT_3D ( 'NONE', #3218, #2700, #898 ) ;
#1416 = CARTESIAN_POINT ( 'NONE',  ( 2.299999999999998934, 2.300000000000000711, 0.4000000000000000222 ) ) ;
#1417 = VERTEX_POINT ( 'NONE', #2110 ) ;
#1418 = LINE ( 'NONE', #3798, #3366 ) ;
#1419 = DIRECTION ( 'NONE',  ( 0.3363363969981568724, -0.9417419115948372221, 0.000000000000000000 ) ) ;
#1420 = CARTESIAN_POINT ( 'NONE',  ( -2.299999999999999822, 2.299999999999999822, 0.000000000000000000 ) ) ;
#1421 = VERTEX_POINT ( 'NONE', #6633 ) ;
#1422 = FACE_OUTER_BOUND ( 'NONE', #6041, .T. ) ;
#1423 = EDGE_CURVE ( 'NONE', #5228, #5322, #3558, .T. ) ;
#1424 = AXIS2_PLACEMENT_3D ( 'NONE', #5407, #7044, #4307 ) ;
#1425 = VECTOR ( 'NONE', #1526, 1000.000000000000000 ) ;
#1426 = LINE ( 'NONE', #3126, #5496 ) ;
#1427 = ORIENTED_EDGE ( 'NONE', *, *, #3209, .T. ) ;
#1428 = FACE_OUTER_BOUND ( 'NONE', #6534, .T. ) ;
#1429 = DIRECTION ( 'NONE',  ( -0.000000000000000000, -0.000000000000000000, -1.000000000000000000 ) ) ;
#1430 = AXIS2_PLACEMENT_3D ( 'NONE', #6849, #2949, #5790 ) ;
#1431 = ORIENTED_EDGE ( 'NONE', *, *, #1144, .T. ) ;
#1432 = VECTOR ( 'NONE', #1633, 1000.000000000000000 ) ;
#1433 = CARTESIAN_POINT ( 'NONE',  ( 3.300000000000010481, 1.048274411220978366E-15, -2.849999999999998312 ) ) ;
#1434 = CARTESIAN_POINT ( 'NONE',  ( -3.700000000000002398, -3.500000000000000444, -0.5999999999999973133 ) ) ;
#1435 = ORIENTED_EDGE ( 'NONE', *, *, #2359, .F. ) ;
#1436 = CYLINDRICAL_SURFACE ( 'NONE', #4071, 0.6250000000000001110 ) ;
#1437 = VECTOR ( 'NONE', #28, 1000.000000000000000 ) ;
#1438 = ORIENTED_EDGE ( 'NONE', *, *, #930, .T. ) ;
#1439 = PLANE ( 'NONE',  #3860 ) ;
#1440 = LINE ( 'NONE', #6502, #538 ) ;
#1441 = VERTEX_POINT ( 'NONE', #2100 ) ;
#1442 = DIRECTION ( 'NONE',  ( -0.000000000000000000, -0.000000000000000000, -1.000000000000000000 ) ) ;
#1443 = ORIENTED_EDGE ( 'NONE', *, *, #1612, .F. ) ;
#1444 = AXIS2_PLACEMENT_3D ( 'NONE', #2316, #6248, #4472 ) ;
#1445 = EDGE_CURVE ( 'NONE', #2079, #5576, #1110, .T. ) ;
#1446 = CARTESIAN_POINT ( 'NONE',  ( -3.700000000000016609, -0.8789334814492072434, -5.229161585548885327 ) ) ;
#1447 = CARTESIAN_POINT ( 'NONE',  ( 3.700000000000010836, -1.999999999999999112, -3.060156501862068001 ) ) ;
#1448 = ORIENTED_EDGE ( 'NONE', *, *, #4586, .T. ) ;
#1449 = CIRCLE ( 'NONE', #1003, 0.9000000000000014655 ) ;
#1450 = VERTEX_POINT ( 'NONE', #2017 ) ;
#1451 = ORIENTED_EDGE ( 'NONE', *, *, #4296, .T. ) ;
#1452 = DIRECTION ( 'NONE',  ( -1.000000000000000000, 0.000000000000000000, 0.000000000000000000 ) ) ;
#1453 = LINE ( 'NONE', #3152, #2606 ) ;
#1454 = EDGE_CURVE ( 'NONE', #5297, #3156, #4840, .T. ) ;
#1455 = DIRECTION ( 'NONE',  ( 0.000000000000000000, 0.000000000000000000, 1.000000000000000000 ) ) ;
#1456 = AXIS2_PLACEMENT_3D ( 'NONE', #1218, #125, #26 ) ;
#1457 = CYLINDRICAL_SURFACE ( 'NONE', #4873, 0.09999999999999982514 ) ;
#1458 = CARTESIAN_POINT ( 'NONE',  ( 3.300000000000016698, -7.286606874731846872, -4.549999999999998934 ) ) ;
#1459 = ORIENTED_EDGE ( 'NONE', *, *, #11, .T. ) ;
#1460 = DIRECTION ( 'NONE',  ( 0.3363363969981568724, -0.9417419115948372221, 0.000000000000000000 ) ) ;
#1461 = CARTESIAN_POINT ( 'NONE',  ( -2.876494900217184014, -1.262712082465008434, -2.850000000000002753 ) ) ;
#1462 = DIRECTION ( 'NONE',  ( -6.505213034913037648E-15, 1.000000000000000000, 0.000000000000000000 ) ) ;
#1463 = ORIENTED_EDGE ( 'NONE', *, *, #1599, .T. ) ;
#1464 = PLANE ( 'NONE',  #988 ) ;
#1465 = CARTESIAN_POINT ( 'NONE',  ( 2.300000000000000711, -2.300000000000000711, 0.9000000000000002442 ) ) ;
#1466 = ORIENTED_EDGE ( 'NONE', *, *, #1715, .T. ) ;
#1467 = CARTESIAN_POINT ( 'NONE',  ( 0.8499999999999999778, -1.683333333333333348, -2.750000000000000000 ) ) ;
#1468 = EDGE_CURVE ( 'NONE', #1387, #6117, #7210, .T. ) ;
#1469 = FACE_OUTER_BOUND ( 'NONE', #265, .T. ) ;
#1470 = AXIS2_PLACEMENT_3D ( 'NONE', #2836, #6843, #1765 ) ;
#1471 = VERTEX_POINT ( 'NONE', #4363 ) ;
#1472 = CARTESIAN_POINT ( 'NONE',  ( 0.8499999999999999778, -2.600000000000000533, -2.850000000000000089 ) ) ;
#1473 = DIRECTION ( 'NONE',  ( -0.3303504247281062178, 0.9438583563660173370, 0.000000000000000000 ) ) ;
#1474 = ORIENTED_EDGE ( 'NONE', *, *, #6342, .T. ) ;
#1475 = PRESENTATION_STYLE_ASSIGNMENT (( #5001 ) ) ;
#1476 = LINE ( 'NONE', #4331, #5359 ) ;
#1477 = AXIS2_PLACEMENT_3D ( 'NONE', #3735, #5992, #4287 ) ;
#1478 = ORIENTED_EDGE ( 'NONE', *, *, #5489, .F. ) ;
#1479 = DIRECTION ( 'NONE',  ( -1.000000000000000000, 0.000000000000000000, 0.000000000000000000 ) ) ;
#1480 = LINE ( 'NONE', #4964, #1341 ) ;
#1481 = EDGE_LOOP ( 'NONE', ( #1983, #193, #2969, #6307 ) ) ;
#1482 = CARTESIAN_POINT ( 'NONE',  ( 3.746809205874644277, -5.788045602749172680, -5.049999999999998934 ) ) ;
#1483 = VERTEX_POINT ( 'NONE', #5387 ) ;
#1484 = ORIENTED_EDGE ( 'NONE', *, *, #824, .F. ) ;
#1485 = ADVANCED_FACE ( 'NONE', ( #6071 ), #4683, .T. ) ;
#1486 = STYLED_ITEM ( 'NONE', ( #5750 ), #7255 ) ;
#1487 = ORIENTED_EDGE ( 'NONE', *, *, #2205, .T. ) ;
#1488 = DIRECTION ( 'NONE',  ( 0.000000000000000000, -0.000000000000000000, 1.000000000000000000 ) ) ;
#1489 = CARTESIAN_POINT ( 'NONE',  ( 3.692222468107806854, -1.859399599620010779, -3.060156501862070666 ) ) ;
#1490 = VERTEX_POINT ( 'NONE', #3170 ) ;
#1491 = ORIENTED_EDGE ( 'NONE', *, *, #244, .F. ) ;
#1492 = ORIENTED_EDGE ( 'NONE', *, *, #6971, .F. ) ;
#1493 = LINE ( 'NONE', #2716, #60 ) ;
#1494 = CARTESIAN_POINT ( 'NONE',  ( 2.425000000000000266, -8.000000000000000000, -3.060232526704262934 ) ) ;
#1495 = ADVANCED_FACE ( 'NONE', ( #382 ), #6492, .T. ) ;
#1496 = PLANE ( 'NONE',  #2982 ) ;
#1497 = CYLINDRICAL_SURFACE ( 'NONE', #1737, 0.1000000000000000472 ) ;
#1498 = ORIENTED_EDGE ( 'NONE', *, *, #2315, .F. ) ;
#1499 = CARTESIAN_POINT ( 'NONE',  ( 2.900000000000000355, -2.399999999999999467, -3.100000000000000977 ) ) ;
#1500 = DIRECTION ( 'NONE',  ( 0.000000000000000000, 0.000000000000000000, 1.000000000000000000 ) ) ;
#1501 = CARTESIAN_POINT ( 'NONE',  ( -1.350000000000000089, -2.900000000000000355, -3.200000000000000622 ) ) ;
#1502 = EDGE_LOOP ( 'NONE', ( #232, #6514, #7127, #4636 ) ) ;
#1503 = CARTESIAN_POINT ( 'NONE',  ( -1.050000000000000044, -2.900000000000000355, -2.850000000000000089 ) ) ;
#1504 = CARTESIAN_POINT ( 'NONE',  ( -3.000000000000000000, 0.000000000000000000, -2.850000000000000089 ) ) ;
#1505 = VERTEX_POINT ( 'NONE', #2060 ) ;
#1506 = DIRECTION ( 'NONE',  ( -5.330660681387031650E-15, -1.000000000000000000, -2.891205793294662451E-15 ) ) ;
#1507 = CARTESIAN_POINT ( 'NONE',  ( 0.000000000000000000, 0.000000000000000000, -2.650000000000000355 ) ) ;
#1508 = ORIENTED_EDGE ( 'NONE', *, *, #1267, .T. ) ;
#1509 = DIRECTION ( 'NONE',  ( -0.000000000000000000, -1.000000000000000000, -0.000000000000000000 ) ) ;
#1510 = DIRECTION ( 'NONE',  ( 0.000000000000000000, 0.000000000000000000, 1.000000000000000000 ) ) ;
#1511 = EDGE_LOOP ( 'NONE', ( #1957, #5212, #3350, #3267 ) ) ;
#1512 = DIRECTION ( 'NONE',  ( 0.000000000000000000, -0.000000000000000000, 1.000000000000000000 ) ) ;
#1513 = EDGE_LOOP ( 'NONE', ( #3040, #589, #2160, #6093 ) ) ;
#1514 = LINE ( 'NONE', #6747, #4318 ) ;
#1515 = DIRECTION ( 'NONE',  ( 0.02268733357278140961, 0.000000000000000000, -0.9997426093226983168 ) ) ;
#1516 = ORIENTED_EDGE ( 'NONE', *, *, #5381, .T. ) ;
#1517 = FACE_OUTER_BOUND ( 'NONE', #1180, .T. ) ;
#1518 = ORIENTED_EDGE ( 'NONE', *, *, #7140, .F. ) ;
#1519 = ORIENTED_EDGE ( 'NONE', *, *, #6541, .F. ) ;
#1520 = EDGE_LOOP ( 'NONE', ( #6208, #5313, #376, #4675 ) ) ;
#1521 = CARTESIAN_POINT ( 'NONE',  ( -3.700000000000018385, -0.1944444444444450582, -5.371878022344830583 ) ) ;
#1522 = CARTESIAN_POINT ( 'NONE',  ( 3.700000000000018829, -0.8796296296296276518, -5.371878022344837689 ) ) ;
#1523 = ORIENTED_EDGE ( 'NONE', *, *, #4349, .F. ) ;
#1524 = VERTEX_POINT ( 'NONE', #4956 ) ;
#1525 = ORIENTED_EDGE ( 'NONE', *, *, #1818, .F. ) ;
#1526 = DIRECTION ( 'NONE',  ( 1.000000000000000000, -2.691812290308839669E-15, 0.000000000000000000 ) ) ;
#1527 = DIRECTION ( 'NONE',  ( 1.000000000000000000, -8.972707634362798240E-16, 0.000000000000000000 ) ) ;
#1528 = CARTESIAN_POINT ( 'NONE',  ( -1.408578643762689930, 2.458578643762693527, -3.200000000000000622 ) ) ;
#1529 = LINE ( 'NONE', #881, #6304 ) ;
#1530 = DIRECTION ( 'NONE',  ( -1.000000000000000000, 0.000000000000000000, 0.000000000000000000 ) ) ;
#1531 = ORIENTED_EDGE ( 'NONE', *, *, #6156, .T. ) ;
#1532 = CARTESIAN_POINT ( 'NONE',  ( 3.000000000000000000, 0.000000000000000000, -2.850000000000000089 ) ) ;
#1533 = CARTESIAN_POINT ( 'NONE',  ( -3.300000000000010036, -1.905816649150112285, -2.850000000000001865 ) ) ;
#1534 = CARTESIAN_POINT ( 'NONE',  ( 0.000000000000000000, 0.000000000000000000, 0.000000000000000000 ) ) ;
#1535 = ORIENTED_EDGE ( 'NONE', *, *, #6331, .T. ) ;
#1536 = EDGE_CURVE ( 'NONE', #1233, #235, #6578, .T. ) ;
#1537 = CARTESIAN_POINT ( 'NONE',  ( 1.450000000000000178, 1.499999999999999334, -2.850000000000000089 ) ) ;
#1538 = EDGE_CURVE ( 'NONE', #4332, #1650, #971, .T. ) ;
#1539 = CARTESIAN_POINT ( 'NONE',  ( -1.050000000000000044, 2.900000000000000355, -2.850000000000000089 ) ) ;
#1540 = AXIS2_PLACEMENT_3D ( 'NONE', #7241, #4552, #6695 ) ;
#1541 = ORIENTED_EDGE ( 'NONE', *, *, #5114, .T. ) ;
#1542 = VECTOR ( 'NONE', #3047, 1000.000000000000000 ) ;
#1543 = CARTESIAN_POINT ( 'NONE',  ( -4.600000000000014744, -4.587538820250191662, -4.050000000000012257 ) ) ;
#1544 = CARTESIAN_POINT ( 'NONE',  ( 3.700000000000004174, -3.999999999999998224, -0.5999999999999976463 ) ) ;
#1545 = ORIENTED_EDGE ( 'NONE', *, *, #3701, .T. ) ;
#1546 = DIRECTION ( 'NONE',  ( 2.505863157606370084E-16, -0.5547001962252291474, 0.8320502943378437211 ) ) ;
#1547 = LINE ( 'NONE', #7177, #3549 ) ;
#1548 = CARTESIAN_POINT ( 'NONE',  ( 3.700000000000009948, 1.255632809889940434E-15, -2.850000000000028511 ) ) ;
#1549 = EDGE_CURVE ( 'NONE', #992, #2181, #5161, .T. ) ;
#1550 = CIRCLE ( 'NONE', #5685, 0.09999999999999982514 ) ;
#1551 = CARTESIAN_POINT ( 'NONE',  ( -1.750000000000000000, -2.143131898507868297E-16, 0.000000000000000000 ) ) ;
#1552 = EDGE_CURVE ( 'NONE', #973, #4639, #3665, .T. ) ;
#1553 = LINE ( 'NONE', #6231, #3258 ) ;
#1554 = PRODUCT_RELATED_PRODUCT_CATEGORY ( 'part', '', ( #2893 ) ) ;
#1555 = ORIENTED_EDGE ( 'NONE', *, *, #6128, .T. ) ;
#1556 = VECTOR ( 'NONE', #6359, 1000.000000000000000 ) ;
#1557 = AXIS2_PLACEMENT_3D ( 'NONE', #3189, #6560, #409 ) ;
#1558 = CARTESIAN_POINT ( 'NONE',  ( -2.299999999999999822, 2.299999999999999822, 0.000000000000000000 ) ) ;
#1559 = CARTESIAN_POINT ( 'NONE',  ( -0.8499999999999999778, -2.600000000000000533, -2.650000000000000355 ) ) ;
#1560 = ORIENTED_EDGE ( 'NONE', *, *, #4543, .T. ) ;
#1561 = CARTESIAN_POINT ( 'NONE',  ( 2.900000000000000799, 2.400000000000000355, -3.100000000000000977 ) ) ;
#1562 = ORIENTED_EDGE ( 'NONE', *, *, #6762, .T. ) ;
#1563 = ORIENTED_EDGE ( 'NONE', *, *, #3673, .F. ) ;
#1564 = AXIS2_PLACEMENT_3D ( 'NONE', #893, #3765, #4231 ) ;
#1565 = CARTESIAN_POINT ( 'NONE',  ( -3.700000000000017053, -0.08396765301964355388, -5.231773687770120418 ) ) ;
#1566 = CARTESIAN_POINT ( 'NONE',  ( 3.376454728654989079, -1.303900694762706980, -3.060156501862067557 ) ) ;
#1567 = ORIENTED_EDGE ( 'NONE', *, *, #4096, .F. ) ;
#1568 = CIRCLE ( 'NONE', #1804, 0.6250000000000001110 ) ;
#1569 = EDGE_CURVE ( 'NONE', #5477, #6472, #136, .T. ) ;
#1570 = VERTEX_POINT ( 'NONE', #5546 ) ;
#1571 = ORIENTED_EDGE ( 'NONE', *, *, #1982, .F. ) ;
#1572 = DIRECTION ( 'NONE',  ( -1.000000000000000000, 0.000000000000000000, 0.000000000000000000 ) ) ;
#1573 = DIRECTION ( 'NONE',  ( 0.8944271909999162995, 0.4472135954999572616, 0.000000000000000000 ) ) ;
#1574 = CARTESIAN_POINT ( 'NONE',  ( -1.050000000000000711, -2.925000000000000266, 0.6499999999999999112 ) ) ;
#1575 = VECTOR ( 'NONE', #6159, 1000.000000000000114 ) ;
#1576 = ADVANCED_FACE ( 'NONE', ( #503 ), #7252, .T. ) ;
#1577 = CYLINDRICAL_SURFACE ( 'NONE', #6656, 0.6250000000000001110 ) ;
#1578 = CARTESIAN_POINT ( 'NONE',  ( -2.925000000000000266, 2.299999999999999822, 0.000000000000000000 ) ) ;
#1579 = CARTESIAN_POINT ( 'NONE',  ( -3.437244651700125164, -5.168916494400138895, -4.050000000000012257 ) ) ;
#1580 = AXIS2_PLACEMENT_3D ( 'NONE', #1392, #6958, #3577 ) ;
#1581 = DIRECTION ( 'NONE',  ( 3.491481338843133355E-15, 1.826686381626124362E-16, 1.000000000000000000 ) ) ;
#1582 = CARTESIAN_POINT ( 'NONE',  ( -1.674999999999999822, 2.299999999999999822, 0.000000000000000000 ) ) ;
#1583 = ORIENTED_EDGE ( 'NONE', *, *, #1161, .T. ) ;
#1584 = DIRECTION ( 'NONE',  ( -1.000000000000000000, 0.000000000000000000, 0.000000000000000000 ) ) ;
#1585 = CARTESIAN_POINT ( 'NONE',  ( -1.350000000000000089, 1.599999999999999867, -3.200000000000000622 ) ) ;
#1586 = ADVANCED_FACE ( 'NONE', ( #4002 ), #2294, .T. ) ;
#1587 = VECTOR ( 'NONE', #581, 1000.000000000000000 ) ;
#1588 = EDGE_CURVE ( 'NONE', #1441, #4723, #5071, .T. ) ;
#1589 = DIRECTION ( 'NONE',  ( 0.8944271909999172987, 0.4472135954999552077, 0.000000000000000000 ) ) ;
#1590 = CARTESIAN_POINT ( 'NONE',  ( -3.657366486774650483, -5.832766962299169577, -5.049999999999998934 ) ) ;
#1591 = EDGE_CURVE ( 'NONE', #1505, #7120, #6192, .T. ) ;
#1592 = EDGE_LOOP ( 'NONE', ( #4342, #7047, #970, #2428 ) ) ;
#1593 = CARTESIAN_POINT ( 'NONE',  ( -2.299999999999999378, 1.963427199554093505, 0.9000000000000001332 ) ) ;
#1594 = FACE_OUTER_BOUND ( 'NONE', #7192, .T. ) ;
#1595 = ORIENTED_EDGE ( 'NONE', *, *, #2080, .T. ) ;
#1596 = CARTESIAN_POINT ( 'NONE',  ( -3.300000000000018474, -0.09418335084988924133, -5.371878022344844794 ) ) ;
#1597 = DIRECTION ( 'NONE',  ( 0.000000000000000000, 0.000000000000000000, 1.000000000000000000 ) ) ;
#1598 = ORIENTED_EDGE ( 'NONE', *, *, #5269, .F. ) ;
#1599 = EDGE_CURVE ( 'NONE', #5383, #6410, #2255, .T. ) ;
#1600 = CIRCLE ( 'NONE', #776, 0.09999999999999982514 ) ;
#1601 = CARTESIAN_POINT ( 'NONE',  ( -2.299999999999999822, 2.299999999999999822, 0.4000000000000000222 ) ) ;
#1602 = DIRECTION ( 'NONE',  ( -0.000000000000000000, -0.000000000000000000, -1.000000000000000000 ) ) ;
#1603 = ADVANCED_FACE ( 'NONE', ( #3893 ), #2327, .T. ) ;
#1604 = ORIENTED_EDGE ( 'NONE', *, *, #7046, .F. ) ;
#1605 = CARTESIAN_POINT ( 'NONE',  ( 1.350000000000000089, 2.900000000000000355, -3.100000000000000977 ) ) ;
#1606 = EDGE_LOOP ( 'NONE', ( #4850, #2822, #2029, #4718 ) ) ;
#1607 = ORIENTED_EDGE ( 'NONE', *, *, #510, .F. ) ;
#1608 = CIRCLE ( 'NONE', #1256, 0.09999999999999982514 ) ;
#1609 = CARTESIAN_POINT ( 'NONE',  ( -3.671761229044312458, -0.2179417263067587873, -2.850000000000000089 ) ) ;
#1610 = CARTESIAN_POINT ( 'NONE',  ( 3.700000000000018829, -1.120370370370368907, -5.371878022344839465 ) ) ;
#1611 = ORIENTED_EDGE ( 'NONE', *, *, #1066, .T. ) ;
#1612 = EDGE_CURVE ( 'NONE', #155, #2477, #547, .T. ) ;
#1613 = AXIS2_PLACEMENT_3D ( 'NONE', #6030, #6629, #3303 ) ;
#1614 = ORIENTED_EDGE ( 'NONE', *, *, #4109, .T. ) ;
#1615 = VERTEX_POINT ( 'NONE', #5175 ) ;
#1616 = PLANE ( 'NONE',  #6768 ) ;
#1617 = CARTESIAN_POINT ( 'NONE',  ( -1.674999999999999822, -2.299999999999999822, 0.6500000000000001332 ) ) ;
#1618 = FACE_OUTER_BOUND ( 'NONE', #3280, .T. ) ;
#1619 = VECTOR ( 'NONE', #5763, 1000.000000000000000 ) ;
#1620 = EDGE_CURVE ( 'NONE', #4499, #2047, #5690, .T. ) ;
#1621 = CARTESIAN_POINT ( 'NONE',  ( 1.450000000000000400, 2.500000000000001332, -2.850000000000000089 ) ) ;
#1622 = LINE ( 'NONE', #4434, #4917 ) ;
#1623 = DIRECTION ( 'NONE',  ( 0.000000000000000000, 3.469446951953618922E-15, 1.000000000000000000 ) ) ;
#1624 = PLANE ( 'NONE',  #4726 ) ;
#1625 = DIRECTION ( 'NONE',  ( -1.000000000000000000, 5.987542637623614683E-15, -5.585196838722983974E-30 ) ) ;
#1626 = ORIENTED_EDGE ( 'NONE', *, *, #3529, .T. ) ;
#1627 = CARTESIAN_POINT ( 'NONE',  ( 3.000000000000000000, 1.600000000000000755, -2.850000000000000089 ) ) ;
#1628 = FACE_OUTER_BOUND ( 'NONE', #5180, .T. ) ;
#1629 = CARTESIAN_POINT ( 'NONE',  ( 3.700000000000009948, 1.255632809889940434E-15, -2.850000000000028511 ) ) ;
#1630 = CARTESIAN_POINT ( 'NONE',  ( -1.450000000000000178, -2.900000000000000355, -2.850000000000000089 ) ) ;
#1631 = ORIENTED_EDGE ( 'NONE', *, *, #281, .T. ) ;
#1632 = EDGE_CURVE ( 'NONE', #332, #5484, #6150, .T. ) ;
#1633 = DIRECTION ( 'NONE',  ( -3.491481338843133355E-15, -1.396527051659257659E-16, -1.000000000000000000 ) ) ;
#1634 = CARTESIAN_POINT ( 'NONE',  ( -2.899999999999999911, 2.500000000000000000, -2.850000000000000089 ) ) ;
#1635 = LINE ( 'NONE', #2019, #370 ) ;
#1636 = CARTESIAN_POINT ( 'NONE',  ( -3.300000000000016254, 2.999999999999999112, -4.748279434898257101 ) ) ;
#1637 = CARTESIAN_POINT ( 'NONE',  ( -1.450000000000000178, 2.500000000000001332, -2.850000000000000089 ) ) ;
#1638 = VERTEX_POINT ( 'NONE', #5105 ) ;
#1639 = DIRECTION ( 'NONE',  ( -0.000000000000000000, -1.000000000000000000, -0.000000000000000000 ) ) ;
#1640 = CARTESIAN_POINT ( 'NONE',  ( 3.300000000000016698, -7.199999999999998401, -5.049999999999998934 ) ) ;
#1641 = ORIENTED_EDGE ( 'NONE', *, *, #4927, .F. ) ;
#1642 = PLANE ( 'NONE',  #6391 ) ;
#1643 = ORIENTED_EDGE ( 'NONE', *, *, #2576, .T. ) ;
#1644 = ORIENTED_EDGE ( 'NONE', *, *, #4348, .F. ) ;
#1645 = EDGE_CURVE ( 'NONE', #7204, #1264, #71, .T. ) ;
#1646 = DIRECTION ( 'NONE',  ( -1.591815266738517020E-30, 3.523657060577896116E-15, 1.000000000000000000 ) ) ;
#1647 = ADVANCED_FACE ( 'NONE', ( #4589 ), #6846, .T. ) ;
#1648 = CARTESIAN_POINT ( 'NONE',  ( 3.584978171884241949, -1.292888032007501797, -4.601506682002191262 ) ) ;
#1649 = ORIENTED_EDGE ( 'NONE', *, *, #4989, .T. ) ;
#1650 = VERTEX_POINT ( 'NONE', #1709 ) ;
#1651 = ORIENTED_EDGE ( 'NONE', *, *, #1182, .T. ) ;
#1652 = DIRECTION ( 'NONE',  ( 0.000000000000000000, 0.000000000000000000, 1.000000000000000000 ) ) ;
#1653 = CARTESIAN_POINT ( 'NONE',  ( -3.121833710861379618, -1.504153465084881347, -2.990104334574713363 ) ) ;
#1654 = CARTESIAN_POINT ( 'NONE',  ( 1.450000000000000178, 0.000000000000000000, -2.850000000000000089 ) ) ;
#1655 = LINE ( 'NONE', #6692, #2874 ) ;
#1656 = CARTESIAN_POINT ( 'NONE',  ( -2.299999999999999822, 1.674999999999999378, 0.6500000000000001332 ) ) ;
#1657 = CARTESIAN_POINT ( 'NONE',  ( -3.700000000000010836, -4.000000000000000000, -3.049999999999999378 ) ) ;
#1658 = DIRECTION ( 'NONE',  ( -1.000000000000000000, 0.000000000000000000, 0.000000000000000000 ) ) ;
#1659 = ORIENTED_EDGE ( 'NONE', *, *, #6369, .T. ) ;
#1660 = CARTESIAN_POINT ( 'NONE',  ( 1.149999999999999911, 0.000000000000000000, -3.100000000000000977 ) ) ;
#1661 = CARTESIAN_POINT ( 'NONE',  ( 3.300000000000000266, 1.490777987167568597E-15, -0.09999999999998941680 ) ) ;
#1662 = CARTESIAN_POINT ( 'NONE',  ( 2.299999999999999822, -1.674999999999999822, 0.6500000000000001332 ) ) ;
#1663 = FACE_OUTER_BOUND ( 'NONE', #1402, .T. ) ;
#1664 = ORIENTED_EDGE ( 'NONE', *, *, #1740, .T. ) ;
#1665 = DIRECTION ( 'NONE',  ( 0.000000000000000000, 0.000000000000000000, 1.000000000000000000 ) ) ;
#1666 = CARTESIAN_POINT ( 'NONE',  ( -3.300000000000021583, 0.2915135853376565889, -6.287270378006486915 ) ) ;
#1667 = EDGE_CURVE ( 'NONE', #4374, #2139, #3376, .T. ) ;
#1668 = CARTESIAN_POINT ( 'NONE',  ( 3.000000000000000000, 3.848917712323542318E-15, 0.4000000000000094036 ) ) ;
#1669 = AXIS2_PLACEMENT_3D ( 'NONE', #4559, #1743, #2182 ) ;
#1670 = CIRCLE ( 'NONE', #2367, 0.09999999999999982514 ) ;
#1671 = CARTESIAN_POINT ( 'NONE',  ( 3.300000000000011369, -1.999999999999999556, -2.990104334574712919 ) ) ;
#1672 = ORIENTED_EDGE ( 'NONE', *, *, #4728, .F. ) ;
#1673 = CARTESIAN_POINT ( 'NONE',  ( 2.600000000000000533, 3.100000000000000089, -2.200000000000000178 ) ) ;
#1674 = DIRECTION ( 'NONE',  ( 0.000000000000000000, -1.000000000000000000, 6.505213034913037648E-15 ) ) ;
#1675 = EDGE_CURVE ( 'NONE', #7, #1176, #4046, .T. ) ;
#1676 = AXIS2_PLACEMENT_3D ( 'NONE', #27, #6772, #3401 ) ;
#1677 = ORIENTED_EDGE ( 'NONE', *, *, #2439, .F. ) ;
#1678 = DIRECTION ( 'NONE',  ( 0.9417419115948374442, -0.3363363969981563728, 0.000000000000000000 ) ) ;
#1679 = VERTEX_POINT ( 'NONE', #3930 ) ;
#1680 = VERTEX_POINT ( 'NONE', #2 ) ;
#1681 = DIRECTION ( 'NONE',  ( -4.486353817181402078E-16, -1.000000000000000000, 0.000000000000000000 ) ) ;
#1682 = AXIS2_PLACEMENT_3D ( 'NONE', #6761, #54, #3283 ) ;
#1683 = CARTESIAN_POINT ( 'NONE',  ( 3.566091891172920914, -1.467018513674720470, -3.853942002491066443 ) ) ;
#1684 = AXIS2_PLACEMENT_3D ( 'NONE', #6706, #4483, #6946 ) ;
#1685 = ORIENTED_EDGE ( 'NONE', *, *, #5662, .F. ) ;
#1686 = EDGE_CURVE ( 'NONE', #3872, #846, #1770, .T. ) ;
#1687 = VERTEX_POINT ( 'NONE', #3969 ) ;
#1688 = EDGE_CURVE ( 'NONE', #6064, #6241, #1166, .T. ) ;
#1689 = CIRCLE ( 'NONE', #3343, 0.6250000000000001110 ) ;
#1690 = LINE ( 'NONE', #4500, #275 ) ;
#1691 = AXIS2_PLACEMENT_3D ( 'NONE', #6035, #4966, #4372 ) ;
#1692 = CARTESIAN_POINT ( 'NONE',  ( -3.352432279564657946, -6.983904117433510805, -4.049999999999999822 ) ) ;
#1693 = DIRECTION ( 'NONE',  ( 0.000000000000000000, 3.523657060577896510E-15, 1.000000000000000000 ) ) ;
#1694 = CIRCLE ( 'NONE', #4535, 0.09999999999999982514 ) ;
#1695 = EDGE_CURVE ( 'NONE', #6091, #3740, #3437, .T. ) ;
#1696 = DIRECTION ( 'NONE',  ( 0.000000000000000000, 0.9615239476408233843, 0.2747211278973775705 ) ) ;
#1697 = DIRECTION ( 'NONE',  ( -1.000000000000000000, 1.611452925619907854E-15, 1.074301950413271771E-15 ) ) ;
#1698 = DIRECTION ( 'NONE',  ( -0.000000000000000000, -0.000000000000000000, -1.000000000000000000 ) ) ;
#1699 = ADVANCED_FACE ( 'NONE', ( #4028 ), #6291, .F. ) ;
#1700 = EDGE_CURVE ( 'NONE', #1924, #3922, #688, .T. ) ;
#1701 = CARTESIAN_POINT ( 'NONE',  ( 1.350000000000000089, -3.000000000000000000, -2.850000000000000089 ) ) ;
#1702 = CIRCLE ( 'NONE', #6411, 0.09999999999999939493 ) ;
#1703 = DIRECTION ( 'NONE',  ( -0.000000000000000000, -0.000000000000000000, -1.000000000000000000 ) ) ;
#1704 = CARTESIAN_POINT ( 'NONE',  ( 3.300000000000019362, 2.600000000000000533, -6.049999999999998046 ) ) ;
#1705 = AXIS2_PLACEMENT_3D ( 'NONE', #4361, #4954, #3168 ) ;
#1706 = CARTESIAN_POINT ( 'NONE',  ( 2.900000000000000355, -2.399999999999999467, -3.200000000000000622 ) ) ;
#1707 = DIRECTION ( 'NONE',  ( 0.000000000000000000, 0.000000000000000000, -1.000000000000000000 ) ) ;
#1708 = ORIENTED_EDGE ( 'NONE', *, *, #1282, .T. ) ;
#1709 = CARTESIAN_POINT ( 'NONE',  ( 1.149999999999999911, 3.000000000000000000, -3.100000000000000977 ) ) ;
#1710 = DIRECTION ( 'NONE',  ( 3.252606517456511724E-15, 0.000000000000000000, -1.000000000000000000 ) ) ;
#1711 = DIRECTION ( 'NONE',  ( -1.000000000000000000, 0.000000000000000000, 0.000000000000000000 ) ) ;
#1712 = VECTOR ( 'NONE', #924, 1000.000000000000000 ) ;
#1713 = CARTESIAN_POINT ( 'NONE',  ( 2.876494900217184902, -0.7372879175349913439, -2.850000000000000089 ) ) ;
#1714 = EDGE_LOOP ( 'NONE', ( #143, #3143, #3071, #3616 ) ) ;
#1715 = EDGE_CURVE ( 'NONE', #2071, #5641, #2390, .T. ) ;
#1716 = DIRECTION ( 'NONE',  ( -1.000000000000000000, 0.000000000000000000, 0.000000000000000000 ) ) ;
#1717 = CYLINDRICAL_SURFACE ( 'NONE', #7011, 0.09999999999999982514 ) ;
#1718 = VECTOR ( 'NONE', #411, 1000.000000000000000 ) ;
#1719 = ORIENTED_EDGE ( 'NONE', *, *, #7246, .T. ) ;
#1720 = FACE_OUTER_BOUND ( 'NONE', #7155, .T. ) ;
#1721 = ORIENTED_EDGE ( 'NONE', *, *, #442, .T. ) ;
#1722 = ORIENTED_EDGE ( 'NONE', *, *, #2080, .F. ) ;
#1723 = CARTESIAN_POINT ( 'NONE',  ( -4.128237442572069149, -6.000935160798248624, -4.049999999999998934 ) ) ;
#1724 = VECTOR ( 'NONE', #1646, 1000.000000000000000 ) ;
#1725 = CARTESIAN_POINT ( 'NONE',  ( 3.700000000000016609, -0.3624598851928417242, -5.231598611585615011 ) ) ;
#1726 = EDGE_LOOP ( 'NONE', ( #4447, #3063, #1649, #5736 ) ) ;
#1727 = FACE_OUTER_BOUND ( 'NONE', #2581, .T. ) ;
#1728 = ORIENTED_EDGE ( 'NONE', *, *, #2856, .T. ) ;
#1729 = VECTOR ( 'NONE', #2064, 1000.000000000000000 ) ;
#1730 = EDGE_CURVE ( 'NONE', #2636, #2038, #1867, .T. ) ;
#1731 = CARTESIAN_POINT ( 'NONE',  ( 3.751540677934136259, -5.866400601998983610, -4.050000000000012257 ) ) ;
#1732 = CARTESIAN_POINT ( 'NONE',  ( -3.700000000000018829, -2.000000000000002665, -3.433768060727972582 ) ) ;
#1733 = DIRECTION ( 'NONE',  ( 1.000000000000000000, 0.000000000000000000, 0.000000000000000000 ) ) ;
#1734 = DIRECTION ( 'NONE',  ( 0.000000000000000000, 0.000000000000000000, 1.000000000000000000 ) ) ;
#1735 = LINE ( 'NONE', #6839, #3000 ) ;
#1736 = CARTESIAN_POINT ( 'NONE',  ( -3.000000000000000000, -3.000000000000000000, -3.200000000000000622 ) ) ;
#1737 = AXIS2_PLACEMENT_3D ( 'NONE', #5795, #4391, #5246 ) ;
#1738 = CARTESIAN_POINT ( 'NONE',  ( -3.700000000000021494, -4.000000000000000000, -6.049999999999997158 ) ) ;
#1739 = CARTESIAN_POINT ( 'NONE',  ( -2.425000000000000266, -8.000000000000000000, -2.200000000000000178 ) ) ;
#1740 = EDGE_CURVE ( 'NONE', #2897, #5430, #6356, .T. ) ;
#1741 = CARTESIAN_POINT ( 'NONE',  ( -3.700000000000017941, 2.709888451158950051, -5.132889013954584634 ) ) ;
#1742 = CARTESIAN_POINT ( 'NONE',  ( -3.751540677934134038, -5.866400601998987163, -5.049999999999998934 ) ) ;
#1743 = DIRECTION ( 'NONE',  ( 0.000000000000000000, 1.000000000000000000, 0.000000000000000000 ) ) ;
#1744 = CARTESIAN_POINT ( 'NONE',  ( 2.153449832247074575E-15, 2.400000000000003464, -3.100000000000000977 ) ) ;
#1745 = DIRECTION ( 'NONE',  ( 1.000000000000000000, -1.495451272393800528E-16, 0.000000000000000000 ) ) ;
#1746 = CARTESIAN_POINT ( 'NONE',  ( 3.162683124596870066, -1.502836447387379204, -3.363715893440616611 ) ) ;
#1747 = ORIENTED_EDGE ( 'NONE', *, *, #2344, .T. ) ;
#1748 = CYLINDRICAL_SURFACE ( 'NONE', #2538, 0.09999999999999982514 ) ;
#1749 = DIRECTION ( 'NONE',  ( 0.000000000000000000, -6.505213034913037648E-15, -1.000000000000000000 ) ) ;
#1750 = VERTEX_POINT ( 'NONE', #5272 ) ;
#1751 = PLANE ( 'NONE',  #3197 ) ;
#1752 = VERTEX_POINT ( 'NONE', #1357 ) ;
#1753 = DIRECTION ( 'NONE',  ( -0.000000000000000000, -0.000000000000000000, -1.000000000000000000 ) ) ;
#1754 = EDGE_CURVE ( 'NONE', #4074, #6897, #3629, .T. ) ;
#1755 = VERTEX_POINT ( 'NONE', #230 ) ;
#1756 = CARTESIAN_POINT ( 'NONE',  ( 3.700000000000018385, -0.1944444444444433651, -5.371878022344830583 ) ) ;
#1757 = ORIENTED_EDGE ( 'NONE', *, *, #3611, .T. ) ;
#1758 = CARTESIAN_POINT ( 'NONE',  ( -3.230608367692934912, -0.4993535166557726557, -4.391147680321848767 ) ) ;
#1759 = CARTESIAN_POINT ( 'NONE',  ( -3.697235051735586531, -1.869900702525675085, -4.601303944796274692 ) ) ;
#1760 = CARTESIAN_POINT ( 'NONE',  ( -3.729129044202593057, -7.118438676232774043, -4.049999999999998046 ) ) ;
#1761 = CARTESIAN_POINT ( 'NONE',  ( -2.299999999999999822, 2.299999999999999822, 0.4000000000000000222 ) ) ;
#1762 = CARTESIAN_POINT ( 'NONE',  ( 0.8499999999999999778, 0.4833333333333334481, -2.799999999999999378 ) ) ;
#1763 = FACE_OUTER_BOUND ( 'NONE', #3905, .T. ) ;
#1764 = DIRECTION ( 'NONE',  ( -0.000000000000000000, -0.000000000000000000, -1.000000000000000000 ) ) ;
#1765 = DIRECTION ( 'NONE',  ( -1.000000000000000000, 0.000000000000000000, 0.000000000000000000 ) ) ;
#1766 = B_SPLINE_CURVE_WITH_KNOTS ( 'NONE', 2,
 ( #2764, #6280, #2214 ),
 .UNSPECIFIED., .F., .F.,
 ( 3, 3 ),
 ( 0.000000000000000000, 1.000000000000000000 ),
 .UNSPECIFIED. ) ;
#1767 = CARTESIAN_POINT ( 'NONE',  ( 3.344139186151720011, -0.6948026880367431657, -2.850000000000001865 ) ) ;
#1768 = EDGE_CURVE ( 'NONE', #3048, #4593, #3532, .T. ) ;
#1769 = CARTESIAN_POINT ( 'NONE',  ( 3.300000000000015810, -7.499999999999999112, -5.049999999999999822 ) ) ;
#1770 = LINE ( 'NONE', #34, #2280 ) ;
#1771 = EDGE_CURVE ( 'NONE', #1441, #3645, #5887, .T. ) ;
#1772 = DIRECTION ( 'NONE',  ( 1.000000000000000000, 0.000000000000000000, 0.000000000000000000 ) ) ;
#1773 = CARTESIAN_POINT ( 'NONE',  ( 3.300000000000011369, -1.905816649150110509, -2.990104334574712919 ) ) ;
#1774 = ORIENTED_EDGE ( 'NONE', *, *, #3330, .T. ) ;
#1775 = EDGE_CURVE ( 'NONE', #6036, #5741, #6186, .T. ) ;
#1776 = DIRECTION ( 'NONE',  ( -1.000000000000000000, 4.486353817181402078E-16, 0.000000000000000000 ) ) ;
#1777 = CARTESIAN_POINT ( 'NONE',  ( 4.128237442572071814, -6.000935160798246848, -4.049999999999998934 ) ) ;
#1778 = ORIENTED_EDGE ( 'NONE', *, *, #6457, .T. ) ;
#1779 = DIRECTION ( 'NONE',  ( 0.000000000000000000, 1.000000000000000000, 0.000000000000000000 ) ) ;
#1780 = ORIENTED_EDGE ( 'NONE', *, *, #4817, .F. ) ;
#1781 = ADVANCED_FACE ( 'NONE', ( #1903 ), #4653, .T. ) ;
#1782 = VECTOR ( 'NONE', #812, 1000.000000000000000 ) ;
#1783 = CARTESIAN_POINT ( 'NONE',  ( -3.795015528100091018, -4.990031056200155746, -4.049999999999998934 ) ) ;
#1784 = ORIENTED_EDGE ( 'NONE', *, *, #2910, .T. ) ;
#1785 = AXIS2_PLACEMENT_3D ( 'NONE', #3449, #2304, #2851 ) ;
#1786 = DIRECTION ( 'NONE',  ( -1.000000000000000000, -6.439293542825908723E-15, 5.585196838722984675E-30 ) ) ;
#1787 = VERTEX_POINT ( 'NONE', #6981 ) ;
#1788 = CARTESIAN_POINT ( 'NONE',  ( -3.300000000000018030, -1.794705538039001125, -5.231773687770131076 ) ) ;
#1789 = VECTOR ( 'NONE', #2472, 1000.000000000000000 ) ;
#1790 = AXIS2_PLACEMENT_3D ( 'NONE', #5853, #4217, #5298 ) ;
#1791 = CARTESIAN_POINT ( 'NONE',  ( -3.649061435579256329, -1.741316489862834826, -2.850000000000000089 ) ) ;
#1792 = AXIS2_PLACEMENT_3D ( 'NONE', #6108, #1007, #2131 ) ;
#1793 = CARTESIAN_POINT ( 'NONE',  ( -1.450000000000000178, 1.500000000000000000, -2.850000000000000089 ) ) ;
#1794 = VECTOR ( 'NONE', #1665, 1000.000000000000000 ) ;
#1795 = DIRECTION ( 'NONE',  ( 0.000000000000000000, 0.000000000000000000, 1.000000000000000000 ) ) ;
#1796 = CARTESIAN_POINT ( 'NONE',  ( 3.700000000000016165, -3.499999999999998224, -4.049999999999998934 ) ) ;
#1797 = DIRECTION ( 'NONE',  ( -6.071532165918819308E-15, -1.000000000000000000, 0.000000000000000000 ) ) ;
#1798 = DIRECTION ( 'NONE',  ( -1.000000000000000000, 0.000000000000000000, 0.000000000000000000 ) ) ;
#1799 = APPLICATION_CONTEXT ( 'automotive_design' ) ;
#1800 = DIRECTION ( 'NONE',  ( -0.000000000000000000, -0.000000000000000000, -1.000000000000000000 ) ) ;
#1801 = EDGE_CURVE ( 'NONE', #2071, #697, #650, .T. ) ;
#1802 = CARTESIAN_POINT ( 'NONE',  ( 0.8499999999999999778, -2.600000000000000533, -2.650000000000000355 ) ) ;
#1803 = CARTESIAN_POINT ( 'NONE',  ( 2.900000000000000355, -1.599999999999999867, -3.100000000000000977 ) ) ;
#1804 = AXIS2_PLACEMENT_3D ( 'NONE', #5194, #3099, #153 ) ;
#1805 = CARTESIAN_POINT ( 'NONE',  ( 3.700000000000016609, 2.709888451158951828, -5.132889013954584634 ) ) ;
#1806 = FACE_OUTER_BOUND ( 'NONE', #4774, .T. ) ;
#1807 = DIRECTION ( 'NONE',  ( 0.000000000000000000, 0.000000000000000000, 1.000000000000000000 ) ) ;
#1808 = EDGE_CURVE ( 'NONE', #5767, #7267, #3046, .T. ) ;
#1809 = CARTESIAN_POINT ( 'NONE',  ( 3.278597828075718201, -1.797246988481828955, -2.990104334574712919 ) ) ;
#1810 = AXIS2_PLACEMENT_3D ( 'NONE', #6713, #942, #4885 ) ;
#1811 = ORIENTED_EDGE ( 'NONE', *, *, #3148, .T. ) ;
#1812 = DIRECTION ( 'NONE',  ( -0.000000000000000000, -0.000000000000000000, -1.000000000000000000 ) ) ;
#1813 = CARTESIAN_POINT ( 'NONE',  ( 3.700000000000015721, -7.500000000000002665, -5.049999999999999822 ) ) ;
#1814 = EDGE_LOOP ( 'NONE', ( #1210, #4078, #2929, #2645 ) ) ;
#1815 = DIRECTION ( 'NONE',  ( 4.517509052022934484E-16, -1.000000000000000000, 3.523657060577896116E-15 ) ) ;
#1816 = ORIENTED_EDGE ( 'NONE', *, *, #5863, .F. ) ;
#1817 = DIRECTION ( 'NONE',  ( 1.000000000000000000, 4.486353817181400106E-16, 0.000000000000000000 ) ) ;
#1818 = EDGE_CURVE ( 'NONE', #1680, #3138, #743, .T. ) ;
#1819 = ORIENTED_EDGE ( 'NONE', *, *, #1536, .T. ) ;
#1820 = ADVANCED_FACE ( 'NONE', ( #4193 ), #263, .T. ) ;
#1821 = CIRCLE ( 'NONE', #5139, 0.6250000000000001110 ) ;
#1822 = DIRECTION ( 'NONE',  ( -0.000000000000000000, -0.000000000000000000, -1.000000000000000000 ) ) ;
#1823 = EDGE_LOOP ( 'NONE', ( #4264, #6749, #910, #2112 ) ) ;
#1824 = CARTESIAN_POINT ( 'NONE',  ( -3.300000000000016254, -0.09418335084988924133, -4.858162128904228716 ) ) ;
#1825 = VECTOR ( 'NONE', #4237, 1000.000000000000000 ) ;
#1826 = CARTESIAN_POINT ( 'NONE',  ( -3.700000000000010836, -1.955290967240471023, -3.854081064452107519 ) ) ;
#1827 = ORIENTED_EDGE ( 'NONE', *, *, #3354, .T. ) ;
#1828 = VECTOR ( 'NONE', #374, 1000.000000000000000 ) ;
#1829 = CARTESIAN_POINT ( 'NONE',  ( -2.600000000000000533, -7.500000000000000000, -3.060232526704262934 ) ) ;
#1830 = CARTESIAN_POINT ( 'NONE',  ( -3.700000000000016609, 2.999999999999999112, -4.748279434898255325 ) ) ;
#1831 = ORIENTED_EDGE ( 'NONE', *, *, #2090, .F. ) ;
#1832 = CARTESIAN_POINT ( 'NONE',  ( -2.425000000000000266, -8.000000000000000000, -2.200000000000000622 ) ) ;
#1833 = DIRECTION ( 'NONE',  ( -0.02268733357278140961, -2.778397044109503898E-18, -0.9997426093226983168 ) ) ;
#1834 = EDGE_CURVE ( 'NONE', #1988, #3394, #3082, .T. ) ;
#1835 = CARTESIAN_POINT ( 'NONE',  ( 1.899999999999999689, 3.100000000000000089, -1.900000000000000133 ) ) ;
#1836 = DIRECTION ( 'NONE',  ( 0.000000000000000000, 1.000000000000000000, 0.000000000000000000 ) ) ;
#1837 = VECTOR ( 'NONE', #4505, 1000.000000000000000 ) ;
#1838 = DIRECTION ( 'NONE',  ( -4.517509052022934484E-16, 1.000000000000000000, -3.523657060577896116E-15 ) ) ;
#1839 = CARTESIAN_POINT ( 'NONE',  ( -0.8499999999999999778, 1.733333333333333171, -2.750000000000000000 ) ) ;
#1840 = VERTEX_POINT ( 'NONE', #4752 ) ;
#1841 = DIRECTION ( 'NONE',  ( -1.000000000000000000, 0.000000000000000000, 0.000000000000000000 ) ) ;
#1842 = CARTESIAN_POINT ( 'NONE',  ( 3.300000000000015810, -7.499999999999997335, -4.049999999999998934 ) ) ;
#1843 = ORIENTED_EDGE ( 'NONE', *, *, #4550, .F. ) ;
#1844 = EDGE_CURVE ( 'NONE', #2047, #4199, #375, .T. ) ;
#1845 = DIRECTION ( 'NONE',  ( 0.000000000000000000, 0.000000000000000000, -1.000000000000000000 ) ) ;
#1846 = CARTESIAN_POINT ( 'NONE',  ( -0.8499999999999999778, -1.733333333333333171, -2.650000000000000355 ) ) ;
#1847 = EDGE_LOOP ( 'NONE', ( #2093, #3315, #7105, #565, #4216 ) ) ;
#1848 = DIRECTION ( 'NONE',  ( -1.000000000000000000, -4.517509052022934484E-16, -3.491481338843133355E-15 ) ) ;
#1849 = VERTEX_POINT ( 'NONE', #5204 ) ;
#1850 = DIRECTION ( 'NONE',  ( -0.000000000000000000, -0.000000000000000000, -1.000000000000000000 ) ) ;
#1851 = ORIENTED_EDGE ( 'NONE', *, *, #1317, .T. ) ;
#1852 = CARTESIAN_POINT ( 'NONE',  ( 3.700000000000015721, -7.500000000000001776, -4.549999999999998934 ) ) ;
#1853 = ADVANCED_FACE ( 'NONE', ( #5859, #2426, #7018, #5820, #6420, #1322 ), #133, .T. ) ;
#1854 = EDGE_LOOP ( 'NONE', ( #1492, #7145, #2130, #1435 ) ) ;
#1855 = CARTESIAN_POINT ( 'NONE',  ( -3.300000000000011813, -0.09418335084988924133, -3.363715893440616611 ) ) ;
#1856 = ADVANCED_FACE ( 'NONE', ( #2524 ), #4315, .T. ) ;
#1857 = CARTESIAN_POINT ( 'NONE',  ( -3.655018759029681430, -1.289801280502448355, -5.021025263362324687 ) ) ;
#1858 = EDGE_LOOP ( 'NONE', ( #2781, #3570, #7191, #4958 ) ) ;
#1859 = DIRECTION ( 'NONE',  ( 0.000000000000000000, 0.000000000000000000, -1.000000000000000000 ) ) ;
#1860 = FACE_OUTER_BOUND ( 'NONE', #6033, .T. ) ;
#1861 = ORIENTED_EDGE ( 'NONE', *, *, #6934, .F. ) ;
#1862 = DIRECTION ( 'NONE',  ( -0.000000000000000000, -0.000000000000000000, -1.000000000000000000 ) ) ;
#1863 = LINE ( 'NONE', #1219, #5566 ) ;
#1864 = ADVANCED_FACE ( 'NONE', ( #3670 ), #6524, .T. ) ;
#1865 = FACE_OUTER_BOUND ( 'NONE', #447, .T. ) ;
#1866 = CARTESIAN_POINT ( 'NONE',  ( -3.691437579568225047, -1.858825984276808008, -2.849999999999994760 ) ) ;
#1867 = LINE ( 'NONE', #3017, #5579 ) ;
#1868 = FACE_OUTER_BOUND ( 'NONE', #1303, .T. ) ;
#1869 = ORIENTED_EDGE ( 'NONE', *, *, #1538, .F. ) ;
#1870 = DIRECTION ( 'NONE',  ( 1.000000000000000000, 0.000000000000000000, -3.491481338843133355E-15 ) ) ;
#1871 = CARTESIAN_POINT ( 'NONE',  ( 3.300000000000018918, -1.259259259259258412, -5.371878022344843906 ) ) ;
#1872 = ORIENTED_EDGE ( 'NONE', *, *, #2262, .T. ) ;
#1873 = ADVANCED_FACE ( 'NONE', ( #2689 ), #3201, .T. ) ;
#1874 = DIRECTION ( 'NONE',  ( 0.000000000000000000, 0.000000000000000000, 1.000000000000000000 ) ) ;
#1875 = CARTESIAN_POINT ( 'NONE',  ( -0.8499999999999999778, -1.733333333333333171, -2.650000000000000355 ) ) ;
#1876 = VERTEX_POINT ( 'NONE', #334 ) ;
#1877 = PLANE ( 'NONE',  #1213 ) ;
#1878 = ORIENTED_EDGE ( 'NONE', *, *, #4617, .F. ) ;
#1879 = DIRECTION ( 'NONE',  ( 0.000000000000000000, 0.000000000000000000, 1.000000000000000000 ) ) ;
#1880 = ORIENTED_EDGE ( 'NONE', *, *, #2423, .F. ) ;
#1881 = EDGE_CURVE ( 'NONE', #2154, #283, #3711, .T. ) ;
#1882 = CARTESIAN_POINT ( 'NONE',  ( -2.299999999999999822, -2.925000000000000711, 0.6500000000000001332 ) ) ;
#1883 = VERTEX_POINT ( 'NONE', #2563 ) ;
#1884 = CARTESIAN_POINT ( 'NONE',  ( -3.202900065305541499, -0.7399490881538851594, -4.858162128904228716 ) ) ;
#1885 = CARTESIAN_POINT ( 'NONE',  ( -3.700000000000019718, -1.472222222222223653, -5.371878022344831471 ) ) ;
#1886 = VECTOR ( 'NONE', #1419, 1000.000000000000114 ) ;
#1887 = CARTESIAN_POINT ( 'NONE',  ( 3.683551088572484034, -1.756772294004484092, -4.601306728343174335 ) ) ;
#1888 = AXIS2_PLACEMENT_3D ( 'NONE', #549, #2355, #4616 ) ;
#1889 = EDGE_LOOP ( 'NONE', ( #4182, #6937 ) ) ;
#1890 = EDGE_CURVE ( 'NONE', #906, #5640, #7049, .T. ) ;
#1891 = DIRECTION ( 'NONE',  ( -1.495451272393800528E-16, -1.000000000000000000, 0.000000000000000000 ) ) ;
#1892 = ORIENTED_EDGE ( 'NONE', *, *, #5012, .F. ) ;
#1893 = PRESENTATION_LAYER_ASSIGNMENT (  '', '', ( #5797 ) ) ;
#1894 = CYLINDRICAL_SURFACE ( 'NONE', #740, 0.09999999999999939493 ) ;
#1895 = LINE ( 'NONE', #3042, #2844 ) ;
#1896 = DIRECTION ( 'NONE',  ( -0.000000000000000000, -0.000000000000000000, -1.000000000000000000 ) ) ;
#1897 = AXIS2_PLACEMENT_3D ( 'NONE', #747, #2987, #5242 ) ;
#1898 = EDGE_CURVE ( 'NONE', #4199, #992, #4910, .T. ) ;
#1899 = EDGE_CURVE ( 'NONE', #5322, #2228, #7218, .T. ) ;
#1900 = LINE ( 'NONE', #5201, #5462 ) ;
#1901 = ADVANCED_FACE ( 'NONE', ( #1046 ), #7202, .F. ) ;
#1902 = CARTESIAN_POINT ( 'NONE',  ( -3.227960847199673911, -1.000113306498448651, -2.849999999999998312 ) ) ;
#1903 = FACE_OUTER_BOUND ( 'NONE', #785, .T. ) ;
#1904 = LINE ( 'NONE', #1839, #3323 ) ;
#1905 = ORIENTED_EDGE ( 'NONE', *, *, #266, .F. ) ;
#1906 = VECTOR ( 'NONE', #338, 1000.000000000000000 ) ;
#1907 = DIRECTION ( 'NONE',  ( -3.491481338843133750E-15, 0.000000000000000000, -1.000000000000000000 ) ) ;
#1908 = CARTESIAN_POINT ( 'NONE',  ( 3.300000000000018030, -0.2052944619609988197, -5.231773687770131076 ) ) ;
#1909 = EDGE_LOOP ( 'NONE', ( #322, #995, #421, #399, #6548, #518, #2703, #6663 ) ) ;
#1910 = VECTOR ( 'NONE', #5652, 1000.000000000000114 ) ;
#1911 = CARTESIAN_POINT ( 'NONE',  ( -3.700000000000010836, -3.500000000000000000, -3.049999999999999378 ) ) ;
#1912 = ORIENTED_EDGE ( 'NONE', *, *, #1695, .F. ) ;
#1913 = FACE_OUTER_BOUND ( 'NONE', #726, .T. ) ;
#1914 = EDGE_LOOP ( 'NONE', ( #5483, #6498, #1644, #6945 ) ) ;
#1915 = AXIS2_PLACEMENT_3D ( 'NONE', #5497, #2045, #2643 ) ;
#1916 = CARTESIAN_POINT ( 'NONE',  ( 3.700000000000016609, -4.587538820250191662, -5.049999999999998934 ) ) ;
#1917 = EDGE_CURVE ( 'NONE', #4699, #6634, #925, .T. ) ;
#1918 = ORIENTED_EDGE ( 'NONE', *, *, #1632, .T. ) ;
#1919 = CARTESIAN_POINT ( 'NONE',  ( 0.000000000000000000, 0.000000000000000000, -2.850000000000000089 ) ) ;
#1920 = ORIENTED_EDGE ( 'NONE', *, *, #4617, .T. ) ;
#1921 = CARTESIAN_POINT ( 'NONE',  ( -3.440346001568110434, -1.127290827049261868, -3.853477868213591950 ) ) ;
#1922 = VECTOR ( 'NONE', #5756, 1000.000000000000000 ) ;
#1923 = CARTESIAN_POINT ( 'NONE',  ( 3.648658427701410467, -1.629462344874298196, -4.274380914349391603 ) ) ;
#1924 = VERTEX_POINT ( 'NONE', #7122 ) ;
#1925 = EDGE_CURVE ( 'NONE', #4499, #3696, #3758, .T. ) ;
#1926 = ORIENTED_EDGE ( 'NONE', *, *, #673, .F. ) ;
#1927 = AXIS2_PLACEMENT_3D ( 'NONE', #607, #7281, #5027 ) ;
#1928 = DIRECTION ( 'NONE',  ( 1.000000000000000000, 0.000000000000000000, 0.000000000000000000 ) ) ;
#1929 = CYLINDRICAL_SURFACE ( 'NONE', #513, 0.05000000000000012768 ) ;
#1930 = DIRECTION ( 'NONE',  ( 3.491481338843133355E-15, 1.577279855319300948E-30, -1.000000000000000000 ) ) ;
#1931 = AXIS2_PLACEMENT_3D ( 'NONE', #3390, #5642, #3483 ) ;
#1932 = CARTESIAN_POINT ( 'NONE',  ( 0.000000000000000000, 0.000000000000000000, -2.850000000000000089 ) ) ;
#1933 = CARTESIAN_POINT ( 'NONE',  ( -2.925000000000000266, -2.299999999999999822, 0.4000000000000000222 ) ) ;
#1934 = CARTESIAN_POINT ( 'NONE',  ( 1.149999999999999911, 0.000000000000000000, -3.200000000000000622 ) ) ;
#1935 = LINE ( 'NONE', #1966, #1205 ) ;
#1936 = ORIENTED_EDGE ( 'NONE', *, *, #4872, .T. ) ;
#1937 = ADVANCED_FACE ( 'NONE', ( #4393 ), #6653, .T. ) ;
#1938 = VECTOR ( 'NONE', #3165, 1000.000000000000000 ) ;
#1939 = CARTESIAN_POINT ( 'NONE',  ( -1.149999999999999911, -3.000000000000000000, -2.850000000000000089 ) ) ;
#1940 = EDGE_CURVE ( 'NONE', #7272, #5081, #960, .T. ) ;
#1941 = CARTESIAN_POINT ( 'NONE',  ( 3.259150586264529359, -1.499726259440203657, -4.858162128904227828 ) ) ;
#1942 = ORIENTED_EDGE ( 'NONE', *, *, #339, .T. ) ;
#1943 = AXIS2_PLACEMENT_3D ( 'NONE', #2546, #4299, #5401 ) ;
#1944 = DIRECTION ( 'NONE',  ( -1.000000000000000000, 0.000000000000000000, 0.000000000000000000 ) ) ;
#1945 = ORIENTED_EDGE ( 'NONE', *, *, #3592, .T. ) ;
#1946 = DIRECTION ( 'NONE',  ( -1.000000000000000000, 0.000000000000000000, 0.000000000000000000 ) ) ;
#1947 = EDGE_LOOP ( 'NONE', ( #4371, #1979, #6442, #946, #3929 ) ) ;
#1948 = VECTOR ( 'NONE', #1001, 1000.000000000000000 ) ;
#1949 = EDGE_CURVE ( 'NONE', #2897, #5916, #5340, .T. ) ;
#1950 = DIRECTION ( 'NONE',  ( 0.000000000000000000, 1.000000000000000000, 0.000000000000000000 ) ) ;
#1951 = ORIENTED_EDGE ( 'NONE', *, *, #3734, .F. ) ;
#1952 = CARTESIAN_POINT ( 'NONE',  ( -4.600000000000014744, -4.587538820250191662, -4.050000000000012257 ) ) ;
#1953 = ORIENTED_EDGE ( 'NONE', *, *, #1700, .F. ) ;
#1954 = ORIENTED_EDGE ( 'NONE', *, *, #749, .T. ) ;
#1955 = CARTESIAN_POINT ( 'NONE',  ( -3.556189544341495257, -0.8760850962730765135, -4.601630694961569290 ) ) ;
#1956 = CARTESIAN_POINT ( 'NONE',  ( 3.696286263588377086, -1.867833135635986519, -4.274394214260937019 ) ) ;
#1957 = ORIENTED_EDGE ( 'NONE', *, *, #3032, .T. ) ;
#1958 = ORIENTED_EDGE ( 'NONE', *, *, #2800, .F. ) ;
#1959 = CARTESIAN_POINT ( 'NONE',  ( -3.200000000000000622, 2.999999999999999556, -0.1000000000000002554 ) ) ;
#1960 = CARTESIAN_POINT ( 'NONE',  ( -1.350000000000000089, 2.900000000000000355, -3.100000000000000977 ) ) ;
#1961 = CARTESIAN_POINT ( 'NONE',  ( 1.450000000000000178, -2.900000000000000355, -2.850000000000000089 ) ) ;
#1962 = DIRECTION ( 'NONE',  ( -0.000000000000000000, -0.000000000000000000, -1.000000000000000000 ) ) ;
#1963 = ORIENTED_EDGE ( 'NONE', *, *, #1070, .T. ) ;
#1964 = CARTESIAN_POINT ( 'NONE',  ( 3.700000000000021938, -0.4999999999999986122, -6.049999999999997158 ) ) ;
#1965 = DIRECTION ( 'NONE',  ( 0.9438583563660174480, -0.3303504247281062733, 0.000000000000000000 ) ) ;
#1966 = CARTESIAN_POINT ( 'NONE',  ( -1.450000000000000178, -2.500000000000003109, -2.850000000000000089 ) ) ;
#1967 = VERTEX_POINT ( 'NONE', #371 ) ;
#1968 = FACE_OUTER_BOUND ( 'NONE', #4516, .T. ) ;
#1969 = CARTESIAN_POINT ( 'NONE',  ( 0.8499999999999999778, -0.4833333333333333925, -2.799999999999999378 ) ) ;
#1970 = VERTEX_POINT ( 'NONE', #419 ) ;
#1971 = EDGE_CURVE ( 'NONE', #7263, #5077, #6104, .T. ) ;
#1972 = DIRECTION ( 'NONE',  ( 0.000000000000000000, 1.000000000000000000, 0.000000000000000000 ) ) ;
#1973 = CARTESIAN_POINT ( 'NONE',  ( 2.999999999999998668, 3.000000000000001332, 0.000000000000000000 ) ) ;
#1974 = ADVANCED_FACE ( 'NONE', ( #1118 ), #1624, .T. ) ;
#1975 = VERTEX_POINT ( 'NONE', #4582 ) ;
#1976 = CARTESIAN_POINT ( 'NONE',  ( 1.149999999999999911, 2.900000000000000355, -3.100000000000000977 ) ) ;
#1977 = EDGE_LOOP ( 'NONE', ( #3295, #6994, #6329, #7097, #6685, #4926 ) ) ;
#1978 = CARTESIAN_POINT ( 'NONE',  ( 1.149999999999999911, -3.000000000000000000, -2.850000000000000089 ) ) ;
#1979 = ORIENTED_EDGE ( 'NONE', *, *, #4445, .T. ) ;
#1980 = DIRECTION ( 'NONE',  ( -1.000000000000000000, 0.000000000000000000, 0.000000000000000000 ) ) ;
#1981 = LINE ( 'NONE', #3494, #3827 ) ;
#1982 = EDGE_CURVE ( 'NONE', #4639, #1970, #3288, .T. ) ;
#1983 = ORIENTED_EDGE ( 'NONE', *, *, #596, .T. ) ;
#1984 = LINE ( 'NONE', #3306, #5324 ) ;
#1985 = ORIENTED_EDGE ( 'NONE', *, *, #7041, .T. ) ;
#1986 = CARTESIAN_POINT ( 'NONE',  ( -3.271231102873038754, -1.000102920069424250, -3.060156501862067557 ) ) ;
#1987 = CYLINDRICAL_SURFACE ( 'NONE', #571, 0.6250000000000001110 ) ;
#1988 = VERTEX_POINT ( 'NONE', #2215 ) ;
#1989 = ADVANCED_FACE ( 'NONE', ( #1763 ), #6809, .T. ) ;
#1990 = ORIENTED_EDGE ( 'NONE', *, *, #6181, .F. ) ;
#1991 = ORIENTED_EDGE ( 'NONE', *, *, #6126, .T. ) ;
#1992 = CARTESIAN_POINT ( 'NONE',  ( 1.050000000000000044, 0.000000000000000000, -2.850000000000000089 ) ) ;
#1993 = DIRECTION ( 'NONE',  ( -1.000000000000000000, -6.439293542825907934E-15, 5.585196838722983974E-30 ) ) ;
#1994 = AXIS2_PLACEMENT_3D ( 'NONE', #3018, #301, #2525 ) ;
#1995 = DIRECTION ( 'NONE',  ( -6.505213034913037648E-15, 1.000000000000000000, 0.000000000000000000 ) ) ;
#1996 = EDGE_CURVE ( 'NONE', #5668, #4174, #2248, .T. ) ;
#1997 = VECTOR ( 'NONE', #5494, 1000.000000000000000 ) ;
#1998 = CARTESIAN_POINT ( 'NONE',  ( -2.299999999999999822, -2.299999999999999822, 0.4000000000000000222 ) ) ;
#1999 = VECTOR ( 'NONE', #4406, 1000.000000000000000 ) ;
#2000 = DIRECTION ( 'NONE',  ( -1.000000000000000000, 0.000000000000000000, 0.000000000000000000 ) ) ;
#2001 = EDGE_LOOP ( 'NONE', ( #4095, #5461, #3833, #3825 ) ) ;
#2002 = DIRECTION ( 'NONE',  ( -0.000000000000000000, -0.000000000000000000, -1.000000000000000000 ) ) ;
#2003 = DIRECTION ( 'NONE',  ( -1.000000000000000000, -8.673617379884049672E-15, -0.000000000000000000 ) ) ;
#2004 = DIRECTION ( 'NONE',  ( -1.000000000000000000, 0.000000000000000000, 0.000000000000000000 ) ) ;
#2005 = ORIENTED_EDGE ( 'NONE', *, *, #6256, .F. ) ;
#2006 = CARTESIAN_POINT ( 'NONE',  ( 1.449999999999999956, -2.400000000000003908, -3.200000000000000622 ) ) ;
#2007 = EDGE_CURVE ( 'NONE', #4800, #5964, #6731, .T. ) ;
#2008 = VECTOR ( 'NONE', #2717, 1000.000000000000000 ) ;
#2009 = VECTOR ( 'NONE', #1928, 1000.000000000000000 ) ;
#2010 = CARTESIAN_POINT ( 'NONE',  ( 0.000000000000000000, -3.000000000000000000, -2.850000000000000089 ) ) ;
#2011 = ORIENTED_EDGE ( 'NONE', *, *, #4496, .F. ) ;
#2012 = DIRECTION ( 'NONE',  ( 1.000000000000000000, 0.000000000000000000, 0.000000000000000000 ) ) ;
#2013 = CARTESIAN_POINT ( 'NONE',  ( -7.178166107490234451E-16, 1.599999999999998757, -3.100000000000000977 ) ) ;
#2014 = AXIS2_PLACEMENT_3D ( 'NONE', #783, #716, #4656 ) ;
#2015 = ORIENTED_EDGE ( 'NONE', *, *, #4455, .F. ) ;
#2016 = VECTOR ( 'NONE', #6881, 1000.000000000000000 ) ;
#2017 = CARTESIAN_POINT ( 'NONE',  ( 0.8499999999999999778, -0.4333333333333333481, -2.650000000000000355 ) ) ;
#2018 = CYLINDRICAL_SURFACE ( 'NONE', #5791, 0.5000000000000004441 ) ;
#2019 = CARTESIAN_POINT ( 'NONE',  ( -3.700000000000002398, -4.000000000000000000, -0.5999999999999976463 ) ) ;
#2020 = CARTESIAN_POINT ( 'NONE',  ( -3.300000000000018474, -0.2052944619610003185, -5.371878022344844794 ) ) ;
#2021 = CARTESIAN_POINT ( 'NONE',  ( 3.199999999999999289, 3.000000000000000888, -0.1000000000000002554 ) ) ;
#2022 = VECTOR ( 'NONE', #5384, 1000.000000000000000 ) ;
#2023 = VERTEX_POINT ( 'NONE', #6283 ) ;
#2024 = DIRECTION ( 'NONE',  ( -1.000000000000000000, 0.000000000000000000, 0.000000000000000000 ) ) ;
#2025 = CARTESIAN_POINT ( 'NONE',  ( -2.299999999999999822, -1.963427199554093061, 0.9000000000000001332 ) ) ;
#2026 = ORIENTED_EDGE ( 'NONE', *, *, #5245, .F. ) ;
#2027 = DIRECTION ( 'NONE',  ( 0.000000000000000000, -1.000000000000000000, 0.000000000000000000 ) ) ;
#2028 = ORIENTED_EDGE ( 'NONE', *, *, #4728, .T. ) ;
#2029 = ORIENTED_EDGE ( 'NONE', *, *, #5099, .T. ) ;
#2030 = AXIS2_PLACEMENT_3D ( 'NONE', #10, #7183, #6545 ) ;
#2031 = EDGE_CURVE ( 'NONE', #6599, #4844, #2171, .T. ) ;
#2032 = ORIENTED_EDGE ( 'NONE', *, *, #3501, .T. ) ;
#2033 = CARTESIAN_POINT ( 'NONE',  ( -1.350000000000000089, -2.900000000000000355, -3.100000000000000977 ) ) ;
#2034 = EDGE_CURVE ( 'NONE', #6788, #3450, #5095, .T. ) ;
#2035 = CARTESIAN_POINT ( 'NONE',  ( 3.700000000000017941, -1.958016173490176204, -5.231773687770116865 ) ) ;
#2036 = ORIENTED_EDGE ( 'NONE', *, *, #4939, .T. ) ;
#2037 = VECTOR ( 'NONE', #4489, 1000.000000000000000 ) ;
#2038 = VERTEX_POINT ( 'NONE', #4436 ) ;
#2039 = ORIENTED_EDGE ( 'NONE', *, *, #4441, .T. ) ;
#2040 = CARTESIAN_POINT ( 'NONE',  ( 1.675000000000000711, -2.299999999999999378, 0.4000000000000000222 ) ) ;
#2041 = DIRECTION ( 'NONE',  ( -1.000000000000000000, 0.000000000000000000, 0.000000000000000000 ) ) ;
#2042 = AXIS2_PLACEMENT_3D ( 'NONE', #1499, #3120, #6056 ) ;
#2043 = DIRECTION ( 'NONE',  ( -0.000000000000000000, -0.000000000000000000, -1.000000000000000000 ) ) ;
#2044 = VECTOR ( 'NONE', #1352, 1000.000000000000000 ) ;
#2045 = DIRECTION ( 'NONE',  ( -4.486353817181400106E-16, 1.000000000000000000, 0.000000000000000000 ) ) ;
#2046 = DIRECTION ( 'NONE',  ( -0.000000000000000000, -0.000000000000000000, -1.000000000000000000 ) ) ;
#2047 = VERTEX_POINT ( 'NONE', #2319 ) ;
#2048 = LINE ( 'NONE', #3669, #2404 ) ;
#2049 = DIRECTION ( 'NONE',  ( 0.000000000000000000, 0.000000000000000000, -1.000000000000000000 ) ) ;
#2050 = CARTESIAN_POINT ( 'NONE',  ( -3.700000000000016609, -4.336808689942017736E-16, -4.748279434898255325 ) ) ;
#2051 = ORIENTED_EDGE ( 'NONE', *, *, #1818, .T. ) ;
#2052 = DIRECTION ( 'NONE',  ( -4.517509052022934484E-16, 1.000000000000000000, 4.336808689942044557E-15 ) ) ;
#2053 = AXIS2_PLACEMENT_3D ( 'NONE', #4665, #3029, #5837 ) ;
#2054 = DIRECTION ( 'NONE',  ( 0.000000000000000000, 1.000000000000000000, 0.000000000000000000 ) ) ;
#2055 = ORIENTED_EDGE ( 'NONE', *, *, #730, .F. ) ;
#2056 = CARTESIAN_POINT ( 'NONE',  ( 3.300000000000010036, 1.074932447809027039E-15, -2.849999999999999201 ) ) ;
#2057 = PLANE ( 'NONE',  #1010 ) ;
#2058 = VECTOR ( 'NONE', #3897, 1000.000000000000000 ) ;
#2059 = VERTEX_POINT ( 'NONE', #2766 ) ;
#2060 = CARTESIAN_POINT ( 'NONE',  ( -1.350000000000000089, -3.000000000000000000, -3.100000000000000977 ) ) ;
#2061 = LINE ( 'NONE', #6072, #1999 ) ;
#2062 = CARTESIAN_POINT ( 'NONE',  ( 2.925000000000001155, -2.299999999999998490, 0.4000000000000000222 ) ) ;
#2063 = DIRECTION ( 'NONE',  ( -1.000000000000000000, -4.517509052022934484E-16, -3.491481338843133750E-15 ) ) ;
#2064 = DIRECTION ( 'NONE',  ( 1.000000000000000000, 5.981805089575196197E-16, 0.000000000000000000 ) ) ;
#2065 = VECTOR ( 'NONE', #1776, 1000.000000000000000 ) ;
#2066 = EDGE_LOOP ( 'NONE', ( #3700, #5457, #6710, #3055 ) ) ;
#2067 = CYLINDRICAL_SURFACE ( 'NONE', #5503, 0.6250000000000001110 ) ;
#2068 = DIRECTION ( 'NONE',  ( -0.000000000000000000, -0.000000000000000000, -1.000000000000000000 ) ) ;
#2069 = ORIENTED_EDGE ( 'NONE', *, *, #1801, .F. ) ;
#2070 = PLANE ( 'NONE',  #2377 ) ;
#2071 = VERTEX_POINT ( 'NONE', #4508 ) ;
#2072 = ORIENTED_EDGE ( 'NONE', *, *, #2468, .T. ) ;
#2073 = AXIS2_PLACEMENT_3D ( 'NONE', #6102, #5026, #5536 ) ;
#2074 = ORIENTED_EDGE ( 'NONE', *, *, #6322, .F. ) ;
#2075 = DIRECTION ( 'NONE',  ( 0.000000000000000000, 1.000000000000000000, 0.000000000000000000 ) ) ;
#2076 = CARTESIAN_POINT ( 'NONE',  ( 3.343803370996313973, -1.305601146198355655, -2.849999999999998757 ) ) ;
#2077 = ORIENTED_EDGE ( 'NONE', *, *, #619, .F. ) ;
#2078 = ADVANCED_FACE ( 'NONE', ( #5097 ), #5028, .F. ) ;
#2079 = VERTEX_POINT ( 'NONE', #2804 ) ;
#2080 = EDGE_CURVE ( 'NONE', #4332, #6130, #7093, .T. ) ;
#2081 = ORIENTED_EDGE ( 'NONE', *, *, #6353, .T. ) ;
#2082 = CARTESIAN_POINT ( 'NONE',  ( 3.000000000000000000, 3.000000000000000000, -2.850000000000000089 ) ) ;
#2083 = DIRECTION ( 'NONE',  ( 0.000000000000000000, 0.000000000000000000, 1.000000000000000000 ) ) ;
#2084 = DIRECTION ( 'NONE',  ( -1.000000000000000000, 0.000000000000000000, 0.000000000000000000 ) ) ;
#2085 = EDGE_CURVE ( 'NONE', #4912, #4897, #6840, .T. ) ;
#2086 = DIRECTION ( 'NONE',  ( 0.000000000000000000, 0.000000000000000000, -1.000000000000000000 ) ) ;
#2087 = LINE ( 'NONE', #922, #6563 ) ;
#2088 = VERTEX_POINT ( 'NONE', #4985 ) ;
#2089 = LINE ( 'NONE', #2562, #1712 ) ;
#2090 = EDGE_CURVE ( 'NONE', #2589, #6472, #2935, .T. ) ;
#2091 = CARTESIAN_POINT ( 'NONE',  ( 2.299999999999998934, 2.300000000000000711, 0.4000000000000000222 ) ) ;
#2092 = CARTESIAN_POINT ( 'NONE',  ( 1.450000000000000178, -1.499999999999999778, -3.100000000000000977 ) ) ;
#2093 = ORIENTED_EDGE ( 'NONE', *, *, #2558, .F. ) ;
#2094 = DIRECTION ( 'NONE',  ( -0.000000000000000000, -0.000000000000000000, -1.000000000000000000 ) ) ;
#2095 = CARTESIAN_POINT ( 'NONE',  ( 1.050000000000000044, 2.900000000000000355, -2.850000000000000089 ) ) ;
#2096 = ORIENTED_EDGE ( 'NONE', *, *, #1247, .F. ) ;
#2097 = DIRECTION ( 'NONE',  ( -1.000000000000000000, 0.000000000000000000, 0.000000000000000000 ) ) ;
#2098 = FACE_OUTER_BOUND ( 'NONE', #6511, .T. ) ;
#2099 = ORIENTED_EDGE ( 'NONE', *, *, #2557, .T. ) ;
#2100 = CARTESIAN_POINT ( 'NONE',  ( -3.000000000000000000, -1.599999999999999867, -2.850000000000000089 ) ) ;
#2101 = DIRECTION ( 'NONE',  ( 0.000000000000000000, 0.000000000000000000, 1.000000000000000000 ) ) ;
#2102 = ORIENTED_EDGE ( 'NONE', *, *, #832, .F. ) ;
#2103 = DIRECTION ( 'NONE',  ( 3.491481338843133355E-15, 1.826686381626124362E-16, 1.000000000000000000 ) ) ;
#2104 = CARTESIAN_POINT ( 'NONE',  ( -1.450000000000000178, 1.499999999999999334, -3.158578643762690152 ) ) ;
#2105 = ORIENTED_EDGE ( 'NONE', *, *, #3556, .F. ) ;
#2106 = EDGE_CURVE ( 'NONE', #5778, #4794, #3651, .T. ) ;
#2107 = CARTESIAN_POINT ( 'NONE',  ( 0.8499999999999999778, 1.733333333333333171, -2.750000000000000000 ) ) ;
#2108 = DIRECTION ( 'NONE',  ( -1.000000000000000000, -5.981805089575197183E-16, -0.000000000000000000 ) ) ;
#2109 = ORIENTED_EDGE ( 'NONE', *, *, #1397, .T. ) ;
#2110 = CARTESIAN_POINT ( 'NONE',  ( -2.925000000000000266, 2.299999999999999822, 0.6500000000000001332 ) ) ;
#2111 = EDGE_LOOP ( 'NONE', ( #2859, #1508, #238, #18 ) ) ;
#2112 = ORIENTED_EDGE ( 'NONE', *, *, #789, .T. ) ;
#2113 = ADVANCED_FACE ( 'NONE', ( #6182 ), #5063, .F. ) ;
#2114 = CARTESIAN_POINT ( 'NONE',  ( -3.700000000000009059, -0.09371311001840533506, -2.849999999999997424 ) ) ;
#2115 = CARTESIAN_POINT ( 'NONE',  ( 3.556096043592630984, -1.124022296722309466, -4.601630913479777263 ) ) ;
#2116 = VERTEX_POINT ( 'NONE', #3996 ) ;
#2117 = ORIENTED_EDGE ( 'NONE', *, *, #2819, .T. ) ;
#2118 = ORIENTED_EDGE ( 'NONE', *, *, #1178, .F. ) ;
#2119 = CARTESIAN_POINT ( 'NONE',  ( 2.299999999999999822, 2.299999999999999822, 0.000000000000000000 ) ) ;
#2120 = EDGE_CURVE ( 'NONE', #1183, #3619, #6251, .T. ) ;
#2121 = FACE_OUTER_BOUND ( 'NONE', #2540, .T. ) ;
#2122 = STYLED_ITEM ( 'NONE', ( #5726 ), #36 ) ;
#2123 = ADVANCED_FACE ( 'NONE', ( #6218 ), #2873, .T. ) ;
#2124 = CARTESIAN_POINT ( 'NONE',  ( 1.450000000000000178, -2.500000000000001332, -2.850000000000000089 ) ) ;
#2125 = CARTESIAN_POINT ( 'NONE',  ( 2.600000000000000533, -7.500000000000000000, -1.900000000000000133 ) ) ;
#2126 = CARTESIAN_POINT ( 'NONE',  ( -2.900000000000000799, -2.399999999999999467, -3.200000000000000622 ) ) ;
#2127 = VECTOR ( 'NONE', #3083, 1000.000000000000000 ) ;
#2128 = CARTESIAN_POINT ( 'NONE',  ( 2.900000000000000799, 2.400000000000000355, -2.850000000000000089 ) ) ;
#2129 = FACE_OUTER_BOUND ( 'NONE', #6738, .T. ) ;
#2130 = ORIENTED_EDGE ( 'NONE', *, *, #6078, .F. ) ;
#2131 = DIRECTION ( 'NONE',  ( -1.000000000000000000, 0.000000000000000000, 0.000000000000000000 ) ) ;
#2132 = ADVANCED_FACE ( 'NONE', ( #6320 ), #1929, .T. ) ;
#2133 = CARTESIAN_POINT ( 'NONE',  ( -2.075000000000000178, -8.000000000000000000, -2.200000000000000178 ) ) ;
#2134 = EDGE_CURVE ( 'NONE', #1240, #2612, #680, .T. ) ;
#2135 = CIRCLE ( 'NONE', #2596, 0.6250000000000001110 ) ;
#2136 = AXIS2_PLACEMENT_3D ( 'NONE', #4724, #4663, #5800 ) ;
#2137 = LINE ( 'NONE', #7172, #2022 ) ;
#2138 = CYLINDRICAL_SURFACE ( 'NONE', #2884, 0.1000000000000000472 ) ;
#2139 = VERTEX_POINT ( 'NONE', #4746 ) ;
#2140 = DIRECTION ( 'NONE',  ( -0.000000000000000000, -0.000000000000000000, -1.000000000000000000 ) ) ;
#2141 = CYLINDRICAL_SURFACE ( 'NONE', #4032, 0.09999999999999982514 ) ;
#2142 = EDGE_LOOP ( 'NONE', ( #7059, #5944, #4898, #4899, #2392 ) ) ;
#2143 = VECTOR ( 'NONE', #506, 1000.000000000000000 ) ;
#2144 = DIRECTION ( 'NONE',  ( -0.000000000000000000, -0.000000000000000000, -1.000000000000000000 ) ) ;
#2145 = AXIS2_PLACEMENT_3D ( 'NONE', #7073, #1452, #3151 ) ;
#2146 = CARTESIAN_POINT ( 'NONE',  ( -0.8499999999999997558, -0.4333333333333333481, -2.750000000000000000 ) ) ;
#2147 = VERTEX_POINT ( 'NONE', #4058 ) ;
#2148 = VECTOR ( 'NONE', #6810, 1000.000000000000000 ) ;
#2149 = AXIS2_PLACEMENT_3D ( 'NONE', #917, #6473, #3072 ) ;
#2150 = CARTESIAN_POINT ( 'NONE',  ( -2.299999999999999822, 2.636572800445907472, 0.9000000000000001332 ) ) ;
#2151 = CARTESIAN_POINT ( 'NONE',  ( 1.149999999999999911, -2.900000000000000355, -2.850000000000000089 ) ) ;
#2152 = VERTEX_POINT ( 'NONE', #5815 ) ;
#2153 = CARTESIAN_POINT ( 'NONE',  ( -2.299999999999999822, -1.674999999999999822, 0.6500000000000001332 ) ) ;
#2154 = VERTEX_POINT ( 'NONE', #1285 ) ;
#2155 = ORIENTED_EDGE ( 'NONE', *, *, #6401, .F. ) ;
#2156 = ADVANCED_FACE ( 'NONE', ( #4152 ), #6414, .T. ) ;
#2157 = CIRCLE ( 'NONE', #5121, 0.4000000000000001887 ) ;
#2158 = CARTESIAN_POINT ( 'NONE',  ( -1.450000000000000178, -1.499999999999999778, -3.100000000000000977 ) ) ;
#2159 = CARTESIAN_POINT ( 'NONE',  ( 3.655018759029681874, -1.289801280502447023, -5.021025263362324687 ) ) ;
#2160 = ORIENTED_EDGE ( 'NONE', *, *, #6848, .T. ) ;
#2161 = CIRCLE ( 'NONE', #3819, 0.6250000000000001110 ) ;
#2162 = VERTEX_POINT ( 'NONE', #227 ) ;
#2163 = ORIENTED_EDGE ( 'NONE', *, *, #2769, .T. ) ;
#2164 = SPHERICAL_SURFACE ( 'NONE', #4855, 0.1000000000000000056 ) ;
#2165 = CARTESIAN_POINT ( 'NONE',  ( -1.450000000000000178, 2.900000000000000355, -3.100000000000000977 ) ) ;
#2166 = DIRECTION ( 'NONE',  ( 1.000000000000000000, 0.000000000000000000, -3.491481338843133355E-15 ) ) ;
#2167 = VECTOR ( 'NONE', #2301, 1000.000000000000000 ) ;
#2168 = DIRECTION ( 'NONE',  ( -0.000000000000000000, -0.000000000000000000, -1.000000000000000000 ) ) ;
#2169 = LINE ( 'NONE', #6651, #793 ) ;
#2170 = CARTESIAN_POINT ( 'NONE',  ( 3.199999999999999289, 3.000000000000003109, 0.3999999999999989675 ) ) ;
#2171 = LINE ( 'NONE', #1701, #3789 ) ;
#2172 = CARTESIAN_POINT ( 'NONE',  ( 3.300000000000015810, -7.499999999999998224, -4.549999999999998934 ) ) ;
#2173 = VERTEX_POINT ( 'NONE', #2384 ) ;
#2174 = DIRECTION ( 'NONE',  ( -3.491481338843133355E-15, 0.000000000000000000, -1.000000000000000000 ) ) ;
#2175 = CARTESIAN_POINT ( 'NONE',  ( 1.899999999999999689, -7.500000000000000000, -1.900000000000000133 ) ) ;
#2176 = AXIS2_PLACEMENT_3D ( 'NONE', #6139, #645, #3465 ) ;
#2177 = DIRECTION ( 'NONE',  ( -0.000000000000000000, -0.000000000000000000, -1.000000000000000000 ) ) ;
#2178 =( BOUNDED_CURVE ( )  B_SPLINE_CURVE ( 3, ( #2092, #1047, #4823, #6013 ),
 .UNSPECIFIED., .F., .F. ) 
 B_SPLINE_CURVE_WITH_KNOTS ( ( 4, 4 ),
 ( 0.000000000000000000, 1.570796326794896558 ),
 .UNSPECIFIED. ) 
 CURVE ( )  GEOMETRIC_REPRESENTATION_ITEM ( )  RATIONAL_B_SPLINE_CURVE ( ( 1.000000000000000000, 0.8047378541243649375, 0.8047378541243649375, 1.000000000000000000 ) ) 
 REPRESENTATION_ITEM ( '' )  );
#2179 = EDGE_CURVE ( 'NONE', #1483, #2853, #1863, .T. ) ;
#2180 = CARTESIAN_POINT ( 'NONE',  ( 3.300000000000021583, 0.2915135853376580877, -6.287270378006486915 ) ) ;
#2181 = VERTEX_POINT ( 'NONE', #2421 ) ;
#2182 = DIRECTION ( 'NONE',  ( 0.000000000000000000, 0.000000000000000000, 1.000000000000000000 ) ) ;
#2183 = FACE_OUTER_BOUND ( 'NONE', #2925, .T. ) ;
#2184 = ORIENTED_EDGE ( 'NONE', *, *, #3312, .T. ) ;
#2185 = ADVANCED_FACE ( 'NONE', ( #709 ), #1351, .F. ) ;
#2186 = CIRCLE ( 'NONE', #2652, 0.1000000000000002554 ) ;
#2187 = CYLINDRICAL_SURFACE ( 'NONE', #4853, 0.09999999999999982514 ) ;
#2188 = LINE ( 'NONE', #508, #895 ) ;
#2189 = ORIENTED_EDGE ( 'NONE', *, *, #5290, .F. ) ;
#2190 = AXIS2_PLACEMENT_3D ( 'NONE', #6377, #1891, #1310 ) ;
#2191 = CIRCLE ( 'NONE', #683, 0.4999999999999987232 ) ;
#2192 = CARTESIAN_POINT ( 'NONE',  ( -1.626854399108186078, 1.963427199554091729, 0.9000000000000002442 ) ) ;
#2193 = CYLINDRICAL_SURFACE ( 'NONE', #5816, 0.09999999999999939493 ) ;
#2194 = ORIENTED_EDGE ( 'NONE', *, *, #4324, .T. ) ;
#2195 = DIRECTION ( 'NONE',  ( 0.000000000000000000, -1.000000000000000000, 0.000000000000000000 ) ) ;
#2196 = VERTEX_POINT ( 'NONE', #4648 ) ;
#2197 = EDGE_LOOP ( 'NONE', ( #5813, #4852, #559, #1685 ) ) ;
#2198 = EDGE_CURVE ( 'NONE', #4639, #3612, #2135, .T. ) ;
#2199 = AXIS2_PLACEMENT_3D ( 'NONE', #2470, #4733, #1340 ) ;
#2200 = CARTESIAN_POINT ( 'NONE',  ( -3.690881230212242681, -0.2018527544474066071, -4.601300270416252225 ) ) ;
#2201 = CARTESIAN_POINT ( 'NONE',  ( 3.565513906344174977, -0.5325853521364805054, -3.853941561104275326 ) ) ;
#2202 = ORIENTED_EDGE ( 'NONE', *, *, #6247, .T. ) ;
#2203 = AXIS2_PLACEMENT_3D ( 'NONE', #3486, #1822, #5189 ) ;
#2204 = ORIENTED_EDGE ( 'NONE', *, *, #4238, .T. ) ;
#2205 = EDGE_CURVE ( 'NONE', #3681, #2629, #773, .T. ) ;
#2206 = EDGE_LOOP ( 'NONE', ( #2691, #2039, #2671, #167 ) ) ;
#2207 = CARTESIAN_POINT ( 'NONE',  ( -3.746809205874642501, -5.788045602749174456, -4.049999999999998934 ) ) ;
#2208 = CARTESIAN_POINT ( 'NONE',  ( -3.278597828075716869, -1.797246988481830732, -2.849999999999999201 ) ) ;
#2209 = DIRECTION ( 'NONE',  ( 1.000000000000000000, 0.000000000000000000, 0.000000000000000000 ) ) ;
#2210 = CIRCLE ( 'NONE', #4085, 0.09999999999999982514 ) ;
#2211 = EDGE_CURVE ( 'NONE', #2612, #6618, #55, .T. ) ;
#2212 = FACE_OUTER_BOUND ( 'NONE', #2502, .T. ) ;
#2213 = DIRECTION ( 'NONE',  ( -1.000000000000000000, 0.000000000000000000, 0.000000000000000000 ) ) ;
#2214 = CARTESIAN_POINT ( 'NONE',  ( 2.299999999999999822, 2.299999999999999822, 0.9000000000000001332 ) ) ;
#2215 = CARTESIAN_POINT ( 'NONE',  ( 1.350000000000000089, -1.600000000000000311, -3.200000000000000622 ) ) ;
#2216 = ORIENTED_EDGE ( 'NONE', *, *, #2794, .T. ) ;
#2217 = DIRECTION ( 'NONE',  ( -1.000000000000000000, -4.517509052022934484E-16, -3.491481338843133750E-15 ) ) ;
#2218 = DIRECTION ( 'NONE',  ( 0.000000000000000000, 1.000000000000000000, 0.000000000000000000 ) ) ;
#2219 = ADVANCED_FACE ( 'NONE', ( #5233 ), #3466, .T. ) ;
#2220 = CARTESIAN_POINT ( 'NONE',  ( -3.300000000000019806, -5.000000005035698525E-07, -5.371878022344844794 ) ) ;
#2221 = LINE ( 'NONE', #5035, #6417 ) ;
#2222 = ORIENTED_EDGE ( 'NONE', *, *, #3556, .T. ) ;
#2223 = DIRECTION ( 'NONE',  ( 0.000000000000000000, 0.000000000000000000, -1.000000000000000000 ) ) ;
#2224 = CARTESIAN_POINT ( 'NONE',  ( 2.299999999999999822, 2.636572800445907472, 0.9000000000000001332 ) ) ;
#2225 = CARTESIAN_POINT ( 'NONE',  ( 2.075000000000000178, -8.000000000000000000, -1.900000000000000133 ) ) ;
#2226 = DIRECTION ( 'NONE',  ( -0.000000000000000000, -0.000000000000000000, -1.000000000000000000 ) ) ;
#2227 = CARTESIAN_POINT ( 'NONE',  ( 3.300000000000017142, -1.999999999999999556, -4.858162128904228716 ) ) ;
#2228 = VERTEX_POINT ( 'NONE', #4120 ) ;
#2229 = EDGE_CURVE ( 'NONE', #4174, #5964, #6380, .T. ) ;
#2230 = LINE ( 'NONE', #6158, #6698 ) ;
#2231 = DIRECTION ( 'NONE',  ( 0.000000000000000000, 0.000000000000000000, 1.000000000000000000 ) ) ;
#2232 = EDGE_LOOP ( 'NONE', ( #4646, #5050, #5769, #3187 ) ) ;
#2233 = CARTESIAN_POINT ( 'NONE',  ( -3.300000000000012257, -7.500000000000000000, -4.549999999999998934 ) ) ;
#2234 = ORIENTED_EDGE ( 'NONE', *, *, #3999, .F. ) ;
#2235 = EDGE_LOOP ( 'NONE', ( #4169, #3107, #4233, #1174, #347, #870, #4467, #908, #5952, #526, #3608, #2963, #1443, #3084, #2522, #2077 ) ) ;
#2236 = LINE ( 'NONE', #1179, #197 ) ;
#2237 = EDGE_CURVE ( 'NONE', #1176, #7, #3066, .T. ) ;
#2238 = CARTESIAN_POINT ( 'NONE',  ( 3.491243797827541684, -1.464323601945829001, -3.060156501862068890 ) ) ;
#2239 = EDGE_LOOP ( 'NONE', ( #5908, #5801 ) ) ;
#2240 = EDGE_CURVE ( 'NONE', #7143, #566, #3011, .T. ) ;
#2241 = ORIENTED_EDGE ( 'NONE', *, *, #6015, .T. ) ;
#2242 = DIRECTION ( 'NONE',  ( -3.252606517456511724E-15, 0.000000000000000000, -1.000000000000000000 ) ) ;
#2243 = DIRECTION ( 'NONE',  ( -1.000000000000000000, -1.353084311261904737E-13, -1.734723475976800981E-15 ) ) ;
#2244 = CARTESIAN_POINT ( 'NONE',  ( -1.049999999999999822, -1.674999999999999822, 0.6499999999999999112 ) ) ;
#2245 = CARTESIAN_POINT ( 'NONE',  ( 3.300000000000015810, 3.000000000000000444, -4.748279434898257101 ) ) ;
#2246 = DIRECTION ( 'NONE',  ( 3.252606517456512119E-15, 1.469367938527858684E-30, -1.000000000000000000 ) ) ;
#2247 = DIRECTION ( 'NONE',  ( 0.000000000000000000, 1.000000000000000000, -3.523657060577896116E-15 ) ) ;
#2248 = LINE ( 'NONE', #4475, #633 ) ;
#2249 = CARTESIAN_POINT ( 'NONE',  ( -0.8499999999999999778, -2.600000000000000533, -2.650000000000000355 ) ) ;
#2250 = EDGE_CURVE ( 'NONE', #1087, #5007, #6975, .T. ) ;
#2251 = DIRECTION ( 'NONE',  ( 0.000000000000000000, 0.000000000000000000, 1.000000000000000000 ) ) ;
#2252 = DIRECTION ( 'NONE',  ( -3.491481338843133355E-15, 0.000000000000000000, -1.000000000000000000 ) ) ;
#2253 = CARTESIAN_POINT ( 'NONE',  ( -3.000000000000000000, -3.000000000000000000, 0.4000000000000000222 ) ) ;
#2254 = ORIENTED_EDGE ( 'NONE', *, *, #6212, .T. ) ;
#2255 = LINE ( 'NONE', #1194, #1432 ) ;
#2256 = DIRECTION ( 'NONE',  ( -0.000000000000000000, -0.000000000000000000, -1.000000000000000000 ) ) ;
#2257 = CARTESIAN_POINT ( 'NONE',  ( 0.000000000000000000, 0.000000000000000000, 0.4000000000000000222 ) ) ;
#2258 = AXIS2_PLACEMENT_3D ( 'NONE', #1226, #2917, #5725 ) ;
#2259 = AXIS2_PLACEMENT_3D ( 'NONE', #2172, #1625, #3481 ) ;
#2260 = CARTESIAN_POINT ( 'NONE',  ( 3.300000000000014477, -1.999999999999999556, -3.830730342022995227 ) ) ;
#2261 = ORIENTED_EDGE ( 'NONE', *, *, #621, .T. ) ;
#2262 = EDGE_CURVE ( 'NONE', #6970, #4332, #1895, .T. ) ;
#2263 = DIRECTION ( 'NONE',  ( -3.491481338843133355E-15, 1.826686381626108585E-16, 1.000000000000000000 ) ) ;
#2264 = LINE ( 'NONE', #3510, #82 ) ;
#2265 = VECTOR ( 'NONE', #5682, 1000.000000000000000 ) ;
#2266 = ORIENTED_EDGE ( 'NONE', *, *, #6864, .F. ) ;
#2267 = CIRCLE ( 'NONE', #1785, 0.1000000000000000472 ) ;
#2268 = DIRECTION ( 'NONE',  ( 1.000000000000000000, -5.987542637623615472E-15, 5.585196838722984675E-30 ) ) ;
#2269 = ORIENTED_EDGE ( 'NONE', *, *, #5276, .T. ) ;
#2270 = ORIENTED_EDGE ( 'NONE', *, *, #3716, .F. ) ;
#2271 = CARTESIAN_POINT ( 'NONE',  ( 0.8499999999999999778, 2.600000000000000533, -2.799999999999999378 ) ) ;
#2272 = CIRCLE ( 'NONE', #739, 0.4999999999999994449 ) ;
#2273 = CARTESIAN_POINT ( 'NONE',  ( 3.661966703404203827, -0.3680541990063625479, -4.601326066706977080 ) ) ;
#2274 = AXIS2_PLACEMENT_3D ( 'NONE', #2119, #2638, #5019 ) ;
#2275 = ORIENTED_EDGE ( 'NONE', *, *, #5059, .T. ) ;
#2276 = LINE ( 'NONE', #727, #6107 ) ;
#2277 = EDGE_CURVE ( 'NONE', #311, #3009, #255, .T. ) ;
#2278 = ORIENTED_EDGE ( 'NONE', *, *, #3915, .T. ) ;
#2279 = VECTOR ( 'NONE', #3606, 1000.000000000000000 ) ;
#2280 = VECTOR ( 'NONE', #4517, 1000.000000000000000 ) ;
#2281 = CARTESIAN_POINT ( 'NONE',  ( 4.200000000000018829, -7.286606874731853978, -5.049999999999997158 ) ) ;
#2282 = EDGE_CURVE ( 'NONE', #2681, #6130, #5883, .T. ) ;
#2283 = CARTESIAN_POINT ( 'NONE',  ( -3.700000000000018385, -1.762509617146805319, -5.231753318496019212 ) ) ;
#2284 = VECTOR ( 'NONE', #30, 1000.000000000000000 ) ;
#2285 = LINE ( 'NONE', #4021, #2389 ) ;
#2286 = DIRECTION ( 'NONE',  ( 0.000000000000000000, 1.000000000000000000, 0.000000000000000000 ) ) ;
#2287 = FACE_OUTER_BOUND ( 'NONE', #1099, .T. ) ;
#2288 = DIRECTION ( 'NONE',  ( -8.673617379884049672E-15, 1.000000000000000000, 3.761581922631332917E-29 ) ) ;
#2289 = VECTOR ( 'NONE', #6767, 1000.000000000000000 ) ;
#2290 = LINE ( 'NONE', #2768, #2148 ) ;
#2291 = LINE ( 'NONE', #1704, #5363 ) ;
#2292 = VECTOR ( 'NONE', #6235, 1000.000000000000000 ) ;
#2293 = CARTESIAN_POINT ( 'NONE',  ( 2.900000000000000355, -3.000000000000000000, -3.100000000000000977 ) ) ;
#2294 = PLANE ( 'NONE',  #7233 ) ;
#2295 = DIRECTION ( 'NONE',  ( -1.000000000000000000, 0.000000000000000000, 0.000000000000000000 ) ) ;
#2296 = FACE_OUTER_BOUND ( 'NONE', #1814, .T. ) ;
#2297 = AXIS2_PLACEMENT_3D ( 'NONE', #1164, #686, #2353 ) ;
#2298 = CARTESIAN_POINT ( 'NONE',  ( 3.230608367692936689, -1.500646483344226789, -4.391147680321848767 ) ) ;
#2299 = ORIENTED_EDGE ( 'NONE', *, *, #2179, .T. ) ;
#2300 = DIRECTION ( 'NONE',  ( -0.000000000000000000, -0.000000000000000000, -1.000000000000000000 ) ) ;
#2301 = DIRECTION ( 'NONE',  ( -2.654501759898880774E-15, -0.5547001962252291474, 0.8320502943378437211 ) ) ;
#2302 = AXIS2_PLACEMENT_3D ( 'NONE', #5855, #4978, #3318 ) ;
#2303 = ORIENTED_EDGE ( 'NONE', *, *, #874, .F. ) ;
#2304 = DIRECTION ( 'NONE',  ( -1.000000000000000000, -8.673617379884032317E-15, -1.880790961315662535E-29 ) ) ;
#2305 = ORIENTED_EDGE ( 'NONE', *, *, #5328, .T. ) ;
#2306 = DIRECTION ( 'NONE',  ( 0.000000000000000000, 0.000000000000000000, -1.000000000000000000 ) ) ;
#2307 = AXIS2_PLACEMENT_3D ( 'NONE', #1723, #5085, #83 ) ;
#2308 = ORIENTED_EDGE ( 'NONE', *, *, #1445, .F. ) ;
#2309 = CARTESIAN_POINT ( 'NONE',  ( 3.700000000000018829, -0.09089848803369481034, -3.433768060727969029 ) ) ;
#2310 = ORIENTED_EDGE ( 'NONE', *, *, #789, .F. ) ;
#2311 = CIRCLE ( 'NONE', #6691, 0.09999999999999982514 ) ;
#2312 = CARTESIAN_POINT ( 'NONE',  ( -3.300000000000011813, -2.000000000000000888, -3.363715893440616611 ) ) ;
#2313 = CARTESIAN_POINT ( 'NONE',  ( -3.696286263588376197, -1.867833135635988295, -4.274394214260937019 ) ) ;
#2314 = EDGE_CURVE ( 'NONE', #1975, #6788, #5922, .T. ) ;
#2315 = EDGE_CURVE ( 'NONE', #1264, #6191, #3074, .T. ) ;
#2316 = CARTESIAN_POINT ( 'NONE',  ( 1.350000000000000089, -2.900000000000000355, -3.100000000000000977 ) ) ;
#2317 = DIRECTION ( 'NONE',  ( -0.000000000000000000, -0.000000000000000000, -1.000000000000000000 ) ) ;
#2318 = DIRECTION ( 'NONE',  ( -0.000000000000000000, -0.000000000000000000, -1.000000000000000000 ) ) ;
#2319 = CARTESIAN_POINT ( 'NONE',  ( 3.200000000000000622, 1.445602896647339311E-15, 9.703609443745264684E-15 ) ) ;
#2320 = CIRCLE ( 'NONE', #2675, 0.6250000000000001110 ) ;
#2321 = LINE ( 'NONE', #2249, #2620 ) ;
#2322 = FACE_BOUND ( 'NONE', #2239, .T. ) ;
#2323 = ADVANCED_FACE ( 'NONE', ( #4942 ), #5367, .T. ) ;
#2324 = DIRECTION ( 'NONE',  ( 1.000000000000000000, 0.000000000000000000, -3.491481338843133355E-15 ) ) ;
#2325 = EDGE_CURVE ( 'NONE', #1752, #2228, #328, .T. ) ;
#2326 = CARTESIAN_POINT ( 'NONE',  ( -3.795015528100090574, -4.990031056200154858, -4.049999999999998934 ) ) ;
#2327 = PLANE ( 'NONE',  #3191 ) ;
#2328 = CARTESIAN_POINT ( 'NONE',  ( 3.700000000000021938, -0.4999999999999986122, -6.049999999999997158 ) ) ;
#2329 = CARTESIAN_POINT ( 'NONE',  ( -3.300000000000000266, 0.000000000000000000, -0.09999999999998941680 ) ) ;
#2330 = CARTESIAN_POINT ( 'NONE',  ( 2.936398330017313096, -0.9999999999999991118, -3.363715893440616611 ) ) ;
#2331 = ORIENTED_EDGE ( 'NONE', *, *, #4038, .T. ) ;
#2332 = EDGE_CURVE ( 'NONE', #4688, #1421, #3788, .T. ) ;
#2333 = PLANE ( 'NONE',  #2789 ) ;
#2334 = CYLINDRICAL_SURFACE ( 'NONE', #5708, 0.09999999999999982514 ) ;
#2335 = ORIENTED_EDGE ( 'NONE', *, *, #2980, .T. ) ;
#2336 = CARTESIAN_POINT ( 'NONE',  ( 1.350000000000000089, 0.000000000000000000, -3.100000000000000977 ) ) ;
#2337 = ORIENTED_EDGE ( 'NONE', *, *, #3989, .T. ) ;
#2338 = CARTESIAN_POINT ( 'NONE',  ( 2.925000000000000266, 2.299999999999999822, 0.000000000000000000 ) ) ;
#2339 = ADVANCED_FACE ( 'NONE', ( #4856 ), #4258, .F. ) ;
#2340 = ORIENTED_EDGE ( 'NONE', *, *, #4038, .F. ) ;
#2341 = PLANE ( 'NONE',  #901 ) ;
#2342 = ORIENTED_EDGE ( 'NONE', *, *, #1454, .T. ) ;
#2343 = CARTESIAN_POINT ( 'NONE',  ( -3.300000000000013589, -0.09418335084988922745, -3.830730342022995227 ) ) ;
#2344 = EDGE_CURVE ( 'NONE', #1967, #4921, #6516, .T. ) ;
#2345 = CARTESIAN_POINT ( 'NONE',  ( -3.700000000000020162, -1.763888888888889950, -5.371878022344835912 ) ) ;
#2346 = CARTESIAN_POINT ( 'NONE',  ( -2.899999999999999467, -1.499999999999999112, -2.850000000000000089 ) ) ;
#2347 = CARTESIAN_POINT ( 'NONE',  ( -2.899999999999999467, -1.499999999999999112, -3.100000000000000977 ) ) ;
#2348 = CARTESIAN_POINT ( 'NONE',  ( 3.300000000000010481, 1.048274411220978366E-15, -2.849999999999998312 ) ) ;
#2349 = CARTESIAN_POINT ( 'NONE',  ( 3.700000000000023270, -3.999999999999998224, -6.049999999999997158 ) ) ;
#2350 = DIRECTION ( 'NONE',  ( -0.9417419115948372221, -0.3363363969981568724, 0.000000000000000000 ) ) ;
#2351 = EDGE_CURVE ( 'NONE', #4382, #1408, #6173, .T. ) ;
#2352 = CARTESIAN_POINT ( 'NONE',  ( -2.973145600891813345, -2.636572800445906140, 0.9000000000000002442 ) ) ;
#2353 = DIRECTION ( 'NONE',  ( 0.000000000000000000, 0.000000000000000000, -1.000000000000000000 ) ) ;
#2354 = CARTESIAN_POINT ( 'NONE',  ( 3.000000000000000000, 3.100000000000000089, -3.200000000000000178 ) ) ;
#2355 = DIRECTION ( 'NONE',  ( 0.000000000000000000, -0.000000000000000000, 1.000000000000000000 ) ) ;
#2356 = EDGE_CURVE ( 'NONE', #1359, #699, #3446, .T. ) ;
#2357 = CARTESIAN_POINT ( 'NONE',  ( -2.299999999999999822, -2.299999999999999822, 0.4000000000000000222 ) ) ;
#2358 = EDGE_CURVE ( 'NONE', #4921, #7204, #1453, .T. ) ;
#2359 = EDGE_CURVE ( 'NONE', #1687, #3199, #4778, .T. ) ;
#2360 = CARTESIAN_POINT ( 'NONE',  ( 3.300000000000010036, -0.09418335084988774253, -2.849999999999999201 ) ) ;
#2361 = ORIENTED_EDGE ( 'NONE', *, *, #1695, .T. ) ;
#2362 = CYLINDRICAL_SURFACE ( 'NONE', #6556, 0.09999999999999982514 ) ;
#2363 = DIRECTION ( 'NONE',  ( 0.000000000000000000, 0.000000000000000000, -1.000000000000000000 ) ) ;
#2364 = VERTEX_POINT ( 'NONE', #2591 ) ;
#2365 = DIRECTION ( 'NONE',  ( 1.211350928885219204E-29, -1.000000000000000000, 3.469446951953602356E-15 ) ) ;
#2366 = ORIENTED_EDGE ( 'NONE', *, *, #1070, .F. ) ;
#2367 = AXIS2_PLACEMENT_3D ( 'NONE', #7203, #1462, #7167 ) ;
#2368 = DIRECTION ( 'NONE',  ( -1.000000000000000000, 0.000000000000000000, 0.000000000000000000 ) ) ;
#2369 = ORIENTED_EDGE ( 'NONE', *, *, #631, .F. ) ;
#2370 = AXIS2_PLACEMENT_3D ( 'NONE', #196, #4681, #6947 ) ;
#2371 = AXIS2_PLACEMENT_3D ( 'NONE', #6825, #1678, #3942 ) ;
#2372 = CARTESIAN_POINT ( 'NONE',  ( 3.700000000000009948, 1.237797480254288502E-15, -2.849999999999997868 ) ) ;
#2373 = EDGE_CURVE ( 'NONE', #5842, #943, #1550, .T. ) ;
#2374 = ORIENTED_EDGE ( 'NONE', *, *, #3862, .T. ) ;
#2375 = CARTESIAN_POINT ( 'NONE',  ( -3.135054598115169622, -1.260604053717701012, -4.391147680321848767 ) ) ;
#2376 = AXIS2_PLACEMENT_3D ( 'NONE', #2664, #938, #4925 ) ;
#2377 = AXIS2_PLACEMENT_3D ( 'NONE', #353, #5521, #6676 ) ;
#2378 = CARTESIAN_POINT ( 'NONE',  ( -3.698918719983950609, -1.872607153021129456, -5.021617879810360563 ) ) ;
#2379 = AXIS2_PLACEMENT_3D ( 'NONE', #7125, #2052, #4319 ) ;
#2380 = LINE ( 'NONE', #123, #5229 ) ;
#2381 = VECTOR ( 'NONE', #6325, 1000.000000000000000 ) ;
#2382 = ORIENTED_EDGE ( 'NONE', *, *, #3405, .F. ) ;
#2383 = CARTESIAN_POINT ( 'NONE',  ( -3.300000000000017586, 2.709888451158949607, -5.132889013954586410 ) ) ;
#2384 = CARTESIAN_POINT ( 'NONE',  ( -3.000000000000000000, 1.600000000000000755, -3.100000000000000977 ) ) ;
#2385 = CIRCLE ( 'NONE', #2869, 0.9000000000000014655 ) ;
#2386 = ADVANCED_FACE ( 'NONE', ( #6006 ), #363, .T. ) ;
#2387 = CARTESIAN_POINT ( 'NONE',  ( 2.924999999999999378, 2.300000000000001155, 0.4000000000000000222 ) ) ;
#2388 = CARTESIAN_POINT ( 'NONE',  ( -3.700000000000018829, 2.599999999999999645, -5.371878022344831471 ) ) ;
#2389 = VECTOR ( 'NONE', #490, 1000.000000000000000 ) ;
#2390 = LINE ( 'NONE', #1934, #6757 ) ;
#2391 = DIRECTION ( 'NONE',  ( -1.000000000000000000, 0.000000000000000000, 0.000000000000000000 ) ) ;
#2392 = ORIENTED_EDGE ( 'NONE', *, *, #2351, .T. ) ;
#2393 = CARTESIAN_POINT ( 'NONE',  ( 2.899999999999999467, 1.600000000000000089, -3.100000000000000977 ) ) ;
#2394 = CARTESIAN_POINT ( 'NONE',  ( 3.300000000000019362, -1.498409241742702847, -5.371878022344843906 ) ) ;
#2395 = CIRCLE ( 'NONE', #5338, 0.09999999999999982514 ) ;
#2396 = EDGE_LOOP ( 'NONE', ( #5470, #225, #4300, #2575 ) ) ;
#2397 = EDGE_CURVE ( 'NONE', #1975, #5055, #980, .T. ) ;
#2398 = DIRECTION ( 'NONE',  ( -1.000000000000000000, 0.000000000000000000, 0.000000000000000000 ) ) ;
#2399 = DIRECTION ( 'NONE',  ( 4.517509052022934484E-16, -1.000000000000000000, 0.000000000000000000 ) ) ;
#2400 = ADVANCED_FACE ( 'NONE', ( #3190 ), #7157, .F. ) ;
#2401 = ORIENTED_EDGE ( 'NONE', *, *, #5793, .F. ) ;
#2402 = PLANE ( 'NONE',  #4977 ) ;
#2403 = ORIENTED_EDGE ( 'NONE', *, *, #6803, .T. ) ;
#2404 = VECTOR ( 'NONE', #3200, 1000.000000000000000 ) ;
#2405 = CARTESIAN_POINT ( 'NONE',  ( -1.050000000000000044, -2.900000000000000355, -2.850000000000000089 ) ) ;
#2406 = ORIENTED_EDGE ( 'NONE', *, *, #5793, .T. ) ;
#2407 = VECTOR ( 'NONE', #1896, 1000.000000000000000 ) ;
#2408 = CARTESIAN_POINT ( 'NONE',  ( 3.700000000000018385, -0.08333333333333210746, -5.371878022344837689 ) ) ;
#2409 = EDGE_CURVE ( 'NONE', #3333, #5744, #4626, .T. ) ;
#2410 = EDGE_LOOP ( 'NONE', ( #2649, #5530, #440, #7193 ) ) ;
#2411 = CARTESIAN_POINT ( 'NONE',  ( -3.300000000000013589, -4.336808689942017736E-16, -3.830730342022995227 ) ) ;
#2412 = AXIS2_PLACEMENT_3D ( 'NONE', #2894, #1271, #2306 ) ;
#2413 = CARTESIAN_POINT ( 'NONE',  ( -3.700000000000018385, -1.957567721828835428, -5.021617185908048953 ) ) ;
#2414 = EDGE_LOOP ( 'NONE', ( #3868, #1451, #1438, #624, #2955, #6029, #3537, #1053, #5262, #6588, #5674, #6592, #5411, #4811, #6550, #4132, #2995, #1147 ) ) ;
#2415 = ADVANCED_FACE ( 'NONE', ( #2121 ), #6647, .T. ) ;
#2416 = VECTOR ( 'NONE', #964, 1000.000000000000000 ) ;
#2417 = CARTESIAN_POINT ( 'NONE',  ( 0.8499999999999999778, 1.733333333333333171, -2.650000000000000355 ) ) ;
#2418 = DIRECTION ( 'NONE',  ( -1.000000000000000000, 0.000000000000000000, 0.000000000000000000 ) ) ;
#2419 = ORIENTED_EDGE ( 'NONE', *, *, #1730, .F. ) ;
#2420 = LINE ( 'NONE', #5198, #3339 ) ;
#2421 = CARTESIAN_POINT ( 'NONE',  ( 3.300000000000011369, -1.999999999999999556, -2.849999999999998757 ) ) ;
#2422 = VECTOR ( 'NONE', #4801, 1000.000000000000000 ) ;
#2423 = EDGE_CURVE ( 'NONE', #1176, #5087, #3625, .T. ) ;
#2424 = CARTESIAN_POINT ( 'NONE',  ( 2.999999999999998668, 3.000000000000001332, 0.4000000000000000222 ) ) ;
#2425 = CYLINDRICAL_SURFACE ( 'NONE', #4551, 0.4999999999999991673 ) ;
#2426 = FACE_BOUND ( 'NONE', #212, .T. ) ;
#2427 = CARTESIAN_POINT ( 'NONE',  ( -2.899999999999999911, 2.500000000000000000, -2.850000000000000089 ) ) ;
#2428 = ORIENTED_EDGE ( 'NONE', *, *, #4109, .F. ) ;
#2429 = DIRECTION ( 'NONE',  ( -1.000000000000000000, 0.000000000000000000, 0.000000000000000000 ) ) ;
#2430 = CARTESIAN_POINT ( 'NONE',  ( 3.300000000000018918, -1.794705538038999570, -5.231773687770131076 ) ) ;
#2431 = ORIENTED_EDGE ( 'NONE', *, *, #3592, .F. ) ;
#2432 = CARTESIAN_POINT ( 'NONE',  ( -2.900000000000000355, 2.400000000000000355, -3.100000000000000977 ) ) ;
#2433 = CARTESIAN_POINT ( 'NONE',  ( -3.700000000000017941, -4.000000000000000000, -5.049999999999998934 ) ) ;
#2434 = ORIENTED_EDGE ( 'NONE', *, *, #46, .T. ) ;
#2435 = FACE_BOUND ( 'NONE', #5861, .T. ) ;
#2436 = ORIENTED_EDGE ( 'NONE', *, *, #4017, .F. ) ;
#2437 = EDGE_CURVE ( 'NONE', #4863, #3009, #5020, .T. ) ;
#2438 = FACE_OUTER_BOUND ( 'NONE', #1374, .T. ) ;
#2439 = EDGE_CURVE ( 'NONE', #4844, #5514, #639, .T. ) ;
#2440 = VERTEX_POINT ( 'NONE', #4501 ) ;
#2441 = CARTESIAN_POINT ( 'NONE',  ( 1.750000000000000000, 0.000000000000000000, 0.000000000000000000 ) ) ;
#2442 = ORIENTED_EDGE ( 'NONE', *, *, #1378, .F. ) ;
#2443 = CARTESIAN_POINT ( 'NONE',  ( -3.300000000000010481, -4.336808689942017736E-16, -2.990104334574712919 ) ) ;
#2444 = CARTESIAN_POINT ( 'NONE',  ( -3.492655314267393507, -0.7021224293290861951, -3.853707843293153523 ) ) ;
#2445 = EDGE_CURVE ( 'NONE', #6091, #354, #6097, .T. ) ;
#2446 = CARTESIAN_POINT ( 'NONE',  ( 3.695011048408686882, -1.865452594876104930, -3.854081502706202755 ) ) ;
#2447 = EDGE_CURVE ( 'NONE', #4827, #4688, #2272, .T. ) ;
#2448 = ORIENTED_EDGE ( 'NONE', *, *, #5034, .F. ) ;
#2449 = LINE ( 'NONE', #251, #5051 ) ;
#2450 = ORIENTED_EDGE ( 'NONE', *, *, #930, .F. ) ;
#2451 = DIRECTION ( 'NONE',  ( -1.000000000000000000, 0.000000000000000000, 0.000000000000000000 ) ) ;
#2452 = CARTESIAN_POINT ( 'NONE',  ( -2.600000000000000533, 3.100000000000000089, -2.200000000000000178 ) ) ;
#2453 = CARTESIAN_POINT ( 'NONE',  ( -3.000000000000000000, -3.000000000000000000, -3.200000000000000622 ) ) ;
#2454 = CARTESIAN_POINT ( 'NONE',  ( -3.549999999999999822, -2.925000000000000266, 0.6499999999999999112 ) ) ;
#2455 = CARTESIAN_POINT ( 'NONE',  ( -1.350000000000000089, 2.400000000000003908, -3.200000000000000622 ) ) ;
#2456 = CARTESIAN_POINT ( 'NONE',  ( -3.700000000000013944, -7.200000000000002842, -5.049999999999998934 ) ) ;
#2457 = DIRECTION ( 'NONE',  ( 0.000000000000000000, 0.000000000000000000, 1.000000000000000000 ) ) ;
#2458 = VERTEX_POINT ( 'NONE', #6211 ) ;
#2459 = EDGE_CURVE ( 'NONE', #5274, #6897, #21, .T. ) ;
#2460 = CARTESIAN_POINT ( 'NONE',  ( -2.299999999999999822, -2.299999999999999822, 0.4000000000000000222 ) ) ;
#2461 = CARTESIAN_POINT ( 'NONE',  ( 0.000000000000000000, 0.000000000000000000, 0.000000000000000000 ) ) ;
#2462 = EDGE_LOOP ( 'NONE', ( #206, #4466, #4128, #5219 ) ) ;
#2463 = DIRECTION ( 'NONE',  ( -0.000000000000000000, -0.000000000000000000, -1.000000000000000000 ) ) ;
#2464 = VERTEX_POINT ( 'NONE', #1617 ) ;
#2465 = DIRECTION ( 'NONE',  ( 0.000000000000000000, 0.000000000000000000, 1.000000000000000000 ) ) ;
#2466 = VERTEX_POINT ( 'NONE', #6245 ) ;
#2467 = FACE_OUTER_BOUND ( 'NONE', #6364, .T. ) ;
#2468 = EDGE_CURVE ( 'NONE', #4207, #798, #6395, .T. ) ;
#2469 = ORIENTED_EDGE ( 'NONE', *, *, #5582, .T. ) ;
#2470 = CARTESIAN_POINT ( 'NONE',  ( -1.899999999999999689, -7.500000000000000000, -1.900000000000000133 ) ) ;
#2471 = ORIENTED_EDGE ( 'NONE', *, *, #4115, .F. ) ;
#2472 = DIRECTION ( 'NONE',  ( -0.000000000000000000, -1.000000000000000000, -0.000000000000000000 ) ) ;
#2473 = CARTESIAN_POINT ( 'NONE',  ( -3.700000000000018385, -0.9999999999999995559, -5.371878022344838577 ) ) ;
#2474 = VECTOR ( 'NONE', #3248, 1000.000000000000000 ) ;
#2475 = CARTESIAN_POINT ( 'NONE',  ( 3.611565522318759047, -1.622742364566650553, -3.433741753074264214 ) ) ;
#2476 = VECTOR ( 'NONE', #4029, 999.9999999999998863 ) ;
#2477 = VERTEX_POINT ( 'NONE', #1692 ) ;
#2478 = EDGE_CURVE ( 'NONE', #5004, #6036, #3835, .T. ) ;
#2479 = DIRECTION ( 'NONE',  ( 0.000000000000000000, 0.000000000000000000, 1.000000000000000000 ) ) ;
#2480 = EDGE_CURVE ( 'NONE', #1490, #6166, #4544, .T. ) ;
#2481 = ORIENTED_EDGE ( 'NONE', *, *, #3090, .F. ) ;
#2482 = AXIS2_PLACEMENT_3D ( 'NONE', #452, #2683, #4218 ) ;
#2483 = CARTESIAN_POINT ( 'NONE',  ( 0.8499999999999999778, 2.600000000000000533, -2.650000000000000355 ) ) ;
#2484 = VECTOR ( 'NONE', #4795, 1000.000000000000000 ) ;
#2485 = DIRECTION ( 'NONE',  ( 1.000000000000000000, 0.000000000000000000, 0.000000000000000000 ) ) ;
#2486 = DIRECTION ( 'NONE',  ( 0.000000000000000000, 1.000000000000000000, 0.000000000000000000 ) ) ;
#2487 = AXIS2_PLACEMENT_3D ( 'NONE', #204, #4197, #4689 ) ;
#2488 = AXIS2_PLACEMENT_3D ( 'NONE', #5056, #4345, #996 ) ;
#2489 = FACE_OUTER_BOUND ( 'NONE', #3719, .T. ) ;
#2490 = CARTESIAN_POINT ( 'NONE',  ( -3.700000000000009948, -4.158455393585500385E-16, -2.850000000000028511 ) ) ;
#2491 = DIRECTION ( 'NONE',  ( 0.000000000000000000, 0.000000000000000000, 1.000000000000000000 ) ) ;
#2492 = DIRECTION ( 'NONE',  ( -0.000000000000000000, -0.000000000000000000, -1.000000000000000000 ) ) ;
#2493 = ORIENTED_EDGE ( 'NONE', *, *, #217, .T. ) ;
#2494 = VECTOR ( 'NONE', #5622, 1000.000000000000000 ) ;
#2495 = CARTESIAN_POINT ( 'NONE',  ( -1.350000000000000089, -2.900000000000000355, -2.850000000000000089 ) ) ;
#2496 = CARTESIAN_POINT ( 'NONE',  ( 3.300000000000018030, -0.09418335084988774253, -5.231773687770131076 ) ) ;
#2497 = VERTEX_POINT ( 'NONE', #4975 ) ;
#2498 = AXIS2_PLACEMENT_3D ( 'NONE', #6447, #3627, #3565 ) ;
#2499 = PLANE ( 'NONE',  #184 ) ;
#2500 = ORIENTED_EDGE ( 'NONE', *, *, #252, .F. ) ;
#2501 = CARTESIAN_POINT ( 'NONE',  ( -2.900000000000000799, -2.399999999999999467, -2.850000000000000089 ) ) ;
#2502 = EDGE_LOOP ( 'NONE', ( #250, #3801, #792, #240 ) ) ;
#2503 = VECTOR ( 'NONE', #176, 1000.000000000000000 ) ;
#2504 = LINE ( 'NONE', #4765, #308 ) ;
#2505 = VERTEX_POINT ( 'NONE', #2165 ) ;
#2506 = FACE_OUTER_BOUND ( 'NONE', #5373, .T. ) ;
#2507 = COLOUR_RGB ( '',0.7921568627450980005, 0.8196078431372548767, 0.9333333333333333481 ) ;
#2508 = ORIENTED_EDGE ( 'NONE', *, *, #236, .T. ) ;
#2509 = CARTESIAN_POINT ( 'NONE',  ( -3.600319854690733568, -1.468402559596536650, -4.274347714189232761 ) ) ;
#2510 = VECTOR ( 'NONE', #4325, 1000.000000000000000 ) ;
#2511 = CARTESIAN_POINT ( 'NONE',  ( 3.698918719983951497, -1.872607153021127679, -5.021617879810360563 ) ) ;
#2512 = ORIENTED_EDGE ( 'NONE', *, *, #2447, .T. ) ;
#2513 = ORIENTED_EDGE ( 'NONE', *, *, #6148, .F. ) ;
#2514 = AXIS2_PLACEMENT_3D ( 'NONE', #1657, #4474, #2909 ) ;
#2515 = CARTESIAN_POINT ( 'NONE',  ( 2.899999999999999467, 1.500000000000000000, -3.100000000000000977 ) ) ;
#2516 = DIRECTION ( 'NONE',  ( 0.000000000000000000, 1.000000000000000000, 0.000000000000000000 ) ) ;
#2517 = CARTESIAN_POINT ( 'NONE',  ( 2.899999999999999911, 2.500000000000000000, -3.100000000000000977 ) ) ;
#2518 = ADVANCED_FACE ( 'NONE', ( #3395 ), #3317, .F. ) ;
#2519 = ADVANCED_FACE ( 'NONE', ( #3991 ), #723, .T. ) ;
#2520 = CIRCLE ( 'NONE', #5143, 0.6250000000000001110 ) ;
#2521 = CARTESIAN_POINT ( 'NONE',  ( 3.700000000000019718, -3.999999999999998224, -5.049999999999998934 ) ) ;
#2522 = ORIENTED_EDGE ( 'NONE', *, *, #2719, .F. ) ;
#2523 = DIRECTION ( 'NONE',  ( 3.233037401832881481E-15, 0.2747211278973775705, -0.9615239476408233843 ) ) ;
#2524 = FACE_OUTER_BOUND ( 'NONE', #1006, .T. ) ;
#2525 = DIRECTION ( 'NONE',  ( -1.000000000000000000, -2.691812290308837303E-15, 0.000000000000000000 ) ) ;
#2526 = ORIENTED_EDGE ( 'NONE', *, *, #2262, .F. ) ;
#2527 = VECTOR ( 'NONE', #4229, 1000.000000000000000 ) ;
#2528 = CARTESIAN_POINT ( 'NONE',  ( 3.300000000000016254, 1.057097118173373923E-15, -4.748279434898257101 ) ) ;
#2529 = CARTESIAN_POINT ( 'NONE',  ( 3.202900065305541943, -0.7399490881538837161, -4.858162128904228716 ) ) ;
#2530 = ADVANCED_FACE ( 'NONE', ( #4735 ), #6154, .T. ) ;
#2531 = EDGE_CURVE ( 'NONE', #5466, #3555, #6668, .T. ) ;
#2532 = EDGE_LOOP ( 'NONE', ( #1598, #3634, #3541 ) ) ;
#2533 = AXIS2_PLACEMENT_3D ( 'NONE', #4369, #2745, #7141 ) ;
#2534 = CARTESIAN_POINT ( 'NONE',  ( 2.900000000000000355, 1.600000000000000089, -3.100000000000000977 ) ) ;
#2535 = VERTEX_POINT ( 'NONE', #3264 ) ;
#2536 = LINE ( 'NONE', #4878, #6640 ) ;
#2537 = EDGE_LOOP ( 'NONE', ( #6704, #245, #5848, #6732 ) ) ;
#2538 = AXIS2_PLACEMENT_3D ( 'NONE', #590, #6263, #6362 ) ;
#2539 = DIRECTION ( 'NONE',  ( -1.000000000000000000, 0.000000000000000000, 0.000000000000000000 ) ) ;
#2540 = EDGE_LOOP ( 'NONE', ( #3166, #5557, #3375 ) ) ;
#2541 = LINE ( 'NONE', #3585, #2422 ) ;
#2542 = DIRECTION ( 'NONE',  ( 0.000000000000000000, -1.000000000000000000, 0.000000000000000000 ) ) ;
#2543 = VERTEX_POINT ( 'NONE', #3896 ) ;
#2544 = ORIENTED_EDGE ( 'NONE', *, *, #120, .T. ) ;
#2545 = CARTESIAN_POINT ( 'NONE',  ( -3.643723911836732832, -1.122096063209992778, -5.020662125197072889 ) ) ;
#2546 = CARTESIAN_POINT ( 'NONE',  ( 3.300000000000015810, 2.600000000000000533, -4.748279434898257101 ) ) ;
#2547 = ORIENTED_EDGE ( 'NONE', *, *, #2134, .T. ) ;
#2548 = DIRECTION ( 'NONE',  ( 1.000000000000000000, 0.000000000000000000, 0.000000000000000000 ) ) ;
#2549 = ORIENTED_EDGE ( 'NONE', *, *, #2622, .T. ) ;
#2550 = ADVANCED_FACE ( 'NONE', ( #5515 ), #6539, .T. ) ;
#2551 = VERTEX_POINT ( 'NONE', #3338 ) ;
#2552 = CARTESIAN_POINT ( 'NONE',  ( 3.700000000000010836, -1.999999999999998668, -2.849999999999997424 ) ) ;
#2553 = CARTESIAN_POINT ( 'NONE',  ( 3.700000000000015277, 2.600000000000000533, -4.748279434898255325 ) ) ;
#2554 = LINE ( 'NONE', #3153, #2407 ) ;
#2555 = MANIFOLD_SOLID_BREP ( 'Fillet2', #3639 ) ;
#2556 = B_SPLINE_CURVE_WITH_KNOTS ( 'NONE', 2,
 ( #1662, #3404, #5654 ),
 .UNSPECIFIED., .F., .F.,
 ( 3, 3 ),
 ( 0.000000000000000000, 1.000000000000000000 ),
 .UNSPECIFIED. ) ;
#2557 = EDGE_CURVE ( 'NONE', #2505, #866, #6074, .T. ) ;
#2558 = EDGE_CURVE ( 'NONE', #6963, #298, #7094, .T. ) ;
#2559 = DIRECTION ( 'NONE',  ( 1.000000000000000000, 0.000000000000000000, 0.000000000000000000 ) ) ;
#2560 = CARTESIAN_POINT ( 'NONE',  ( -2.900000000000000355, -1.599999999999999201, -3.100000000000000977 ) ) ;
#2561 = EDGE_LOOP ( 'NONE', ( #5563, #888, #2102, #768 ) ) ;
#2562 = CARTESIAN_POINT ( 'NONE',  ( -1.149999999999999911, 3.000000000000000000, -2.850000000000000089 ) ) ;
#2563 = CARTESIAN_POINT ( 'NONE',  ( 3.700000000000012612, -3.499999999999998224, -3.049999999999999378 ) ) ;
#2564 = LINE ( 'NONE', #4316, #1411 ) ;
#2565 = ORIENTED_EDGE ( 'NONE', *, *, #6259, .F. ) ;
#2566 = DIRECTION ( 'NONE',  ( 1.000000000000000000, 0.000000000000000000, -3.491481338843133355E-15 ) ) ;
#2567 = CARTESIAN_POINT ( 'NONE',  ( 0.8499999999999999778, 1.733333333333333171, -2.650000000000000355 ) ) ;
#2568 = ORIENTED_EDGE ( 'NONE', *, *, #5962, .F. ) ;
#2569 = DIRECTION ( 'NONE',  ( -1.000000000000000000, -6.938893903907227392E-16, 0.000000000000000000 ) ) ;
#2570 = EDGE_CURVE ( 'NONE', #7187, #461, #6985, .T. ) ;
#2571 = DIRECTION ( 'NONE',  ( 0.000000000000000000, -1.000000000000000000, 3.523657060577896116E-15 ) ) ;
#2572 = EDGE_LOOP ( 'NONE', ( #820, #6791 ) ) ;
#2573 = CARTESIAN_POINT ( 'NONE',  ( 2.299999999999999822, 1.675000000000000266, 0.6500000000000001332 ) ) ;
#2574 = FACE_OUTER_BOUND ( 'NONE', #5638, .T. ) ;
#2575 = ORIENTED_EDGE ( 'NONE', *, *, #5099, .F. ) ;
#2576 = EDGE_CURVE ( 'NONE', #4074, #2147, #7179, .T. ) ;
#2577 = CARTESIAN_POINT ( 'NONE',  ( 3.700000000000016165, -3.499999999999998224, -4.049999999999998934 ) ) ;
#2578 = EDGE_LOOP ( 'NONE', ( #5903, #3518 ) ) ;
#2579 = PLANE ( 'NONE',  #2199 ) ;
#2580 = CARTESIAN_POINT ( 'NONE',  ( 0.000000000000000000, 0.000000000000000000, 7.300000000000000711 ) ) ;
#2581 = EDGE_LOOP ( 'NONE', ( #2032, #1614, #4171, #2708 ) ) ;
#2582 = CARTESIAN_POINT ( 'NONE',  ( -3.700000000000010836, -3.500000000000000000, -3.049999999999999378 ) ) ;
#2583 = ORIENTED_EDGE ( 'NONE', *, *, #1085, .F. ) ;
#2584 = ORIENTED_EDGE ( 'NONE', *, *, #2943, .F. ) ;
#2585 = CARTESIAN_POINT ( 'NONE',  ( -3.227960847199673911, -1.000113306498448651, -2.849999999999998312 ) ) ;
#2586 = CARTESIAN_POINT ( 'NONE',  ( 3.700000000000010392, -1.953143444990796507, -3.060156501862068001 ) ) ;
#2587 = ORIENTED_EDGE ( 'NONE', *, *, #6114, .F. ) ;
#2588 = ORIENTED_EDGE ( 'NONE', *, *, #5292, .T. ) ;
#2589 = VERTEX_POINT ( 'NONE', #3173 ) ;
#2590 = CARTESIAN_POINT ( 'NONE',  ( -3.000000000000000000, 3.100000000000000089, -3.200000000000000178 ) ) ;
#2591 = CARTESIAN_POINT ( 'NONE',  ( 0.8499999999999999778, 2.600000000000000533, -2.650000000000000355 ) ) ;
#2592 = VECTOR ( 'NONE', #654, 1000.000000000000000 ) ;
#2593 = AXIS2_PLACEMENT_3D ( 'NONE', #1420, #4911, #6058 ) ;
#2594 = DIRECTION ( 'NONE',  ( -0.000000000000000000, -0.000000000000000000, -1.000000000000000000 ) ) ;
#2595 = EDGE_CURVE ( 'NONE', #2477, #6634, #5427, .T. ) ;
#2596 = AXIS2_PLACEMENT_3D ( 'NONE', #738, #2911, #2941 ) ;
#2597 = CARTESIAN_POINT ( 'NONE',  ( -3.795015528100090574, -4.990031056200154858, -4.049999999999998934 ) ) ;
#2598 = VECTOR ( 'NONE', #1473, 1000.000000000000114 ) ;
#2599 = CARTESIAN_POINT ( 'NONE',  ( -0.8499999999999999778, 1.683333333333333348, -2.750000000000000000 ) ) ;
#2600 = ORIENTED_EDGE ( 'NONE', *, *, #6711, .T. ) ;
#2601 = DIRECTION ( 'NONE',  ( -1.000000000000000000, -1.927470528863119344E-15, 0.000000000000000000 ) ) ;
#2602 = DIRECTION ( 'NONE',  ( -1.000000000000000000, 0.000000000000000000, 0.000000000000000000 ) ) ;
#2603 = CARTESIAN_POINT ( 'NONE',  ( 1.149999999999999911, -3.000000000000000000, -3.100000000000000977 ) ) ;
#2604 = ORIENTED_EDGE ( 'NONE', *, *, #3302, .F. ) ;
#2605 = CYLINDRICAL_SURFACE ( 'NONE', #1215, 0.09999999999999982514 ) ;
#2606 = VECTOR ( 'NONE', #2516, 1000.000000000000000 ) ;
#2607 = VECTOR ( 'NONE', #4185, 1000.000000000000000 ) ;
#2608 = LINE ( 'NONE', #4870, #2416 ) ;
#2609 = ORIENTED_EDGE ( 'NONE', *, *, #3314, .F. ) ;
#2610 = DIRECTION ( 'NONE',  ( 0.000000000000000000, -1.000000000000000000, 0.000000000000000000 ) ) ;
#2611 = LINE ( 'NONE', #2657, #7248 ) ;
#2612 = VERTEX_POINT ( 'NONE', #1551 ) ;
#2613 = AXIS2_PLACEMENT_3D ( 'NONE', #5977, #1965, #4822 ) ;
#2614 = CARTESIAN_POINT ( 'NONE',  ( 3.700000000000010836, -1.999999999999998668, -2.849999999999997424 ) ) ;
#2615 = CARTESIAN_POINT ( 'NONE',  ( -2.899999999999999911, 2.500000000000000000, -3.100000000000000977 ) ) ;
#2616 = CARTESIAN_POINT ( 'NONE',  ( 2.900000000000000799, 2.400000000000000355, -3.100000000000000977 ) ) ;
#2617 = DIRECTION ( 'NONE',  ( 8.673617379884035472E-16, 1.734723475976807094E-15, 1.000000000000000000 ) ) ;
#2618 = DIRECTION ( 'NONE',  ( 7.570943305532645426E-31, -1.000000000000000000, 2.168404344971008868E-16 ) ) ;
#2619 = EDGE_CURVE ( 'NONE', #381, #509, #3817, .T. ) ;
#2620 = VECTOR ( 'NONE', #7285, 1000.000000000000000 ) ;
#2621 = VERTEX_POINT ( 'NONE', #4959 ) ;
#2622 = EDGE_CURVE ( 'NONE', #3612, #795, #6287, .T. ) ;
#2623 = PLANE ( 'NONE',  #3266 ) ;
#2624 = DIRECTION ( 'NONE',  ( -1.000000000000000000, 0.000000000000000000, 0.000000000000000000 ) ) ;
#2625 = ORIENTED_EDGE ( 'NONE', *, *, #3397, .F. ) ;
#2626 = FACE_OUTER_BOUND ( 'NONE', #1714, .T. ) ;
#2627 = ORIENTED_EDGE ( 'NONE', *, *, #6369, .F. ) ;
#2628 = ORIENTED_EDGE ( 'NONE', *, *, #2684, .T. ) ;
#2629 = VERTEX_POINT ( 'NONE', #2739 ) ;
#2630 = CARTESIAN_POINT ( 'NONE',  ( -3.700000000000010836, -2.114348681100649178E-16, -3.854081064452110184 ) ) ;
#2631 = ADVANCED_FACE ( 'NONE', ( #7256 ), #2187, .T. ) ;
#2632 = CARTESIAN_POINT ( 'NONE',  ( 3.227960847199674355, -1.000113306498447319, -2.849999999999998312 ) ) ;
#2633 = ORIENTED_EDGE ( 'NONE', *, *, #4920, .T. ) ;
#2634 = AXIS2_PLACEMENT_3D ( 'NONE', #6333, #2231, #3940 ) ;
#2635 = EDGE_CURVE ( 'NONE', #697, #407, #161, .T. ) ;
#2636 = VERTEX_POINT ( 'NONE', #6743 ) ;
#2637 = ORIENTED_EDGE ( 'NONE', *, *, #4017, .T. ) ;
#2638 = DIRECTION ( 'NONE',  ( -0.000000000000000000, -0.000000000000000000, -1.000000000000000000 ) ) ;
#2639 = CARTESIAN_POINT ( 'NONE',  ( -6.460349496741234770E-15, -2.400000000000007017, -3.200000000000000622 ) ) ;
#2640 = CIRCLE ( 'NONE', #5717, 0.09999999999999982514 ) ;
#2641 = LINE ( 'NONE', #4347, #3705 ) ;
#2642 = VECTOR ( 'NONE', #998, 1000.000000000000000 ) ;
#2643 = DIRECTION ( 'NONE',  ( -1.000000000000000000, -4.486353817181400106E-16, 0.000000000000000000 ) ) ;
#2644 = CARTESIAN_POINT ( 'NONE',  ( -1.350000000000000089, -1.599999999999999867, -3.200000000000000622 ) ) ;
#2645 = ORIENTED_EDGE ( 'NONE', *, *, #5735, .F. ) ;
#2646 = CARTESIAN_POINT ( 'NONE',  ( -1.450000000000000178, -2.900000000000000355, -3.100000000000000977 ) ) ;
#2647 = CARTESIAN_POINT ( 'NONE',  ( -1.350000000000000089, 0.000000000000000000, -3.100000000000000977 ) ) ;
#2648 = CARTESIAN_POINT ( 'NONE',  ( 1.408578643762689930, 2.458578643762691751, -3.200000000000000622 ) ) ;
#2649 = ORIENTED_EDGE ( 'NONE', *, *, #6585, .F. ) ;
#2650 = DIRECTION ( 'NONE',  ( -1.000000000000000000, 0.000000000000000000, 0.000000000000000000 ) ) ;
#2651 = EDGE_CURVE ( 'NONE', #3412, #1490, #1318, .T. ) ;
#2652 = AXIS2_PLACEMENT_3D ( 'NONE', #5052, #2855, #2368 ) ;
#2653 = CARTESIAN_POINT ( 'NONE',  ( 2.299999999999999378, -2.636572800445907916, 0.9000000000000001332 ) ) ;
#2654 = VERTEX_POINT ( 'NONE', #3934 ) ;
#2655 = DIRECTION ( 'NONE',  ( 4.517509052022934484E-16, -1.000000000000000000, 3.523657060577896116E-15 ) ) ;
#2656 = UNCERTAINTY_MEASURE_WITH_UNIT (LENGTH_MEASURE( 1.000000000000000082E-05 ), #2937, 'distance_accuracy_value', 'NONE');
#2657 = CARTESIAN_POINT ( 'NONE',  ( -3.200000000000000622, 3.000000000000000000, -8.673617379884035472E-16 ) ) ;
#2658 = VECTOR ( 'NONE', #5935, 1000.000000000000000 ) ;
#2659 = ORIENTED_EDGE ( 'NONE', *, *, #4227, .F. ) ;
#2660 = CARTESIAN_POINT ( 'NONE',  ( 3.278597828075715537, -0.2027530115181696291, -2.850000000000001865 ) ) ;
#2661 = CARTESIAN_POINT ( 'NONE',  ( 1.674999999999999822, -2.299999999999999822, 0.6500000000000001332 ) ) ;
#2662 = VERTEX_POINT ( 'NONE', #5729 ) ;
#2663 = ADVANCED_FACE ( 'NONE', ( #73 ), #1227, .T. ) ;
#2664 = CARTESIAN_POINT ( 'NONE',  ( -2.299999999999999822, -2.299999999999999822, 0.6500000000000001332 ) ) ;
#2665 = DIRECTION ( 'NONE',  ( 0.000000000000000000, 1.000000000000000000, 0.000000000000000000 ) ) ;
#2666 = AXIS2_PLACEMENT_3D ( 'NONE', #700, #6309, #3457 ) ;
#2667 = ORIENTED_EDGE ( 'NONE', *, *, #6268, .F. ) ;
#2668 = ADVANCED_FACE ( 'NONE', ( #2779 ), #5041, .T. ) ;
#2669 = DIRECTION ( 'NONE',  ( -0.000000000000000000, -0.000000000000000000, -1.000000000000000000 ) ) ;
#2670 = DIRECTION ( 'NONE',  ( 0.000000000000000000, 0.000000000000000000, 1.000000000000000000 ) ) ;
#2671 = ORIENTED_EDGE ( 'NONE', *, *, #4228, .F. ) ;
#2672 = FACE_OUTER_BOUND ( 'NONE', #5794, .T. ) ;
#2673 = EDGE_LOOP ( 'NONE', ( #5488, #6796 ) ) ;
#2674 = ORIENTED_EDGE ( 'NONE', *, *, #5192, .T. ) ;
#2675 = AXIS2_PLACEMENT_3D ( 'NONE', #5973, #6478, #2000 ) ;
#2676 = EDGE_CURVE ( 'NONE', #1615, #1240, #521, .T. ) ;
#2677 = CARTESIAN_POINT ( 'NONE',  ( -3.700000000000018829, -2.008554024668659077E-16, -3.433768060727970362 ) ) ;
#2678 = CARTESIAN_POINT ( 'NONE',  ( 3.655061166456356592, -0.7102588294049673179, -5.021026252406373125 ) ) ;
#2679 = EDGE_LOOP ( 'NONE', ( #2105, #3892, #6296, #5015 ) ) ;
#2680 = EDGE_LOOP ( 'NONE', ( #5520, #3875, #5666, #6010 ) ) ;
#2681 = VERTEX_POINT ( 'NONE', #690 ) ;
#2682 = LINE ( 'NONE', #568, #1425 ) ;
#2683 = DIRECTION ( 'NONE',  ( -0.000000000000000000, -0.000000000000000000, -1.000000000000000000 ) ) ;
#2684 = EDGE_CURVE ( 'NONE', #857, #2747, #391, .T. ) ;
#2685 = DIRECTION ( 'NONE',  ( -0.000000000000000000, -0.000000000000000000, -1.000000000000000000 ) ) ;
#2686 = CARTESIAN_POINT ( 'NONE',  ( -3.200000000000000622, 3.000000000000000444, -8.673617379884035472E-16 ) ) ;
#2687 = CARTESIAN_POINT ( 'NONE',  ( 1.350000000000000089, 2.900000000000000355, -2.850000000000000089 ) ) ;
#2688 = DIRECTION ( 'NONE',  ( 0.000000000000000000, 0.000000000000000000, 1.000000000000000000 ) ) ;
#2689 = FACE_OUTER_BOUND ( 'NONE', #5044, .T. ) ;
#2690 = LINE ( 'NONE', #420, #3790 ) ;
#2691 = ORIENTED_EDGE ( 'NONE', *, *, #4106, .T. ) ;
#2692 = DIRECTION ( 'NONE',  ( -3.491481338843133355E-15, 0.000000000000000000, -1.000000000000000000 ) ) ;
#2693 = CARTESIAN_POINT ( 'NONE',  ( 3.751540677934136703, -5.866400601998985387, -5.049999999999998934 ) ) ;
#2694 = EDGE_LOOP ( 'NONE', ( #6471, #1531, #6043, #7025, #2305, #1953, #3806, #2852, #2588, #2999, #7055, #2886 ) ) ;
#2695 = DIRECTION ( 'NONE',  ( -0.000000000000000000, -0.000000000000000000, -1.000000000000000000 ) ) ;
#2696 = EDGE_CURVE ( 'NONE', #1787, #3555, #5693, .T. ) ;
#2697 = CYLINDRICAL_SURFACE ( 'NONE', #1705, 0.1000000000000000472 ) ;
#2698 = ORIENTED_EDGE ( 'NONE', *, *, #6770, .F. ) ;
#2699 = CARTESIAN_POINT ( 'NONE',  ( 2.299999999999999822, -2.299999999999999822, 0.6500000000000001332 ) ) ;
#2700 = DIRECTION ( 'NONE',  ( 0.000000000000000000, 1.000000000000000000, -3.523657060577896116E-15 ) ) ;
#2701 = VERTEX_POINT ( 'NONE', #550 ) ;
#2702 = LINE ( 'NONE', #1637, #4077 ) ;
#2703 = ORIENTED_EDGE ( 'NONE', *, *, #5440, .F. ) ;
#2704 = CARTESIAN_POINT ( 'NONE',  ( -2.299999999999999822, 2.925000000000000711, 0.6500000000000001332 ) ) ;
#2705 = CARTESIAN_POINT ( 'NONE',  ( 0.8499999999999999778, -1.733333333333333171, -2.650000000000000355 ) ) ;
#2706 = ORIENTED_EDGE ( 'NONE', *, *, #4937, .T. ) ;
#2707 = CYLINDRICAL_SURFACE ( 'NONE', #1691, 0.6250000000000001110 ) ;
#2708 = ORIENTED_EDGE ( 'NONE', *, *, #5970, .T. ) ;
#2709 = ORIENTED_EDGE ( 'NONE', *, *, #6156, .F. ) ;
#2710 = EDGE_CURVE ( 'NONE', #4921, #2820, #3205, .T. ) ;
#2711 = CARTESIAN_POINT ( 'NONE',  ( -3.700000000000018385, -0.08486455634233175394, -5.021617185908053393 ) ) ;
#2712 = CARTESIAN_POINT ( 'NONE',  ( 3.600319854690734456, -1.468402559596534873, -4.274347714189232761 ) ) ;
#2713 = ORIENTED_EDGE ( 'NONE', *, *, #5317, .F. ) ;
#2714 = ORIENTED_EDGE ( 'NONE', *, *, #5570, .T. ) ;
#2715 = ORIENTED_EDGE ( 'NONE', *, *, #4494, .F. ) ;
#2716 = CARTESIAN_POINT ( 'NONE',  ( 3.700000000000012612, -3.999999999999998224, -3.049999999999999378 ) ) ;
#2717 = DIRECTION ( 'NONE',  ( -0.000000000000000000, -0.000000000000000000, -1.000000000000000000 ) ) ;
#2718 = FACE_OUTER_BOUND ( 'NONE', #464, .T. ) ;
#2719 = EDGE_CURVE ( 'NONE', #2985, #1233, #5177, .T. ) ;
#2720 = ADVANCED_FACE ( 'NONE', ( #2296 ), #1261, .T. ) ;
#2721 = FACE_OUTER_BOUND ( 'NONE', #5599, .T. ) ;
#2722 = DIRECTION ( 'NONE',  ( 3.918314502740957776E-31, -8.673617379884035472E-16, -1.000000000000000000 ) ) ;
#2723 = LINE ( 'NONE', #4265, #6089 ) ;
#2724 = VECTOR ( 'NONE', #35, 1000.000000000000000 ) ;
#2725 = CARTESIAN_POINT ( 'NONE',  ( -2.299999999999999822, 2.925000000000000711, 0.6500000000000001332 ) ) ;
#2726 = CARTESIAN_POINT ( 'NONE',  ( 3.700000000000015721, -7.500000000000000000, -4.049999999999998934 ) ) ;
#2727 = ORIENTED_EDGE ( 'NONE', *, *, #2085, .T. ) ;
#2728 = CARTESIAN_POINT ( 'NONE',  ( 3.000000000000001332, -2.999999999999998668, 0.4000000000000000222 ) ) ;
#2729 = CARTESIAN_POINT ( 'NONE',  ( 2.299999999999999822, -1.963427199554093061, 0.9000000000000001332 ) ) ;
#2730 = VECTOR ( 'NONE', #2485, 1000.000000000000000 ) ;
#2731 = VECTOR ( 'NONE', #2195, 1000.000000000000000 ) ;
#2732 = DIRECTION ( 'NONE',  ( -0.000000000000000000, -0.000000000000000000, -1.000000000000000000 ) ) ;
#2733 = ADVANCED_FACE ( 'NONE', ( #6884 ), #2843, .F. ) ;
#2734 = DIRECTION ( 'NONE',  ( -2.602085213965208275E-15, -1.734723475976805517E-15, -1.000000000000000000 ) ) ;
#2735 = ORIENTED_EDGE ( 'NONE', *, *, #2986, .T. ) ;
#2736 = DIRECTION ( 'NONE',  ( -1.000000000000000000, 0.000000000000000000, 0.000000000000000000 ) ) ;
#2737 = CARTESIAN_POINT ( 'NONE',  ( 2.299999999999999822, 1.675000000000000266, 0.6500000000000001332 ) ) ;
#2738 = SURFACE_STYLE_FILL_AREA ( #6073 ) ;
#2739 = CARTESIAN_POINT ( 'NONE',  ( 3.700000000000023270, -3.999999999999998224, -6.049999999999997158 ) ) ;
#2740 = CIRCLE ( 'NONE', #523, 0.5000000000000004441 ) ;
#2741 = FACE_OUTER_BOUND ( 'NONE', #4317, .T. ) ;
#2742 = ORIENTED_EDGE ( 'NONE', *, *, #2570, .F. ) ;
#2743 = AXIS2_PLACEMENT_3D ( 'NONE', #2393, #4126, #1326 ) ;
#2744 = VECTOR ( 'NONE', #5037, 1000.000000000000114 ) ;
#2745 = DIRECTION ( 'NONE',  ( 0.000000000000000000, 1.000000000000000000, -3.523657060577896116E-15 ) ) ;
#2746 = DIRECTION ( 'NONE',  ( 0.000000000000000000, 1.000000000000000000, 0.000000000000000000 ) ) ;
#2747 = VERTEX_POINT ( 'NONE', #134 ) ;
#2748 = CARTESIAN_POINT ( 'NONE',  ( 1.049999999999998712, -2.925000000000000266, 0.6499999999999999112 ) ) ;
#2749 = VERTEX_POINT ( 'NONE', #1668 ) ;
#2750 = ORIENTED_EDGE ( 'NONE', *, *, #6719, .T. ) ;
#2751 = VECTOR ( 'NONE', #2324, 1000.000000000000000 ) ;
#2752 = CARTESIAN_POINT ( 'NONE',  ( -3.700000000000016165, -0.1958792758983956550, -5.231804981911395203 ) ) ;
#2753 = EDGE_CURVE ( 'NONE', #6119, #1876, #6230, .T. ) ;
#2754 = CARTESIAN_POINT ( 'NONE',  ( 3.490342747705788895, -0.5350735015809791051, -3.060156501862064449 ) ) ;
#2755 = ORIENTED_EDGE ( 'NONE', *, *, #1834, .T. ) ;
#2756 = VECTOR ( 'NONE', #2168, 1000.000000000000000 ) ;
#2757 = ORIENTED_EDGE ( 'NONE', *, *, #3090, .T. ) ;
#2758 = ORIENTED_EDGE ( 'NONE', *, *, #2794, .F. ) ;
#2759 = DIRECTION ( 'NONE',  ( -1.000000000000000000, 0.000000000000000000, 0.000000000000000000 ) ) ;
#2760 = CARTESIAN_POINT ( 'NONE',  ( -3.300000000000010036, -2.000000000000000888, -2.849999999999999201 ) ) ;
#2761 = AXIS2_PLACEMENT_3D ( 'NONE', #512, #555, #2624 ) ;
#2762 = CARTESIAN_POINT ( 'NONE',  ( 4.200000000000016165, -7.286606874731852201, -4.049999999999996270 ) ) ;
#2763 = FACE_OUTER_BOUND ( 'NONE', #5996, .T. ) ;
#2764 = CARTESIAN_POINT ( 'NONE',  ( 2.299999999999999822, 2.925000000000000711, 0.6500000000000001332 ) ) ;
#2765 = AXIS2_PLACEMENT_3D ( 'NONE', #1803, #3436, #5104 ) ;
#2766 = CARTESIAN_POINT ( 'NONE',  ( -3.700000000000014388, -3.500000000000000000, -4.049999999999998934 ) ) ;
#2767 = ORIENTED_EDGE ( 'NONE', *, *, #6506, .T. ) ;
#2768 = CARTESIAN_POINT ( 'NONE',  ( -3.000000000000000000, -3.000000000000000000, 0.4000000000000000222 ) ) ;
#2769 = EDGE_CURVE ( 'NONE', #1679, #6358, #1689, .T. ) ;
#2770 = FACE_BOUND ( 'NONE', #2572, .T. ) ;
#2771 = VECTOR ( 'NONE', #4947, 1000.000000000000000 ) ;
#2772 = CARTESIAN_POINT ( 'NONE',  ( -3.437244651700125164, -5.168916494400139783, -5.049999999999998934 ) ) ;
#2773 = CARTESIAN_POINT ( 'NONE',  ( -3.000000000000000000, -1.599999999999999867, -3.100000000000000977 ) ) ;
#2774 = ORIENTED_EDGE ( 'NONE', *, *, #542, .T. ) ;
#2775 = DIRECTION ( 'NONE',  ( -1.000000000000000000, -6.938893903907227392E-16, 0.000000000000000000 ) ) ;
#2776 = LINE ( 'NONE', #2383, #6397 ) ;
#2777 = CARTESIAN_POINT ( 'NONE',  ( -3.300000000000014921, -4.587538820250192551, -4.049999999999998934 ) ) ;
#2778 = CIRCLE ( 'NONE', #2053, 0.09999999999999982514 ) ;
#2779 = FACE_OUTER_BOUND ( 'NONE', #1268, .T. ) ;
#2780 = CARTESIAN_POINT ( 'NONE',  ( 3.291664351028914304, -1.795695373969848685, -4.391147680321848767 ) ) ;
#2781 = ORIENTED_EDGE ( 'NONE', *, *, #4006, .T. ) ;
#2782 = VECTOR ( 'NONE', #5621, 1000.000000000000000 ) ;
#2783 = LINE ( 'NONE', #3268, #4672 ) ;
#2784 = DIRECTION ( 'NONE',  ( 1.000000000000000000, 0.000000000000000000, 3.523657060577910710E-15 ) ) ;
#2785 = ORIENTED_EDGE ( 'NONE', *, *, #5609, .F. ) ;
#2786 = FACE_OUTER_BOUND ( 'NONE', #4254, .T. ) ;
#2787 = EDGE_LOOP ( 'NONE', ( #1377, #6002, #1708, #1659 ) ) ;
#2788 = ORIENTED_EDGE ( 'NONE', *, *, #295, .T. ) ;
#2789 = AXIS2_PLACEMENT_3D ( 'NONE', #5079, #2953, #3444 ) ;
#2790 = CARTESIAN_POINT ( 'NONE',  ( 3.300000000000017142, 2.600000000000000533, -5.371878022344833248 ) ) ;
#2791 = CARTESIAN_POINT ( 'NONE',  ( 3.700000000000018829, -0.9999999999999978906, -5.371878022344838577 ) ) ;
#2792 = ORIENTED_EDGE ( 'NONE', *, *, #168, .T. ) ;
#2793 = CIRCLE ( 'NONE', #1159, 0.05000000000000012768 ) ;
#2794 = EDGE_CURVE ( 'NONE', #1967, #15, #5163, .T. ) ;
#2795 = ORIENTED_EDGE ( 'NONE', *, *, #256, .F. ) ;
#2796 = CYLINDRICAL_SURFACE ( 'NONE', #2488, 0.6250000000000001110 ) ;
#2797 = CARTESIAN_POINT ( 'NONE',  ( -3.278597828075717313, -0.2027530115181711556, -2.990104334574712919 ) ) ;
#2798 = LINE ( 'NONE', #532, #1718 ) ;
#2799 =( BOUNDED_CURVE ( )  B_SPLINE_CURVE ( 3, ( #5495, #453, #1528, #3837 ),
 .UNSPECIFIED., .F., .T. ) 
 B_SPLINE_CURVE_WITH_KNOTS ( ( 4, 4 ),
 ( 0.000000000000000000, 1.570796326794896558 ),
 .UNSPECIFIED. ) 
 CURVE ( )  GEOMETRIC_REPRESENTATION_ITEM ( )  RATIONAL_B_SPLINE_CURVE ( ( 1.000000000000000000, 0.8047378541243649375, 0.8047378541243649375, 1.000000000000000000 ) ) 
 REPRESENTATION_ITEM ( '' )  );
#2800 = EDGE_CURVE ( 'NONE', #5956, #6412, #854, .T. ) ;
#2801 = FACE_OUTER_BOUND ( 'NONE', #1511, .T. ) ;
#2802 = CARTESIAN_POINT ( 'NONE',  ( -2.973145600891816009, 1.963427199554093283, 0.9000000000000003553 ) ) ;
#2803 = CARTESIAN_POINT ( 'NONE',  ( -3.700000000000000178, 3.000000000000000000, -0.09999999999999850675 ) ) ;
#2804 = CARTESIAN_POINT ( 'NONE',  ( -0.8499999999999999778, -1.683333333333333570, -2.799999999999999378 ) ) ;
#2805 = DIRECTION ( 'NONE',  ( -1.000000000000000000, 0.000000000000000000, 3.491481338843133750E-15 ) ) ;
#2806 = DIRECTION ( 'NONE',  ( 0.000000000000000000, 0.000000000000000000, -1.000000000000000000 ) ) ;
#2807 = DIRECTION ( 'NONE',  ( -0.000000000000000000, 0.000000000000000000, -1.000000000000000000 ) ) ;
#2808 = DIRECTION ( 'NONE',  ( -1.000000000000000000, 5.987542637623614683E-15, -5.585196838722983974E-30 ) ) ;
#2809 = ORIENTED_EDGE ( 'NONE', *, *, #4214, .T. ) ;
#2810 = CARTESIAN_POINT ( 'NONE',  ( 3.000000000000000000, -3.000000000000000000, -3.200000000000000622 ) ) ;
#2811 = DIRECTION ( 'NONE',  ( 0.000000000000000000, -1.000000000000000000, 0.000000000000000000 ) ) ;
#2812 = DIRECTION ( 'NONE',  ( 8.972707634362810073E-16, 1.000000000000000000, 0.000000000000000000 ) ) ;
#2813 = DIRECTION ( 'NONE',  ( 0.000000000000000000, 0.000000000000000000, 1.000000000000000000 ) ) ;
#2814 = CARTESIAN_POINT ( 'NONE',  ( 2.828233073500720174, -0.9999999999999991118, -2.990104334574714695 ) ) ;
#2815 = ORIENTED_EDGE ( 'NONE', *, *, #1033, .T. ) ;
#2816 = EDGE_CURVE ( 'NONE', #1017, #5805, #3557, .T. ) ;
#2817 = FACE_OUTER_BOUND ( 'NONE', #2197, .T. ) ;
#2818 = DIRECTION ( 'NONE',  ( -0.000000000000000000, -0.000000000000000000, -1.000000000000000000 ) ) ;
#2819 = EDGE_CURVE ( 'NONE', #2621, #5481, #814, .T. ) ;
#2820 = VERTEX_POINT ( 'NONE', #5275 ) ;
#2821 = DIRECTION ( 'NONE',  ( 4.517509052022934484E-16, -1.000000000000000000, 0.000000000000000000 ) ) ;
#2822 = ORIENTED_EDGE ( 'NONE', *, *, #5404, .F. ) ;
#2823 = ORIENTED_EDGE ( 'NONE', *, *, #6081, .T. ) ;
#2824 = DIRECTION ( 'NONE',  ( 0.000000000000000000, -1.000000000000000000, 0.000000000000000000 ) ) ;
#2825 = CARTESIAN_POINT ( 'NONE',  ( 3.593016017317588240, -0.3813817795449019332, -3.060156501862068446 ) ) ;
#2826 = ORIENTED_EDGE ( 'NONE', *, *, #6042, .T. ) ;
#2827 = EDGE_LOOP ( 'NONE', ( #2081, #5183, #3420, #1297 ) ) ;
#2828 = DIRECTION ( 'NONE',  ( 0.000000000000000000, 0.000000000000000000, -1.000000000000000000 ) ) ;
#2829 = CARTESIAN_POINT ( 'NONE',  ( -3.695011048408685994, -1.865452594876106263, -3.854081502706202755 ) ) ;
#2830 = CARTESIAN_POINT ( 'NONE',  ( -3.700000000000014388, -4.000000000000002665, -5.049999999999998934 ) ) ;
#2831 = PLANE ( 'NONE',  #2073 ) ;
#2832 = CARTESIAN_POINT ( 'NONE',  ( 2.243176908590700546E-16, 1.499999999999999556, -2.850000000000000089 ) ) ;
#2833 = CARTESIAN_POINT ( 'NONE',  ( -2.600000000000000533, -7.500000000000000000, -2.200000000000000178 ) ) ;
#2834 = LINE ( 'NONE', #4024, #5585 ) ;
#2835 = ADVANCED_FACE ( 'NONE', ( #303 ), #848, .F. ) ;
#2836 = CARTESIAN_POINT ( 'NONE',  ( -2.900000000000000355, -1.599999999999999201, -2.850000000000000089 ) ) ;
#2837 = CARTESIAN_POINT ( 'NONE',  ( 3.700000000000010392, -1.953143444990796507, -2.849999999999996980 ) ) ;
#2838 = MECHANICAL_DESIGN_GEOMETRIC_PRESENTATION_REPRESENTATION (  '', ( #2122 ), #3784 ) ;
#2839 = PRESENTATION_STYLE_ASSIGNMENT (( #613 ) ) ;
#2840 = EDGE_CURVE ( 'NONE', #3911, #2505, #5578, .T. ) ;
#2841 = DIRECTION ( 'NONE',  ( 4.517509052022934484E-16, -1.000000000000000000, 3.523657060577896116E-15 ) ) ;
#2842 = CARTESIAN_POINT ( 'NONE',  ( 2.300000000000000266, 1.674999999999999822, 0.6500000000000001332 ) ) ;
#2843 = CYLINDRICAL_SURFACE ( 'NONE', #4859, 1.800000000000000266 ) ;
#2844 = VECTOR ( 'NONE', #5299, 1000.000000000000000 ) ;
#2845 = CIRCLE ( 'NONE', #151, 0.6250000000000001110 ) ;
#2846 = CARTESIAN_POINT ( 'NONE',  ( -4.200000000000012612, -7.286606874731853978, -4.049999999999997158 ) ) ;
#2847 = ORIENTED_EDGE ( 'NONE', *, *, #749, .F. ) ;
#2848 = LINE ( 'NONE', #4036, #448 ) ;
#2849 = CARTESIAN_POINT ( 'NONE',  ( 1.450000000000000178, 1.499999999999999334, -3.100000000000000977 ) ) ;
#2850 = ORIENTED_EDGE ( 'NONE', *, *, #5558, .F. ) ;
#2851 = DIRECTION ( 'NONE',  ( 8.673617379884030739E-15, -1.000000000000000000, 0.000000000000000000 ) ) ;
#2852 = ORIENTED_EDGE ( 'NONE', *, *, #6220, .F. ) ;
#2853 = VERTEX_POINT ( 'NONE', #5890 ) ;
#2854 = EDGE_CURVE ( 'NONE', #6244, #2853, #233, .T. ) ;
#2855 = DIRECTION ( 'NONE',  ( 0.000000000000000000, 0.000000000000000000, 1.000000000000000000 ) ) ;
#2856 = EDGE_CURVE ( 'NONE', #6358, #1679, #5453, .T. ) ;
#2857 = AXIS2_PLACEMENT_3D ( 'NONE', #1660, #3888, #5618 ) ;
#2858 = VECTOR ( 'NONE', #3359, 1000.000000000000000 ) ;
#2859 = ORIENTED_EDGE ( 'NONE', *, *, #6181, .T. ) ;
#2860 = CYLINDRICAL_SURFACE ( 'NONE', #5153, 0.09999999999999939493 ) ;
#2861 = ORIENTED_EDGE ( 'NONE', *, *, #1304, .F. ) ;
#2862 = VECTOR ( 'NONE', #4610, 1000.000000000000000 ) ;
#2863 = VECTOR ( 'NONE', #6449, 1000.000000000000000 ) ;
#2864 = CARTESIAN_POINT ( 'NONE',  ( -3.300000000000010036, -4.158455393585458477E-16, -2.849999999999999201 ) ) ;
#2865 = EDGE_CURVE ( 'NONE', #2154, #3513, #5824, .T. ) ;
#2866 = EDGE_CURVE ( 'NONE', #3619, #3149, #5207, .T. ) ;
#2867 = FACE_OUTER_BOUND ( 'NONE', #5146, .T. ) ;
#2868 = EDGE_CURVE ( 'NONE', #992, #326, #5343, .T. ) ;
#2869 = AXIS2_PLACEMENT_3D ( 'NONE', #4953, #3210, #7207 ) ;
#2870 = DIRECTION ( 'NONE',  ( -2.602085213965209064E-15, 1.734723475976804333E-15, 1.000000000000000000 ) ) ;
#2871 = FACE_OUTER_BOUND ( 'NONE', #802, .T. ) ;
#2872 = LINE ( 'NONE', #5134, #6909 ) ;
#2873 = CYLINDRICAL_SURFACE ( 'NONE', #4031, 0.09999999999999982514 ) ;
#2874 = VECTOR ( 'NONE', #1733, 1000.000000000000000 ) ;
#2875 = CARTESIAN_POINT ( 'NONE',  ( 0.000000000000000000, 0.000000000000000000, 0.000000000000000000 ) ) ;
#2876 = CARTESIAN_POINT ( 'NONE',  ( 3.700000000000015721, -7.500000000000001776, -4.549999999999998934 ) ) ;
#2877 = VECTOR ( 'NONE', #894, 1000.000000000000000 ) ;
#2878 = PLANE ( 'NONE',  #174 ) ;
#2879 = LINE ( 'NONE', #1769, #85 ) ;
#2880 = CARTESIAN_POINT ( 'NONE',  ( -3.000000000000000000, -1.599999999999999867, -2.850000000000000089 ) ) ;
#2881 = LINE ( 'NONE', #2328, #2476 ) ;
#2882 = EDGE_CURVE ( 'NONE', #5017, #6505, #6051, .T. ) ;
#2883 = CARTESIAN_POINT ( 'NONE',  ( -1.350000000000000089, 2.900000000000000355, -2.850000000000000089 ) ) ;
#2884 = AXIS2_PLACEMENT_3D ( 'NONE', #2013, #3891, #6147 ) ;
#2885 = CARTESIAN_POINT ( 'NONE',  ( 2.876494900217185346, -0.7372879175349912328, -2.990104334574713807 ) ) ;
#2886 = ORIENTED_EDGE ( 'NONE', *, *, #1771, .F. ) ;
#2887 = FACE_OUTER_BOUND ( 'NONE', #4103, .T. ) ;
#2888 = CARTESIAN_POINT ( 'NONE',  ( 0.000000000000000000, 2.900000000000000355, -3.200000000000000622 ) ) ;
#2889 = VECTOR ( 'NONE', #294, 1000.000000000000000 ) ;
#2890 = ORIENTED_EDGE ( 'NONE', *, *, #1740, .F. ) ;
#2891 = LINE ( 'NONE', #6237, #4620 ) ;
#2892 = VERTEX_POINT ( 'NONE', #4755 ) ;
#2893 = PRODUCT ( 'CUI_DEVICES_TS11-674-105-BK-260-RA-D', 'CUI_DEVICES_TS11-674-105-BK-260-RA-D', '', ( #3746 ) ) ;
#2894 = CARTESIAN_POINT ( 'NONE',  ( 0.8499999999999999778, 0.4833333333333333925, -2.750000000000000000 ) ) ;
#2895 = VECTOR ( 'NONE', #5316, 1000.000000000000000 ) ;
#2896 = EDGE_CURVE ( 'NONE', #2505, #3764, #1325, .T. ) ;
#2897 = VERTEX_POINT ( 'NONE', #267 ) ;
#2898 = ADVANCED_FACE ( 'NONE', ( #1291 ), #4789, .T. ) ;
#2899 = LINE ( 'NONE', #4601, #6337 ) ;
#2900 = VERTEX_POINT ( 'NONE', #1939 ) ;
#2901 = ADVANCED_FACE ( 'NONE', ( #1968 ), #5759, .F. ) ;
#2902 = VECTOR ( 'NONE', #6018, 1000.000000000000000 ) ;
#2903 = CARTESIAN_POINT ( 'NONE',  ( -3.300000000000018474, -1.498409241742704401, -5.371878022344843906 ) ) ;
#2904 = DIRECTION ( 'NONE',  ( -2.691812290308839669E-15, -1.000000000000000000, 0.000000000000000000 ) ) ;
#2905 = VECTOR ( 'NONE', #3001, 1000.000000000000000 ) ;
#2906 = EDGE_CURVE ( 'NONE', #6422, #5228, #1362, .T. ) ;
#2907 = CARTESIAN_POINT ( 'NONE',  ( -1.450000000000000178, -1.499999999999999778, -2.850000000000000089 ) ) ;
#2908 = DIRECTION ( 'NONE',  ( 3.491481338843133355E-15, 1.577279855319300948E-30, -1.000000000000000000 ) ) ;
#2909 = DIRECTION ( 'NONE',  ( -1.000000000000000000, 0.000000000000000000, 3.491481338843133355E-15 ) ) ;
#2910 = EDGE_CURVE ( 'NONE', #846, #7151, #3803, .T. ) ;
#2911 = DIRECTION ( 'NONE',  ( -0.000000000000000000, -0.000000000000000000, -1.000000000000000000 ) ) ;
#2912 = CIRCLE ( 'NONE', #3499, 0.09999999999999982514 ) ;
#2913 = CARTESIAN_POINT ( 'NONE',  ( 2.299999999999999822, -2.299999999999999822, 0.000000000000000000 ) ) ;
#2914 = CARTESIAN_POINT ( 'NONE',  ( -0.8499999999999997558, 0.4333333333333333481, -2.650000000000000355 ) ) ;
#2915 = CYLINDRICAL_SURFACE ( 'NONE', #3221, 0.1000000000000002554 ) ;
#2916 = DIRECTION ( 'NONE',  ( -0.4472135954999579277, -0.8944271909999158554, 0.000000000000000000 ) ) ;
#2917 = DIRECTION ( 'NONE',  ( 0.000000000000000000, 0.000000000000000000, -1.000000000000000000 ) ) ;
#2918 = CARTESIAN_POINT ( 'NONE',  ( 0.000000000000000000, 0.000000000000000000, 0.000000000000000000 ) ) ;
#2919 = CARTESIAN_POINT ( 'NONE',  ( 4.600000000000016520, -4.587538820250189886, -4.049999999999998934 ) ) ;
#2920 = CARTESIAN_POINT ( 'NONE',  ( 3.300000000000015810, 1.057097118173373331E-15, -4.391147680321848767 ) ) ;
#2921 = ORIENTED_EDGE ( 'NONE', *, *, #4396, .T. ) ;
#2922 = EDGE_CURVE ( 'NONE', #1750, #5466, #642, .T. ) ;
#2923 = CARTESIAN_POINT ( 'NONE',  ( 3.700000000000017497, -7.286606874731850425, -5.049999999999998934 ) ) ;
#2924 = CARTESIAN_POINT ( 'NONE',  ( -3.700000000000002398, -4.000000000000000000, -0.5999999999999976463 ) ) ;
#2925 = EDGE_LOOP ( 'NONE', ( #1664, #5049, #3723, #3150 ) ) ;
#2926 = CARTESIAN_POINT ( 'NONE',  ( 2.925000000000000266, 2.299999999999999822, 0.6500000000000001332 ) ) ;
#2927 = ORIENTED_EDGE ( 'NONE', *, *, #2868, .F. ) ;
#2928 = PLANE ( 'NONE',  #2307 ) ;
#2929 = ORIENTED_EDGE ( 'NONE', *, *, #4510, .F. ) ;
#2930 = LINE ( 'NONE', #6863, #3720 ) ;
#2931 = ORIENTED_EDGE ( 'NONE', *, *, #5012, .T. ) ;
#2932 = ADVANCED_FACE ( 'NONE', ( #4719 ), #6984, .F. ) ;
#2933 = CARTESIAN_POINT ( 'NONE',  ( -2.936398330017312652, -1.000000000000000444, -3.363715893440616611 ) ) ;
#2934 = CARTESIAN_POINT ( 'NONE',  ( -3.700000000000016609, -2.000000000000000000, -5.231773687770115089 ) ) ;
#2935 = B_SPLINE_CURVE_WITH_KNOTS ( 'NONE', 2,
 ( #2725, #3429, #3921 ),
 .UNSPECIFIED., .F., .F.,
 ( 3, 3 ),
 ( 0.000000000000000000, 1.000000000000000000 ),
 .UNSPECIFIED. ) ;
#2936 = CARTESIAN_POINT ( 'NONE',  ( -0.8499999999999999778, 1.733333333333333171, -2.650000000000000355 ) ) ;
#2937 =( LENGTH_UNIT ( ) NAMED_UNIT ( * ) SI_UNIT ( .MILLI., .METRE. ) );
#2938 = CARTESIAN_POINT ( 'NONE',  ( -1.149999999999999911, 2.900000000000000355, -3.100000000000000977 ) ) ;
#2939 = ORIENTED_EDGE ( 'NONE', *, *, #5164, .F. ) ;
#2940 = CARTESIAN_POINT ( 'NONE',  ( 3.200000000000000622, 1.445602896647339311E-15, 9.703609443745264684E-15 ) ) ;
#2941 = DIRECTION ( 'NONE',  ( -1.000000000000000000, 0.000000000000000000, 0.000000000000000000 ) ) ;
#2942 = DIRECTION ( 'NONE',  ( 1.000000000000000000, 0.000000000000000000, 0.000000000000000000 ) ) ;
#2943 = EDGE_CURVE ( 'NONE', #873, #1687, #5934, .T. ) ;
#2944 = ADVANCED_FACE ( 'NONE', ( #3846 ), #4914, .T. ) ;
#2945 = DIRECTION ( 'NONE',  ( 1.000000000000000000, 4.517509052022934484E-16, 3.491481338843133355E-15 ) ) ;
#2946 = CARTESIAN_POINT ( 'NONE',  ( 1.350000000000000089, -3.000000000000000000, -3.100000000000000977 ) ) ;
#2947 = CARTESIAN_POINT ( 'NONE',  ( 3.200000000000000622, 1.011922027653137537E-15, -0.09999999999998968048 ) ) ;
#2948 = CARTESIAN_POINT ( 'NONE',  ( 0.000000000000000000, -0.4833333333333333925, -2.750000000000000000 ) ) ;
#2949 = DIRECTION ( 'NONE',  ( -1.000000000000000000, 0.000000000000000000, 0.000000000000000000 ) ) ;
#2950 = CARTESIAN_POINT ( 'NONE',  ( 3.300000000000018918, -1.905816649150110509, -5.231773687770131076 ) ) ;
#2951 = EDGE_CURVE ( 'NONE', #7120, #5004, #4147, .T. ) ;
#2952 = ORIENTED_EDGE ( 'NONE', *, *, #91, .F. ) ;
#2953 = DIRECTION ( 'NONE',  ( 1.000000000000000000, 0.000000000000000000, 0.000000000000000000 ) ) ;
#2954 = CARTESIAN_POINT ( 'NONE',  ( 1.450000000000000178, 1.499999999999999334, -3.158578643762690152 ) ) ;
#2955 = ORIENTED_EDGE ( 'NONE', *, *, #3469, .T. ) ;
#2956 = CARTESIAN_POINT ( 'NONE',  ( -3.300000000000015365, -4.587538820250193439, -5.049999999999998934 ) ) ;
#2957 = ORIENTED_EDGE ( 'NONE', *, *, #1645, .F. ) ;
#2958 = CIRCLE ( 'NONE', #2593, 0.6250000000000001110 ) ;
#2959 = CARTESIAN_POINT ( 'NONE',  ( -3.700000000000021494, -0.5000000000000002220, -6.049999999999997158 ) ) ;
#2960 = ORIENTED_EDGE ( 'NONE', *, *, #2986, .F. ) ;
#2961 = VECTOR ( 'NONE', #7282, 1000.000000000000000 ) ;
#2962 = CARTESIAN_POINT ( 'NONE',  ( 3.700000000000018385, -0.08486455634233008860, -5.021617185908053393 ) ) ;
#2963 = ORIENTED_EDGE ( 'NONE', *, *, #634, .T. ) ;
#2964 = CARTESIAN_POINT ( 'NONE',  ( -3.191834743483424219, -1.000000000000000444, -4.858162128904228716 ) ) ;
#2965 = EDGE_CURVE ( 'NONE', #6924, #2551, #928, .T. ) ;
#2966 = AXIS2_PLACEMENT_3D ( 'NONE', #2281, #7234, #2243 ) ;
#2967 = CIRCLE ( 'NONE', #7100, 0.09999999999999982514 ) ;
#2968 = FACE_OUTER_BOUND ( 'NONE', #6371, .T. ) ;
#2969 = ORIENTED_EDGE ( 'NONE', *, *, #2651, .F. ) ;
#2970 = VECTOR ( 'NONE', #2217, 1000.000000000000000 ) ;
#2971 = DIRECTION ( 'NONE',  ( -0.9438583563660174480, -0.3303504247281062733, 0.000000000000000000 ) ) ;
#2972 = VECTOR ( 'NONE', #1259, 1000.000000000000000 ) ;
#2973 = CARTESIAN_POINT ( 'NONE',  ( 1.350000000000000089, 2.900000000000000355, -3.100000000000000977 ) ) ;
#2974 = EDGE_CURVE ( 'NONE', #5706, #4011, #4951, .T. ) ;
#2975 = ORIENTED_EDGE ( 'NONE', *, *, #6900, .F. ) ;
#2976 = CARTESIAN_POINT ( 'NONE',  ( 3.549999999999998490, 1.675000000000000266, 0.6499999999999999112 ) ) ;
#2977 = DIRECTION ( 'NONE',  ( 0.000000000000000000, 0.000000000000000000, 1.000000000000000000 ) ) ;
#2978 = AXIS2_PLACEMENT_3D ( 'NONE', #1932, #841, #741 ) ;
#2979 = CARTESIAN_POINT ( 'NONE',  ( 3.700000000000017497, -7.200000000000000178, -4.049999999999998934 ) ) ;
#2980 = EDGE_CURVE ( 'NONE', #15, #4971, #3761, .T. ) ;
#2981 = CARTESIAN_POINT ( 'NONE',  ( -2.299999999999999822, -2.299999999999999822, 0.000000000000000000 ) ) ;
#2982 = AXIS2_PLACEMENT_3D ( 'NONE', #4262, #6519, #7162 ) ;
#2983 = DIRECTION ( 'NONE',  ( 0.000000000000000000, 3.523657060577897299E-15, 1.000000000000000000 ) ) ;
#2984 = LINE ( 'NONE', #2427, #6385 ) ;
#2985 = VERTEX_POINT ( 'NONE', #5504 ) ;
#2986 = EDGE_CURVE ( 'NONE', #3450, #3778, #5463, .T. ) ;
#2987 = DIRECTION ( 'NONE',  ( 2.602085213965208275E-15, 1.734723475976805517E-15, 1.000000000000000000 ) ) ;
#2988 = CARTESIAN_POINT ( 'NONE',  ( 3.300000000000019362, -1.794705538038999570, -5.371878022344844794 ) ) ;
#2989 = CIRCLE ( 'NONE', #2634, 0.09999999999999982514 ) ;
#2990 = VERTEX_POINT ( 'NONE', #7205 ) ;
#2991 = EDGE_CURVE ( 'NONE', #3138, #6117, #5416, .T. ) ;
#2992 = FACE_OUTER_BOUND ( 'NONE', #5507, .T. ) ;
#2993 = ORIENTED_EDGE ( 'NONE', *, *, #7159, .F. ) ;
#2994 = CARTESIAN_POINT ( 'NONE',  ( 0.8499999999999999778, -0.4333333333333333481, -2.650000000000000355 ) ) ;
#2995 = ORIENTED_EDGE ( 'NONE', *, *, #6148, .T. ) ;
#2996 = ADVANCED_FACE ( 'NONE', ( #1422 ), #1464, .T. ) ;
#2997 = VECTOR ( 'NONE', #369, 1000.000000000000000 ) ;
#2998 = DIRECTION ( 'NONE',  ( 0.000000000000000000, 0.000000000000000000, 1.000000000000000000 ) ) ;
#2999 = ORIENTED_EDGE ( 'NONE', *, *, #4260, .T. ) ;
#3000 = VECTOR ( 'NONE', #62, 1000.000000000000000 ) ;
#3001 = DIRECTION ( 'NONE',  ( -1.000000000000000000, 0.000000000000000000, 0.000000000000000000 ) ) ;
#3002 = ORIENTED_EDGE ( 'NONE', *, *, #1686, .T. ) ;
#3003 = CARTESIAN_POINT ( 'NONE',  ( -3.162683124596869177, -0.4971635526126205185, -3.363715893440616611 ) ) ;
#3004 = VECTOR ( 'NONE', #3640, 1000.000000000000000 ) ;
#3005 = CARTESIAN_POINT ( 'NONE',  ( -3.506841186714635850, -0.8747010928229275173, -4.274193137236153461 ) ) ;
#3006 = ORIENTED_EDGE ( 'NONE', *, *, #2437, .T. ) ;
#3007 = EDGE_CURVE ( 'NONE', #2466, #3911, #4988, .T. ) ;
#3008 = VECTOR ( 'NONE', #6254, 1000.000000000000000 ) ;
#3009 = VERTEX_POINT ( 'NONE', #373 ) ;
#3010 = FACE_OUTER_BOUND ( 'NONE', #2111, .T. ) ;
#3011 = LINE ( 'NONE', #5267, #1312 ) ;
#3012 = DIRECTION ( 'NONE',  ( 1.000000000000000000, 0.000000000000000000, 0.000000000000000000 ) ) ;
#3013 = VECTOR ( 'NONE', #5672, 1000.000000000000000 ) ;
#3014 = DIRECTION ( 'NONE',  ( 3.252606517456511724E-15, 0.000000000000000000, -1.000000000000000000 ) ) ;
#3015 = CARTESIAN_POINT ( 'NONE',  ( 0.8499999999999999778, -2.600000000000000533, -2.850000000000000089 ) ) ;
#3016 = AXIS2_PLACEMENT_3D ( 'NONE', #3883, #2246, #3958 ) ;
#3017 = CARTESIAN_POINT ( 'NONE',  ( -3.300000000000016254, -3.500000000000000444, -4.748279434898257101 ) ) ;
#3018 = CARTESIAN_POINT ( 'NONE',  ( 6.729530725772113570E-15, -2.500000000000007550, -2.850000000000000089 ) ) ;
#3019 = ORIENTED_EDGE ( 'NONE', *, *, #4980, .F. ) ;
#3020 = DIRECTION ( 'NONE',  ( -3.252606517456511724E-15, 0.000000000000000000, -1.000000000000000000 ) ) ;
#3021 = ADVANCED_FACE ( 'NONE', ( #3721 ), #497, .F. ) ;
#3022 = CARTESIAN_POINT ( 'NONE',  ( 3.300000000000018474, -0.5015907582572950441, -5.231773687770131076 ) ) ;
#3023 = ORIENTED_EDGE ( 'NONE', *, *, #6509, .F. ) ;
#3024 = PRODUCT_DEFINITION_CONTEXT ( 'detailed design', #5581, 'design' ) ;
#3025 = LINE ( 'NONE', #1846, #6310 ) ;
#3026 = VERTEX_POINT ( 'NONE', #6572 ) ;
#3027 = FACE_OUTER_BOUND ( 'NONE', #601, .T. ) ;
#3028 = VERTEX_POINT ( 'NONE', #2728 ) ;
#3029 = DIRECTION ( 'NONE',  ( 0.000000000000000000, 0.000000000000000000, 1.000000000000000000 ) ) ;
#3030 = ADVANCED_FACE ( 'NONE', ( #3125 ), #2605, .T. ) ;
#3031 = ORIENTED_EDGE ( 'NONE', *, *, #5164, .T. ) ;
#3032 = EDGE_CURVE ( 'NONE', #5803, #5004, #5379, .T. ) ;
#3033 = FACE_OUTER_BOUND ( 'NONE', #477, .T. ) ;
#3034 = EDGE_LOOP ( 'NONE', ( #6451, #7133, #3110, #7171 ) ) ;
#3035 = CARTESIAN_POINT ( 'NONE',  ( -3.300000000000018030, -1.905816649150112285, -5.231773687770131076 ) ) ;
#3036 = CARTESIAN_POINT ( 'NONE',  ( -3.670852167465112448, -0.5289764490115642648, -5.021396305607317423 ) ) ;
#3037 = CARTESIAN_POINT ( 'NONE',  ( 3.700000000000019273, -1.762509617146803320, -5.231753318496019212 ) ) ;
#3038 = ORIENTED_EDGE ( 'NONE', *, *, #3779, .T. ) ;
#3039 = FILL_AREA_STYLE ('',( #6349 ) ) ;
#3040 = ORIENTED_EDGE ( 'NONE', *, *, #236, .F. ) ;
#3041 = FACE_OUTER_BOUND ( 'NONE', #5872, .T. ) ;
#3042 = CARTESIAN_POINT ( 'NONE',  ( 0.000000000000000000, 3.000000000000000000, -2.850000000000000089 ) ) ;
#3043 = DIRECTION ( 'NONE',  ( -1.000000000000000000, 0.000000000000000000, 0.000000000000000000 ) ) ;
#3044 = DIRECTION ( 'NONE',  ( -1.000000000000000000, 0.000000000000000000, 0.000000000000000000 ) ) ;
#3045 = CARTESIAN_POINT ( 'NONE',  ( -3.469184676373341603, -0.5358284726501666428, -2.849999999999996092 ) ) ;
#3046 = LINE ( 'NONE', #1805, #4261 ) ;
#3047 = DIRECTION ( 'NONE',  ( 1.000000000000000000, 0.000000000000000000, 0.000000000000000000 ) ) ;
#3048 = VERTEX_POINT ( 'NONE', #1537 ) ;
#3049 = EDGE_CURVE ( 'NONE', #1490, #3313, #4825, .T. ) ;
#3050 = DIRECTION ( 'NONE',  ( 1.000000000000000000, 0.000000000000000000, 0.000000000000000000 ) ) ;
#3051 = CARTESIAN_POINT ( 'NONE',  ( 3.300000000000019362, -1.999999999999999556, -5.371878022344844794 ) ) ;
#3052 = ORIENTED_EDGE ( 'NONE', *, *, #542, .F. ) ;
#3053 = ADVANCED_FACE ( 'NONE', ( #6613 ), #4357, .F. ) ;
#3054 = LINE ( 'NONE', #5279, #2503 ) ;
#3055 = ORIENTED_EDGE ( 'NONE', *, *, #2619, .T. ) ;
#3056 = DIRECTION ( 'NONE',  ( 1.000000000000000000, 0.000000000000000000, 0.000000000000000000 ) ) ;
#3057 = ORIENTED_EDGE ( 'NONE', *, *, #5782, .F. ) ;
#3058 = CARTESIAN_POINT ( 'NONE',  ( -2.299999999999999822, -2.299999999999999822, 0.6500000000000001332 ) ) ;
#3059 = ORIENTED_EDGE ( 'NONE', *, *, #3148, .F. ) ;
#3060 = CYLINDRICAL_SURFACE ( 'NONE', #1365, 1.300000000000000044 ) ;
#3061 = VECTOR ( 'NONE', #5460, 1000.000000000000000 ) ;
#3062 = ADVANCED_FACE ( 'NONE', ( #963 ), #6773, .T. ) ;
#3063 = ORIENTED_EDGE ( 'NONE', *, *, #7052, .F. ) ;
#3064 = ADVANCED_FACE ( 'NONE', ( #4583 ), #3368, .T. ) ;
#3065 = CARTESIAN_POINT ( 'NONE',  ( -3.295475105373456781, -0.8694471484751702395, -3.060156501862069334 ) ) ;
#3066 = CIRCLE ( 'NONE', #385, 0.6250000000000001110 ) ;
#3067 = CARTESIAN_POINT ( 'NONE',  ( 3.700000000000019273, -1.958333333333332371, -5.371878022344832360 ) ) ;
#3068 = AXIS2_PLACEMENT_3D ( 'NONE', #7132, #2101, #3729 ) ;
#3069 = ORIENTED_EDGE ( 'NONE', *, *, #4632, .F. ) ;
#3070 = EDGE_CURVE ( 'NONE', #2116, #3657, #5323, .T. ) ;
#3071 = ORIENTED_EDGE ( 'NONE', *, *, #5292, .F. ) ;
#3072 = DIRECTION ( 'NONE',  ( -1.000000000000000000, 0.000000000000000000, 0.000000000000000000 ) ) ;
#3073 = AXIS2_PLACEMENT_3D ( 'NONE', #6193, #1129, #5072 ) ;
#3074 = LINE ( 'NONE', #1410, #4133 ) ;
#3075 = EDGE_CURVE ( 'NONE', #3622, #318, #2290, .T. ) ;
#3076 = DIRECTION ( 'NONE',  ( 0.000000000000000000, 0.000000000000000000, 1.000000000000000000 ) ) ;
#3077 = PRODUCT_DEFINITION ( 'UNKNOWN', '', #5876, #3024 ) ;
#3078 = VECTOR ( 'NONE', #3050, 1000.000000000000000 ) ;
#3079 = AXIS2_PLACEMENT_3D ( 'NONE', #1561, #3824, #6622 ) ;
#3080 = DIRECTION ( 'NONE',  ( -1.000000000000000000, 0.000000000000000000, 0.000000000000000000 ) ) ;
#3081 = CARTESIAN_POINT ( 'NONE',  ( -3.000000000000000000, 3.000000000000000000, -2.850000000000000089 ) ) ;
#3082 = LINE ( 'NONE', #714, #3938 ) ;
#3083 = DIRECTION ( 'NONE',  ( -3.491481338843133355E-15, 0.000000000000000000, -1.000000000000000000 ) ) ;
#3084 = ORIENTED_EDGE ( 'NONE', *, *, #6848, .F. ) ;
#3085 = AXIS2_PLACEMENT_3D ( 'NONE', #3293, #2732, #1589 ) ;
#3086 = DIRECTION ( 'NONE',  ( 0.000000000000000000, 0.000000000000000000, -1.000000000000000000 ) ) ;
#3087 = CARTESIAN_POINT ( 'NONE',  ( 3.202900065305541943, -1.260050911846114285, -4.858162128904227828 ) ) ;
#3088 = ORIENTED_EDGE ( 'NONE', *, *, #7173, .F. ) ;
#3089 = AXIS2_PLACEMENT_3D ( 'NONE', #5025, #5092, #7238 ) ;
#3090 = EDGE_CURVE ( 'NONE', #2228, #5805, #5719, .T. ) ;
#3091 = DIRECTION ( 'NONE',  ( 1.000000000000000000, 0.000000000000000000, -3.491481338843133355E-15 ) ) ;
#3092 = ORIENTED_EDGE ( 'NONE', *, *, #2753, .T. ) ;
#3093 = CYLINDRICAL_SURFACE ( 'NONE', #7095, 0.6250000000000001110 ) ;
#3094 = ORIENTED_EDGE ( 'NONE', *, *, #5665, .F. ) ;
#3095 = VECTOR ( 'NONE', #6533, 1000.000000000000000 ) ;
#3096 = DIRECTION ( 'NONE',  ( -0.000000000000000000, -0.000000000000000000, -1.000000000000000000 ) ) ;
#3097 = EDGE_LOOP ( 'NONE', ( #2163, #945, #7061, #4481 ) ) ;
#3098 = PLANE ( 'NONE',  #4571 ) ;
#3099 = DIRECTION ( 'NONE',  ( 0.000000000000000000, 0.000000000000000000, 1.000000000000000000 ) ) ;
#3100 = VECTOR ( 'NONE', #6480, 1000.000000000000000 ) ;
#3101 = ORIENTED_EDGE ( 'NONE', *, *, #5772, .F. ) ;
#3102 = ORIENTED_EDGE ( 'NONE', *, *, #7037, .T. ) ;
#3103 = EDGE_CURVE ( 'NONE', #2629, #5738, #1220, .T. ) ;
#3104 = CARTESIAN_POINT ( 'NONE',  ( -3.612008547451134088, -0.3776914841118543253, -3.433741125930354077 ) ) ;
#3105 = VECTOR ( 'NONE', #838, 999.9999999999998863 ) ;
#3106 = PLANE ( 'NONE',  #1943 ) ;
#3107 = ORIENTED_EDGE ( 'NONE', *, *, #1369, .F. ) ;
#3108 = ADVANCED_FACE ( 'NONE', ( #4477 ), #577, .F. ) ;
#3109 = ORIENTED_EDGE ( 'NONE', *, *, #2315, .T. ) ;
#3110 = ORIENTED_EDGE ( 'NONE', *, *, #3226, .T. ) ;
#3111 = VECTOR ( 'NONE', #3276, 1000.000000000000000 ) ;
#3112 = CARTESIAN_POINT ( 'NONE',  ( -0.8499999999999999778, -1.683333333333333348, -2.799999999999999378 ) ) ;
#3113 = DIRECTION ( 'NONE',  ( 3.491481338843133355E-15, 1.577279855319300948E-30, -1.000000000000000000 ) ) ;
#3114 = CARTESIAN_POINT ( 'NONE',  ( 2.299999999999999822, 2.299999999999999822, 0.000000000000000000 ) ) ;
#3115 = AXIS2_PLACEMENT_3D ( 'NONE', #2021, #6076, #978 ) ;
#3116 = ADVANCED_FACE ( 'NONE', ( #4509 ), #5030, .T. ) ;
#3117 = DIRECTION ( 'NONE',  ( -1.000000000000000000, 0.000000000000000000, 0.000000000000000000 ) ) ;
#3118 = DIRECTION ( 'NONE',  ( 2.905088075659517683E-15, -0.5547001962252291474, 0.8320502943378437211 ) ) ;
#3119 = ORIENTED_EDGE ( 'NONE', *, *, #1645, .T. ) ;
#3120 = DIRECTION ( 'NONE',  ( -1.000000000000000000, 4.336808689942006692E-15, 0.000000000000000000 ) ) ;
#3121 = DIRECTION ( 'NONE',  ( 0.000000000000000000, 1.000000000000000000, 0.000000000000000000 ) ) ;
#3122 = FACE_OUTER_BOUND ( 'NONE', #397, .T. ) ;
#3123 = ORIENTED_EDGE ( 'NONE', *, *, #3648, .T. ) ;
#3124 = CIRCLE ( 'NONE', #7278, 0.09999999999999982514 ) ;
#3125 = FACE_OUTER_BOUND ( 'NONE', #594, .T. ) ;
#3126 = CARTESIAN_POINT ( 'NONE',  ( -2.600000000000000533, 3.100000000000000089, -1.900000000000000133 ) ) ;
#3127 = ORIENTED_EDGE ( 'NONE', *, *, #619, .T. ) ;
#3128 = CIRCLE ( 'NONE', #6232, 0.1000000000000000472 ) ;
#3129 = DIRECTION ( 'NONE',  ( -0.000000000000000000, -0.000000000000000000, -1.000000000000000000 ) ) ;
#3130 = LINE ( 'NONE', #1973, #6415 ) ;
#3131 = ORIENTED_EDGE ( 'NONE', *, *, #4631, .F. ) ;
#3132 = CARTESIAN_POINT ( 'NONE',  ( 2.299999999999999378, 2.300000000000000266, 0.9000000000000001332 ) ) ;
#3133 = DIRECTION ( 'NONE',  ( 0.000000000000000000, 0.000000000000000000, 1.000000000000000000 ) ) ;
#3134 = VERTEX_POINT ( 'NONE', #1082 ) ;
#3135 = COLOUR_RGB ( '',0.7921568627450980005, 0.8196078431372548767, 0.9333333333333333481 ) ;
#3136 = CARTESIAN_POINT ( 'NONE',  ( -2.600000000000000533, 3.100000000000000089, -1.900000000000000133 ) ) ;
#3137 = ADVANCED_FACE ( 'NONE', ( #3430 ), #6733, .T. ) ;
#3138 = VERTEX_POINT ( 'NONE', #3326 ) ;
#3139 = CARTESIAN_POINT ( 'NONE',  ( 0.000000000000000000, 0.000000000000000000, -2.799999999999999378 ) ) ;
#3140 = CARTESIAN_POINT ( 'NONE',  ( -2.299999999999999822, -2.299999999999999822, 0.6500000000000001332 ) ) ;
#3141 = ORIENTED_EDGE ( 'NONE', *, *, #1248, .T. ) ;
#3142 = CARTESIAN_POINT ( 'NONE',  ( 2.299999999999999378, -2.299999999999999378, 0.9000000000000002442 ) ) ;
#3143 = ORIENTED_EDGE ( 'NONE', *, *, #7013, .T. ) ;
#3144 = ORIENTED_EDGE ( 'NONE', *, *, #6745, .T. ) ;
#3145 = CARTESIAN_POINT ( 'NONE',  ( -3.700000000000017497, -1.288186359273386206, -5.230153689223908664 ) ) ;
#3146 = CARTESIAN_POINT ( 'NONE',  ( 3.700000000000010392, -1.953143444990796507, -2.849999999999996980 ) ) ;
#3147 = VERTEX_POINT ( 'NONE', #6699 ) ;
#3148 = EDGE_CURVE ( 'NONE', #833, #19, #128, .T. ) ;
#3149 = VERTEX_POINT ( 'NONE', #1121 ) ;
#3150 = ORIENTED_EDGE ( 'NONE', *, *, #3880, .T. ) ;
#3151 = DIRECTION ( 'NONE',  ( 0.000000000000000000, 0.000000000000000000, 1.000000000000000000 ) ) ;
#3152 = CARTESIAN_POINT ( 'NONE',  ( -2.900000000000000355, 0.000000000000000000, -3.200000000000000622 ) ) ;
#3153 = CARTESIAN_POINT ( 'NONE',  ( -3.000000000000000000, 2.399999999999999467, -2.850000000000000089 ) ) ;
#3154 = LINE ( 'NONE', #7118, #4160 ) ;
#3155 = CARTESIAN_POINT ( 'NONE',  ( -2.425000000000000266, -8.000000000000000000, -3.060232526704262934 ) ) ;
#3156 = VERTEX_POINT ( 'NONE', #1627 ) ;
#3157 = FACE_OUTER_BOUND ( 'NONE', #3298, .T. ) ;
#3158 = CARTESIAN_POINT ( 'NONE',  ( -3.700000000000016609, 2.999999999999999112, -4.748279434898255325 ) ) ;
#3159 = DIRECTION ( 'NONE',  ( -1.000000000000000000, 0.000000000000000000, 0.000000000000000000 ) ) ;
#3160 = EDGE_LOOP ( 'NONE', ( #2109, #7138, #3069, #3912 ) ) ;
#3161 =( BOUNDED_SURFACE ( )  B_SPLINE_SURFACE ( 2, 3, ( 
 ( #4888, #2748, #6504, #6085 ),
 ( #7065, #1063, #516, #7221 ),
 ( #3695, #3142, #7144, #4416 ) ),
 .UNSPECIFIED., .F., .F., .F. ) 
 B_SPLINE_SURFACE_WITH_KNOTS ( ( 3, 3 ),
 ( 4, 4 ),
 ( 0.000000000000000000, 1.000000000000000000 ),
 ( 0.000000000000000000, 1.000000000000000000 ),
 .UNSPECIFIED. ) 
 GEOMETRIC_REPRESENTATION_ITEM ( )  RATIONAL_B_SPLINE_SURFACE ( (
 ( 1.000000000000000000, 0.3333333333333334259, 0.3333333333333334259, 1.000000000000000000),
 ( 1.000000000000000000, 0.3333333333333334259, 0.3333333333333334259, 1.000000000000000000),
 ( 1.000000000000000000, 0.3333333333333334259, 0.3333333333333334259, 1.000000000000000000) ) ) 
 REPRESENTATION_ITEM ( '' )  SURFACE ( )  );
#3162 = ADVANCED_FACE ( 'NONE', ( #3962 ), #5577, .F. ) ;
#3163 = CARTESIAN_POINT ( 'NONE',  ( -3.300000000000002043, 2.600000000000000533, -0.6000000000000008660 ) ) ;
#3164 = EDGE_CURVE ( 'NONE', #4204, #4525, #2321, .T. ) ;
#3165 = DIRECTION ( 'NONE',  ( 1.000000000000000000, 0.000000000000000000, -3.491481338843133750E-15 ) ) ;
#3166 = ORIENTED_EDGE ( 'NONE', *, *, #5927, .T. ) ;
#3167 = CARTESIAN_POINT ( 'NONE',  ( 2.899999999999999911, 2.500000000000000000, -2.850000000000000089 ) ) ;
#3168 = DIRECTION ( 'NONE',  ( -5.981805089575206058E-16, 1.000000000000000000, 0.000000000000000000 ) ) ;
#3169 = ORIENTED_EDGE ( 'NONE', *, *, #6558, .F. ) ;
#3170 = CARTESIAN_POINT ( 'NONE',  ( 3.751540677934136259, -5.866400601998983610, -4.049999999999998934 ) ) ;
#3171 = CARTESIAN_POINT ( 'NONE',  ( -1.450000000000000178, 2.900000000000000355, -2.850000000000000089 ) ) ;
#3172 = ORIENTED_EDGE ( 'NONE', *, *, #7153, .T. ) ;
#3173 = CARTESIAN_POINT ( 'NONE',  ( -2.299999999999999822, 2.925000000000000711, 0.6500000000000001332 ) ) ;
#3174 = EDGE_CURVE ( 'NONE', #7267, #3887, #2157, .T. ) ;
#3175 = DIRECTION ( 'NONE',  ( 3.491481338843133355E-15, 1.577279855319300948E-30, -1.000000000000000000 ) ) ;
#3176 = ORIENTED_EDGE ( 'NONE', *, *, #7243, .T. ) ;
#3177 = SPHERICAL_SURFACE ( 'NONE', #1477, 0.1000000000000000056 ) ;
#3178 = CARTESIAN_POINT ( 'NONE',  ( 1.750000000000000000, 0.000000000000000000, 0.000000000000000000 ) ) ;
#3179 = EDGE_LOOP ( 'NONE', ( #1571, #450, #2549, #4125, #6433 ) ) ;
#3180 = CARTESIAN_POINT ( 'NONE',  ( 4.104580082274612352, -5.609160164549190419, -5.049999999999998934 ) ) ;
#3181 = ORIENTED_EDGE ( 'NONE', *, *, #2570, .T. ) ;
#3182 = ORIENTED_EDGE ( 'NONE', *, *, #1591, .T. ) ;
#3183 = ORIENTED_EDGE ( 'NONE', *, *, #4076, .T. ) ;
#3184 = CARTESIAN_POINT ( 'NONE',  ( -3.700000000000010836, -0.08941806551905646938, -3.854081064452110184 ) ) ;
#3185 = CARTESIAN_POINT ( 'NONE',  ( 3.599889607320198692, -0.5313064260295570218, -4.274347567060299724 ) ) ;
#3186 = ORIENTED_EDGE ( 'NONE', *, *, #1768, .T. ) ;
#3187 = ORIENTED_EDGE ( 'NONE', *, *, #6153, .T. ) ;
#3188 = ORIENTED_EDGE ( 'NONE', *, *, #5711, .F. ) ;
#3189 = CARTESIAN_POINT ( 'NONE',  ( -1.350000000000000089, -2.900000000000000355, -3.100000000000000977 ) ) ;
#3190 = FACE_OUTER_BOUND ( 'NONE', #1311, .T. ) ;
#3191 = AXIS2_PLACEMENT_3D ( 'NONE', #4482, #2223, #3334 ) ;
#3192 = VECTOR ( 'NONE', #2256, 1000.000000000000000 ) ;
#3193 = DIRECTION ( 'NONE',  ( 0.000000000000000000, 0.000000000000000000, 1.000000000000000000 ) ) ;
#3194 = EDGE_CURVE ( 'NONE', #6166, #4105, #1160, .T. ) ;
#3195 = AXIS2_PLACEMENT_3D ( 'NONE', #6482, #2003, #4354 ) ;
#3196 = CARTESIAN_POINT ( 'NONE',  ( -1.149999999999999911, 3.000000000000000000, -3.100000000000000977 ) ) ;
#3197 = AXIS2_PLACEMENT_3D ( 'NONE', #6203, #2821, #3416 ) ;
#3198 = CARTESIAN_POINT ( 'NONE',  ( -3.700000000000009948, -2.000000000000000444, -2.849999999999997424 ) ) ;
#3199 = VERTEX_POINT ( 'NONE', #64 ) ;
#3200 = DIRECTION ( 'NONE',  ( 1.000000000000000000, 2.691812290308837303E-15, 0.000000000000000000 ) ) ;
#3201 = CYLINDRICAL_SURFACE ( 'NONE', #4976, 0.09999999999999982514 ) ;
#3202 = DIRECTION ( 'NONE',  ( -1.000000000000000000, 0.000000000000000000, 0.000000000000000000 ) ) ;
#3203 = ORIENTED_EDGE ( 'NONE', *, *, #3955, .T. ) ;
#3204 = DIRECTION ( 'NONE',  ( -1.000000000000000000, 0.000000000000000000, 0.000000000000000000 ) ) ;
#3205 = CIRCLE ( 'NONE', #6176, 0.09999999999999982514 ) ;
#3206 = VECTOR ( 'NONE', #4256, 1000.000000000000000 ) ;
#3207 = CARTESIAN_POINT ( 'NONE',  ( -3.700000000000021494, -4.000000000000000000, -6.049999999999997158 ) ) ;
#3208 = ORIENTED_EDGE ( 'NONE', *, *, #2882, .T. ) ;
#3209 = EDGE_CURVE ( 'NONE', #1570, #6908, #2834, .T. ) ;
#3210 = DIRECTION ( 'NONE',  ( -2.602085213965209064E-15, 1.734723475976804333E-15, 1.000000000000000000 ) ) ;
#3211 =( BOUNDED_CURVE ( )  B_SPLINE_CURVE ( 3, ( #2849, #2954, #6823, #5182 ),
 .UNSPECIFIED., .F., .T. ) 
 B_SPLINE_CURVE_WITH_KNOTS ( ( 4, 4 ),
 ( 0.000000000000000000, 1.570796326794896558 ),
 .UNSPECIFIED. ) 
 CURVE ( )  GEOMETRIC_REPRESENTATION_ITEM ( )  RATIONAL_B_SPLINE_CURVE ( ( 1.000000000000000000, 0.8047378541243649375, 0.8047378541243649375, 1.000000000000000000 ) ) 
 REPRESENTATION_ITEM ( '' )  );
#3212 = DIRECTION ( 'NONE',  ( -0.8944271909999172987, 0.4472135954999552077, 0.000000000000000000 ) ) ;
#3213 = EDGE_CURVE ( 'NONE', #3412, #1380, #3998, .T. ) ;
#3214 = AXIS2_PLACEMENT_3D ( 'NONE', #2495, #6485, #2429 ) ;
#3215 = ORIENTED_EDGE ( 'NONE', *, *, #1378, .T. ) ;
#3216 = VECTOR ( 'NONE', #1015, 1000.000000000000000 ) ;
#3217 = CARTESIAN_POINT ( 'NONE',  ( 1.149999999999999911, 3.000000000000000000, -2.850000000000000089 ) ) ;
#3218 = CARTESIAN_POINT ( 'NONE',  ( -3.200000000000000622, 3.000000000000000000, -0.1000000000000002554 ) ) ;
#3219 = ORIENTED_EDGE ( 'NONE', *, *, #2531, .F. ) ;
#3220 = CARTESIAN_POINT ( 'NONE',  ( -1.350000000000000089, 1.599999999999999867, -3.200000000000000622 ) ) ;
#3221 = AXIS2_PLACEMENT_3D ( 'NONE', #4514, #2177, #3890 ) ;
#3222 = ORIENTED_EDGE ( 'NONE', *, *, #6601, .T. ) ;
#3223 = ADVANCED_FACE ( 'NONE', ( #160 ), #5200, .T. ) ;
#3224 = CARTESIAN_POINT ( 'NONE',  ( -2.300000000000000266, 1.963427199554092617, 0.9000000000000001332 ) ) ;
#3225 = LINE ( 'NONE', #4929, #6197 ) ;
#3226 = EDGE_CURVE ( 'NONE', #6428, #7151, #3500, .T. ) ;
#3227 = ADVANCED_FACE ( 'NONE', ( #4060 ), #6875, .T. ) ;
#3228 = ORIENTED_EDGE ( 'NONE', *, *, #7024, .F. ) ;
#3229 = CARTESIAN_POINT ( 'NONE',  ( 3.437244651700127385, -5.168916494400138006, -5.049999999999998934 ) ) ;
#3230 = ORIENTED_EDGE ( 'NONE', *, *, #6092, .F. ) ;
#3231 = ORIENTED_EDGE ( 'NONE', *, *, #1549, .F. ) ;
#3232 = VECTOR ( 'NONE', #4802, 1000.000000000000000 ) ;
#3233 = CARTESIAN_POINT ( 'NONE',  ( -3.687752137055941848, -0.2048160270238187086, -4.274396475417888475 ) ) ;
#3234 = CARTESIAN_POINT ( 'NONE',  ( 3.643723911836733276, -1.122096063209991001, -5.020662125197072889 ) ) ;
#3235 = ORIENTED_EDGE ( 'NONE', *, *, #3469, .F. ) ;
#3236 = AXIS2_PLACEMENT_3D ( 'NONE', #4722, #753, #6989 ) ;
#3237 = ORIENTED_EDGE ( 'NONE', *, *, #5154, .F. ) ;
#3238 = ORIENTED_EDGE ( 'NONE', *, *, #3277, .T. ) ;
#3239 = DIRECTION ( 'NONE',  ( -1.000000000000000000, 0.000000000000000000, 0.000000000000000000 ) ) ;
#3240 = CARTESIAN_POINT ( 'NONE',  ( 2.153449832247074575E-15, 2.400000000000003464, -3.200000000000000622 ) ) ;
#3241 =( GEOMETRIC_REPRESENTATION_CONTEXT ( 3 ) GLOBAL_UNCERTAINTY_ASSIGNED_CONTEXT ( ( #5828 ) ) GLOBAL_UNIT_ASSIGNED_CONTEXT ( ( #69, #6880, #4557 ) ) REPRESENTATION_CONTEXT ( 'NONE', 'WORKASPACE' ) );
#3242 = PLANE ( 'NONE',  #1241 ) ;
#3243 = ADVANCED_FACE ( 'NONE', ( #4994 ), #4401, .F. ) ;
#3244 = VECTOR ( 'NONE', #4779, 1000.000000000000000 ) ;
#3245 = LINE ( 'NONE', #330, #3949 ) ;
#3246 = CARTESIAN_POINT ( 'NONE',  ( -3.300000000000014033, -7.286606874731847761, -4.049999999999998934 ) ) ;
#3247 = CARTESIAN_POINT ( 'NONE',  ( -0.8499999999999999778, 1.733333333333333171, -2.650000000000000355 ) ) ;
#3248 = DIRECTION ( 'NONE',  ( -1.000000000000000000, 0.000000000000000000, 0.000000000000000000 ) ) ;
#3249 = DIRECTION ( 'NONE',  ( -0.000000000000000000, -0.000000000000000000, -1.000000000000000000 ) ) ;
#3250 = EDGE_LOOP ( 'NONE', ( #5635, #4804, #892 ) ) ;
#3251 = CARTESIAN_POINT ( 'NONE',  ( 0.000000000000000000, 0.000000000000000000, -3.200000000000000622 ) ) ;
#3252 = VECTOR ( 'NONE', #4969, 1000.000000000000000 ) ;
#3253 = CARTESIAN_POINT ( 'NONE',  ( 0.000000000000000000, -2.900000000000000355, -3.200000000000000622 ) ) ;
#3254 = ORIENTED_EDGE ( 'NONE', *, *, #3734, .T. ) ;
#3255 = ADVANCED_FACE ( 'NONE', ( #5509 ), #6111, .T. ) ;
#3256 = DIRECTION ( 'NONE',  ( 0.000000000000000000, 0.000000000000000000, 1.000000000000000000 ) ) ;
#3257 = DIRECTION ( 'NONE',  ( 0.000000000000000000, 1.000000000000000000, 0.000000000000000000 ) ) ;
#3258 = VECTOR ( 'NONE', #6852, 1000.000000000000000 ) ;
#3259 = ORIENTED_EDGE ( 'NONE', *, *, #1538, .T. ) ;
#3260 = EDGE_CURVE ( 'NONE', #1524, #2116, #3850, .T. ) ;
#3261 = CARTESIAN_POINT ( 'NONE',  ( 3.278597828075716425, -1.797246988481828955, -2.850000000000001865 ) ) ;
#3262 = CARTESIAN_POINT ( 'NONE',  ( -2.299999999999999822, 2.299999999999999822, 0.4000000000000000222 ) ) ;
#3263 = ORIENTED_EDGE ( 'NONE', *, *, #135, .F. ) ;
#3264 = CARTESIAN_POINT ( 'NONE',  ( -3.300000000000018474, -2.000000000000000888, -5.371878022344844794 ) ) ;
#3265 = CARTESIAN_POINT ( 'NONE',  ( 8.972707634362802184E-16, -1.500000000000001110, -2.850000000000000089 ) ) ;
#3266 = AXIS2_PLACEMENT_3D ( 'NONE', #5432, #5518, #5045 ) ;
#3267 = ORIENTED_EDGE ( 'NONE', *, *, #632, .F. ) ;
#3268 = CARTESIAN_POINT ( 'NONE',  ( -2.600000000000000533, -7.500000000000000000, -2.200000000000000178 ) ) ;
#3269 = LINE ( 'NONE', #5480, #7117 ) ;
#3270 = ORIENTED_EDGE ( 'NONE', *, *, #1569, .T. ) ;
#3271 = LINE ( 'NONE', #5995, #4991 ) ;
#3272 = ORIENTED_EDGE ( 'NONE', *, *, #5440, .T. ) ;
#3273 = ORIENTED_EDGE ( 'NONE', *, *, #6745, .F. ) ;
#3274 = VECTOR ( 'NONE', #2263, 1000.000000000000000 ) ;
#3275 = EDGE_CURVE ( 'NONE', #4845, #1924, #2137, .T. ) ;
#3276 = DIRECTION ( 'NONE',  ( 4.517509052022934484E-16, -1.000000000000000000, 0.000000000000000000 ) ) ;
#3277 = EDGE_CURVE ( 'NONE', #3156, #1072, #7088, .T. ) ;
#3278 = CARTESIAN_POINT ( 'NONE',  ( 3.528303630158646342, -1.465623900666656265, -3.433675352753944754 ) ) ;
#3279 = VERTEX_POINT ( 'NONE', #6660 ) ;
#3280 = EDGE_LOOP ( 'NONE', ( #287, #1275, #2436, #2337 ) ) ;
#3281 = ORIENTED_EDGE ( 'NONE', *, *, #4962, .T. ) ;
#3282 = FACE_OUTER_BOUND ( 'NONE', #7223, .T. ) ;
#3283 = DIRECTION ( 'NONE',  ( -1.000000000000000000, 0.000000000000000000, 0.000000000000000000 ) ) ;
#3284 = DIRECTION ( 'NONE',  ( 0.000000000000000000, 0.000000000000000000, 1.000000000000000000 ) ) ;
#3285 = PLANE ( 'NONE',  #6518 ) ;
#3286 = DIRECTION ( 'NONE',  ( 4.517509052022934484E-16, -1.000000000000000000, 0.000000000000000000 ) ) ;
#3287 = DIRECTION ( 'NONE',  ( -1.000000000000000000, -4.517509052022934484E-16, 0.000000000000000000 ) ) ;
#3288 = LINE ( 'NONE', #5538, #3440 ) ;
#3289 = CARTESIAN_POINT ( 'NONE',  ( -3.700000000000018385, 2.709888451158950051, -5.132889013954584634 ) ) ;
#3290 = ORIENTED_EDGE ( 'NONE', *, *, #597, .T. ) ;
#3291 = CARTESIAN_POINT ( 'NONE',  ( 0.8499999999999999778, 1.733333333333333171, -2.650000000000000355 ) ) ;
#3292 = DIRECTION ( 'NONE',  ( 0.000000000000000000, -1.000000000000000000, 0.000000000000000000 ) ) ;
#3293 = CARTESIAN_POINT ( 'NONE',  ( 3.657366486774653147, -5.832766962299167801, -5.049999999999998934 ) ) ;
#3294 = CARTESIAN_POINT ( 'NONE',  ( -2.900000000000000799, -2.399999999999999467, -3.100000000000000977 ) ) ;
#3295 = ORIENTED_EDGE ( 'NONE', *, *, #2007, .T. ) ;
#3296 = CARTESIAN_POINT ( 'NONE',  ( 2.900000000000000355, 1.600000000000000089, -2.850000000000000089 ) ) ;
#3297 = CYLINDRICAL_SURFACE ( 'NONE', #6878, 0.09999999999999982514 ) ;
#3298 = EDGE_LOOP ( 'NONE', ( #3974, #109, #3767, #3623, #937, #663, #5286, #1641, #1611, #914, #5311, #6168 ) ) ;
#3299 = CARTESIAN_POINT ( 'NONE',  ( 1.149999999999999911, 2.900000000000000355, -3.100000000000000977 ) ) ;
#3300 = EDGE_CURVE ( 'NONE', #317, #32, #5696, .T. ) ;
#3301 = ORIENTED_EDGE ( 'NONE', *, *, #6063, .T. ) ;
#3302 = EDGE_CURVE ( 'NONE', #4105, #1406, #2385, .T. ) ;
#3303 = DIRECTION ( 'NONE',  ( 0.000000000000000000, 0.000000000000000000, -1.000000000000000000 ) ) ;
#3304 = CARTESIAN_POINT ( 'NONE',  ( 2.299999999999999822, -2.299999999999999822, 0.9000000000000001332 ) ) ;
#3305 = ORIENTED_EDGE ( 'NONE', *, *, #1890, .T. ) ;
#3306 = CARTESIAN_POINT ( 'NONE',  ( -3.437244651700124276, -5.168916494400138006, -5.049999999999998934 ) ) ;
#3307 = VERTEX_POINT ( 'NONE', #5542 ) ;
#3308 = ORIENTED_EDGE ( 'NONE', *, *, #7052, .T. ) ;
#3309 = CARTESIAN_POINT ( 'NONE',  ( -3.700000000000016609, -0.3624598851928434451, -5.231598611585615011 ) ) ;
#3310 = CARTESIAN_POINT ( 'NONE',  ( 3.640389927498949074, -1.000016897347567157, -5.020543119474988991 ) ) ;
#3311 = ORIENTED_EDGE ( 'NONE', *, *, #1317, .F. ) ;
#3312 = EDGE_CURVE ( 'NONE', #1368, #1421, #7001, .T. ) ;
#3313 = VERTEX_POINT ( 'NONE', #1051 ) ;
#3314 = EDGE_CURVE ( 'NONE', #5346, #3747, #4275, .T. ) ;
#3315 = ORIENTED_EDGE ( 'NONE', *, *, #7014, .F. ) ;
#3316 = CARTESIAN_POINT ( 'NONE',  ( 2.600000000000000533, 3.100000000000000089, -1.900000000000000133 ) ) ;
#3317 = PLANE ( 'NONE',  #849 ) ;
#3318 = DIRECTION ( 'NONE',  ( 0.000000000000000000, 3.523657060577896510E-15, 1.000000000000000000 ) ) ;
#3319 = CARTESIAN_POINT ( 'NONE',  ( -3.000000000000000000, -3.000000000000000000, 0.000000000000000000 ) ) ;
#3320 = DIRECTION ( 'NONE',  ( 8.673617379884030739E-15, -1.000000000000000000, 0.000000000000000000 ) ) ;
#3321 = PLANE ( 'NONE',  #2514 ) ;
#3322 = EDGE_CURVE ( 'NONE', #6265, #3595, #7237, .T. ) ;
#3323 = VECTOR ( 'NONE', #335, 1000.000000000000000 ) ;
#3324 = DIRECTION ( 'NONE',  ( 0.000000000000000000, 0.000000000000000000, 1.000000000000000000 ) ) ;
#3325 = ORIENTED_EDGE ( 'NONE', *, *, #5873, .F. ) ;
#3326 = CARTESIAN_POINT ( 'NONE',  ( 0.8499999999999999778, -2.600000000000000533, -2.650000000000000355 ) ) ;
#3327 = DIRECTION ( 'NONE',  ( 0.000000000000000000, 0.000000000000000000, 1.000000000000000000 ) ) ;
#3328 = VECTOR ( 'NONE', #3367, 1000.000000000000000 ) ;
#3329 = CIRCLE ( 'NONE', #2136, 0.9000000000000014655 ) ;
#3330 = EDGE_CURVE ( 'NONE', #361, #1967, #4918, .T. ) ;
#3331 = LINE ( 'NONE', #3372, #6888 ) ;
#3332 = PLANE ( 'NONE',  #2297 ) ;
#3333 = VERTEX_POINT ( 'NONE', #7128 ) ;
#3334 = DIRECTION ( 'NONE',  ( -1.000000000000000000, 0.000000000000000000, 0.000000000000000000 ) ) ;
#3335 = CARTESIAN_POINT ( 'NONE',  ( -3.200000000000000622, 0.000000000000000000, 9.703609443745264684E-15 ) ) ;
#3336 = DIRECTION ( 'NONE',  ( 0.000000000000000000, 0.000000000000000000, 1.000000000000000000 ) ) ;
#3337 = AXIS2_PLACEMENT_3D ( 'NONE', #6445, #2083, #6602 ) ;
#3338 = CARTESIAN_POINT ( 'NONE',  ( -3.300000000000002043, -4.000000000000000000, -0.5999999999999990896 ) ) ;
#3339 = VECTOR ( 'NONE', #1089, 1000.000000000000000 ) ;
#3340 = CARTESIAN_POINT ( 'NONE',  ( 2.876494900217184458, -1.262712082465007102, -2.850000000000000089 ) ) ;
#3341 = EDGE_LOOP ( 'NONE', ( #557, #2335, #4908, #4450 ) ) ;
#3342 = EDGE_CURVE ( 'NONE', #6064, #6671, #6778, .T. ) ;
#3343 = AXIS2_PLACEMENT_3D ( 'NONE', #2357, #1807, #4591 ) ;
#3344 = AXIS2_PLACEMENT_3D ( 'NONE', #5303, #6387, #811 ) ;
#3345 = CYLINDRICAL_SURFACE ( 'NONE', #2533, 0.4999999999999995559 ) ;
#3346 = CARTESIAN_POINT ( 'NONE',  ( 3.199999999999999289, 3.000000000000000888, -0.1000000000000002554 ) ) ;
#3347 = ADVANCED_FACE ( 'NONE', ( #1428 ), #3679, .T. ) ;
#3348 = ORIENTED_EDGE ( 'NONE', *, *, #1754, .F. ) ;
#3349 = DIRECTION ( 'NONE',  ( -1.000000000000000000, 0.000000000000000000, 0.000000000000000000 ) ) ;
#3350 = ORIENTED_EDGE ( 'NONE', *, *, #3955, .F. ) ;
#3351 = ORIENTED_EDGE ( 'NONE', *, *, #6375, .T. ) ;
#3352 = VECTOR ( 'NONE', #5419, 1000.000000000000000 ) ;
#3353 = SPHERICAL_SURFACE ( 'NONE', #5354, 0.1000000000000000056 ) ;
#3354 = EDGE_CURVE ( 'NONE', #798, #4356, #5938, .T. ) ;
#3355 = CARTESIAN_POINT ( 'NONE',  ( 3.495264784830661942, -1.000049688873428710, -4.274167948927182437 ) ) ;
#3356 = ORIENTED_EDGE ( 'NONE', *, *, #2277, .F. ) ;
#3357 = AXIS2_PLACEMENT_3D ( 'NONE', #2417, #4677, #1859 ) ;
#3358 = ORIENTED_EDGE ( 'NONE', *, *, #3370, .F. ) ;
#3359 = DIRECTION ( 'NONE',  ( -0.000000000000000000, -0.000000000000000000, -1.000000000000000000 ) ) ;
#3360 = CARTESIAN_POINT ( 'NONE',  ( -3.300000000000012257, -7.500000000000001776, -5.049999999999999822 ) ) ;
#3361 = DIRECTION ( 'NONE',  ( -1.000000000000000000, 0.000000000000000000, 0.000000000000000000 ) ) ;
#3362 = VECTOR ( 'NONE', #4529, 1000.000000000000000 ) ;
#3363 = CARTESIAN_POINT ( 'NONE',  ( -2.600000000000000533, -7.500000000000000000, -1.900000000000000133 ) ) ;
#3364 = CARTESIAN_POINT ( 'NONE',  ( -2.300000000000000266, 1.963427199554092617, 0.9000000000000001332 ) ) ;
#3365 = CARTESIAN_POINT ( 'NONE',  ( 3.000000000000000000, 2.656295322589485863E-15, 0.000000000000000000 ) ) ;
#3366 = VECTOR ( 'NONE', #458, 1000.000000000000000 ) ;
#3367 = DIRECTION ( 'NONE',  ( -4.517509052022934484E-16, 1.000000000000000000, 0.000000000000000000 ) ) ;
#3368 = PLANE ( 'NONE',  #6991 ) ;
#3369 = DIRECTION ( 'NONE',  ( -0.000000000000000000, -0.000000000000000000, -1.000000000000000000 ) ) ;
#3370 = EDGE_CURVE ( 'NONE', #1011, #5322, #932, .T. ) ;
#3371 = CIRCLE ( 'NONE', #4555, 1.300000000000000044 ) ;
#3372 = CARTESIAN_POINT ( 'NONE',  ( -0.8499999999999999778, -2.600000000000000533, -2.850000000000000089 ) ) ;
#3373 = B_SPLINE_SURFACE_WITH_KNOTS ( 'NONE', 3, 3, ( 
 ( #6469, #1447, #5878, #5170, #321, #6409, #357, #1346, #913 ),
 ( #3146, #2586, #4848, #249, #7108, #1405, #4706, #2035, #3067 ),
 ( #5326, #1489, #831, #2446, #1956, #3744, #2511, #5847, #3621 ),
 ( #4145, #222, #286, #4181, #6001, #1887, #3590, #3037, #4773 ),
 ( #6441, #7039, #2475, #4739, #1923, #1376, #5915, #3652, #6720 ),
 ( #1104, #2238, #3278, #1683, #2712, #446, #6165, #564, #480 ),
 ( #2076, #1566, #4378, #4464, #5602, #1648, #2159, #1068, #3908 ),
 ( #17, #5560, #4421, #522, #6129, #2115, #3234, #5014, #1610 ),
 ( #2632, #3829, #4341, #4970, #3355, #6595, #3310, #6090, #2791 ),
 ( #5053, #4497, #1034, #6039, #5487, #6755, #6639, #4935, #1522 ),
 ( #5526, #991, #3782, #6683, #3947, #7226, #2678, #7190, #3871 ),
 ( #6207, #2754, #7270, #2201, #3185, #5444, #404, #4896, #7150 ),
 ( #3392, #2825, #3985, #5643, #1146, #2273, #49, #1725, #599 ),
 ( #5086, #4537, #6795, #4574, #5157, #6830, #5804, #5770, #1756 ),
 ( #4638, #4110, #2309, #6898, #183, #4048, #2962, #1242, #2408 ),
 ( #2372, #6798, #761, #3987, #3517, #6370, #5256, #118, #4540 ) ),
 .UNSPECIFIED., .F., .F., .F.,
 ( 4, 1, 1, 1, 1, 1, 1, 1, 1, 1, 1, 1, 1, 4 ),
 ( 4, 1, 1, 1, 1, 1, 4 ),
 ( 0.000000000000000000, 0.06250000000000000000, 0.1250000000000000000, 0.1666666666666666574, 0.2500000000000000000, 0.3750000000000000000, 0.4444444444444444198, 0.5000000000000000000, 0.5555555555555555802, 0.6250000000000000000, 0.7500000000000000000, 0.8333333333333333703, 0.8750000000000000000, 1.000000000000000000 ),
 ( 0.000000000000000000, 0.2500000000000000000, 0.4444444444444445308, 0.5000000000000000000, 0.7500000000000000000, 0.8333333333333333703, 1.000000000000000000 ),
 .UNSPECIFIED. ) ;
#3374 = CARTESIAN_POINT ( 'NONE',  ( 1.350000000000000089, -2.400000000000003908, -3.200000000000000622 ) ) ;
#3375 = ORIENTED_EDGE ( 'NONE', *, *, #6308, .F. ) ;
#3376 = LINE ( 'NONE', #2810, #1794 ) ;
#3377 = DIRECTION ( 'NONE',  ( -1.000000000000000000, 0.000000000000000000, 0.000000000000000000 ) ) ;
#3378 =( NAMED_UNIT ( * ) PLANE_ANGLE_UNIT ( ) SI_UNIT ( $, .RADIAN. ) );
#3379 = CARTESIAN_POINT ( 'NONE',  ( -1.350000000000000089, -2.400000000000003908, -3.200000000000000622 ) ) ;
#3380 = CARTESIAN_POINT ( 'NONE',  ( 3.121833710861379618, -0.4958465349151182644, -2.990104334574713807 ) ) ;
#3381 = ORIENTED_EDGE ( 'NONE', *, *, #5328, .F. ) ;
#3382 = VECTOR ( 'NONE', #578, 1000.000000000000000 ) ;
#3383 = DIRECTION ( 'NONE',  ( -0.000000000000000000, -0.000000000000000000, -1.000000000000000000 ) ) ;
#3384 = DIRECTION ( 'NONE',  ( -0.3363363969981563173, -0.9417419115948373332, 0.000000000000000000 ) ) ;
#3385 = EDGE_LOOP ( 'NONE', ( #306, #53, #400 ) ) ;
#3386 = CARTESIAN_POINT ( 'NONE',  ( -3.300000000000020695, 2.599999999999999645, -6.049999999999998046 ) ) ;
#3387 = ORIENTED_EDGE ( 'NONE', *, *, #1771, .T. ) ;
#3388 = ORIENTED_EDGE ( 'NONE', *, *, #6931, .F. ) ;
#3389 = AXIS2_PLACEMENT_3D ( 'NONE', #1919, #4241, #5906 ) ;
#3390 = CARTESIAN_POINT ( 'NONE',  ( -1.350000000000000089, 2.900000000000000355, -2.850000000000000089 ) ) ;
#3391 = B_SPLINE_CURVE_WITH_KNOTS ( 'NONE', 3,
 ( #5140, #2837, #1192, #5103, #6188, #544, #101, #68, #1084, #6844, #1767, #1223, #3471, #7249, #1125, #1629 ),
 .UNSPECIFIED., .F., .F.,
 ( 4, 1, 1, 1, 1, 1, 1, 1, 1, 1, 1, 1, 1, 4 ),
 ( 0.000000000000000000, 0.06250000000000000000, 0.1250000000000000000, 0.1666666666666666574, 0.2500000000000000000, 0.3750000000000000000, 0.4444444444444444198, 0.5000000000000000000, 0.5555555555555555802, 0.6250000000000000000, 0.7500000000000000000, 0.8333333333333333703, 0.8750000000000000000, 1.000000000000000000 ),
 .UNSPECIFIED. ) ;
#3392 = CARTESIAN_POINT ( 'NONE',  ( 3.582219468606518742, -0.3831343926248200749, -2.849999999999998312 ) ) ;
#3393 = ORIENTED_EDGE ( 'NONE', *, *, #4115, .T. ) ;
#3394 = VERTEX_POINT ( 'NONE', #4874 ) ;
#3395 = FACE_OUTER_BOUND ( 'NONE', #6920, .T. ) ;
#3396 = CARTESIAN_POINT ( 'NONE',  ( -3.592477367349697470, -1.619139133752178328, -3.060156501862071554 ) ) ;
#3397 = EDGE_CURVE ( 'NONE', #992, #19, #5468, .T. ) ;
#3398 = FACE_OUTER_BOUND ( 'NONE', #4671, .T. ) ;
#3399 = CARTESIAN_POINT ( 'NONE',  ( -2.973145600891814677, 2.636572800445909248, 0.9000000000000003553 ) ) ;
#3400 = FACE_OUTER_BOUND ( 'NONE', #5625, .T. ) ;
#3401 = DIRECTION ( 'NONE',  ( 1.000000000000000000, 0.000000000000000000, 0.000000000000000000 ) ) ;
#3402 = CARTESIAN_POINT ( 'NONE',  ( 3.751540677934137147, -5.866400601998984499, -5.049999999999998934 ) ) ;
#3403 = DIRECTION ( 'NONE',  ( 0.000000000000000000, 0.000000000000000000, 1.000000000000000000 ) ) ;
#3404 = CARTESIAN_POINT ( 'NONE',  ( 2.299999999999999822, -1.963427199554093061, 0.9000000000000001332 ) ) ;
#3405 = EDGE_CURVE ( 'NONE', #4912, #6624, #6020, .T. ) ;
#3406 = CARTESIAN_POINT ( 'NONE',  ( -7.178166107490245297E-16, -1.600000000000000533, -3.100000000000000977 ) ) ;
#3407 = ORIENTED_EDGE ( 'NONE', *, *, #5023, .F. ) ;
#3408 = CARTESIAN_POINT ( 'NONE',  ( 2.300000000000000711, -2.299999999999998934, 0.4000000000000000222 ) ) ;
#3409 = ADVANCED_FACE ( 'NONE', ( #4479 ), #4027, .T. ) ;
#3410 = DIRECTION ( 'NONE',  ( 1.000000000000000000, 0.000000000000000000, 0.000000000000000000 ) ) ;
#3411 = CARTESIAN_POINT ( 'NONE',  ( 3.191225343168463180, -1.501916223483355850, -3.830730342022995227 ) ) ;
#3412 = VERTEX_POINT ( 'NONE', #5723 ) ;
#3413 = DIRECTION ( 'NONE',  ( 0.000000000000000000, 0.000000000000000000, 1.000000000000000000 ) ) ;
#3414 = CARTESIAN_POINT ( 'NONE',  ( -2.899999999999999911, -2.499999999999999112, -3.100000000000000977 ) ) ;
#3415 = ORIENTED_EDGE ( 'NONE', *, *, #3322, .F. ) ;
#3416 = DIRECTION ( 'NONE',  ( 0.000000000000000000, 0.000000000000000000, -1.000000000000000000 ) ) ;
#3417 = ORIENTED_EDGE ( 'NONE', *, *, #4830, .T. ) ;
#3418 = VERTEX_POINT ( 'NONE', #2772 ) ;
#3419 = DIRECTION ( 'NONE',  ( 6.071532165918819308E-15, -1.000000000000000000, 0.000000000000000000 ) ) ;
#3420 = ORIENTED_EDGE ( 'NONE', *, *, #1148, .F. ) ;
#3421 = CARTESIAN_POINT ( 'NONE',  ( 1.450000000000000178, 0.000000000000000000, -2.850000000000000089 ) ) ;
#3422 = ORIENTED_EDGE ( 'NONE', *, *, #339, .F. ) ;
#3423 = CARTESIAN_POINT ( 'NONE',  ( -3.300000000000010036, -4.336808689942017736E-16, -2.849999999999999201 ) ) ;
#3424 = CARTESIAN_POINT ( 'NONE',  ( -3.700000000000017941, -2.000000000000000888, -5.021617185908048064 ) ) ;
#3425 = ADVANCED_FACE ( 'NONE', ( #6736 ), #6814, .F. ) ;
#3426 = DIRECTION ( 'NONE',  ( 1.000000000000000000, 0.000000000000000000, 0.000000000000000000 ) ) ;
#3427 = CARTESIAN_POINT ( 'NONE',  ( 2.600000000000000533, 3.100000000000000089, -1.900000000000000133 ) ) ;
#3428 = PLANE ( 'NONE',  #5825 ) ;
#3429 = CARTESIAN_POINT ( 'NONE',  ( -2.299999999999999822, 2.636572800445907472, 0.9000000000000001332 ) ) ;
#3430 = FACE_OUTER_BOUND ( 'NONE', #4362, .T. ) ;
#3431 = EDGE_CURVE ( 'NONE', #434, #1750, #6702, .T. ) ;
#3432 = CLOSED_SHELL ( 'NONE', ( #3255, #1075, #6465, #1360, #1820, #1864, #1586, #1123 ) ) ;
#3433 = LINE ( 'NONE', #1661, #2782 ) ;
#3434 = FACE_OUTER_BOUND ( 'NONE', #4573, .T. ) ;
#3435 = VECTOR ( 'NONE', #3159, 1000.000000000000000 ) ;
#3436 = DIRECTION ( 'NONE',  ( 0.000000000000000000, 1.000000000000000000, 0.000000000000000000 ) ) ;
#3437 = LINE ( 'NONE', #3472, #2592 ) ;
#3438 = PLANE ( 'NONE',  #5893 ) ;
#3439 = DIRECTION ( 'NONE',  ( -0.4472135954999579277, -0.8944271909999158554, 0.000000000000000000 ) ) ;
#3440 = VECTOR ( 'NONE', #5651, 1000.000000000000000 ) ;
#3441 = DIRECTION ( 'NONE',  ( 1.000000000000000000, 0.000000000000000000, -3.469446951953601961E-15 ) ) ;
#3442 = VERTEX_POINT ( 'NONE', #5033 ) ;
#3443 = ADVANCED_FACE ( 'NONE', ( #3434 ), #2878, .T. ) ;
#3444 = DIRECTION ( 'NONE',  ( 0.000000000000000000, 0.000000000000000000, -1.000000000000000000 ) ) ;
#3445 = DIRECTION ( 'NONE',  ( 0.000000000000000000, 1.000000000000000000, 0.000000000000000000 ) ) ;
#3446 = CIRCLE ( 'NONE', #6766, 0.6250000000000001110 ) ;
#3447 = ORIENTED_EDGE ( 'NONE', *, *, #1247, .T. ) ;
#3448 = CIRCLE ( 'NONE', #56, 0.09999999999999939493 ) ;
#3449 = CARTESIAN_POINT ( 'NONE',  ( 2.900000000000000355, -1.599999999999999423, -3.100000000000000977 ) ) ;
#3450 = VERTEX_POINT ( 'NONE', #1706 ) ;
#3451 = FACE_OUTER_BOUND ( 'NONE', #1398, .T. ) ;
#3452 = EDGE_CURVE ( 'NONE', #857, #3147, #4001, .T. ) ;
#3453 = AXIS2_PLACEMENT_3D ( 'NONE', #6016, #2566, #2692 ) ;
#3454 = CIRCLE ( 'NONE', #4257, 0.4000000000000001887 ) ;
#3455 = ORIENTED_EDGE ( 'NONE', *, *, #4944, .T. ) ;
#3456 = EDGE_CURVE ( 'NONE', #6671, #5386, #4443, .T. ) ;
#3457 = DIRECTION ( 'NONE',  ( -1.000000000000000000, -5.981805089575197183E-16, 0.000000000000000000 ) ) ;
#3458 = ORIENTED_EDGE ( 'NONE', *, *, #912, .T. ) ;
#3459 = AXIS2_PLACEMENT_3D ( 'NONE', #6575, #4828, #3256 ) ;
#3460 = CARTESIAN_POINT ( 'NONE',  ( -3.191225343168462292, -1.501916223483357626, -3.830730342022995227 ) ) ;
#3461 = CARTESIAN_POINT ( 'NONE',  ( -3.700000000000017053, -1.958016173490177980, -5.231773687770116865 ) ) ;
#3462 = VECTOR ( 'NONE', #6137, 1000.000000000000000 ) ;
#3463 = CARTESIAN_POINT ( 'NONE',  ( -2.299999999999999822, -1.674999999999999822, 0.6500000000000001332 ) ) ;
#3464 = CARTESIAN_POINT ( 'NONE',  ( -3.700000000000002398, -4.000000000000000000, -0.5999999999999976463 ) ) ;
#3465 = DIRECTION ( 'NONE',  ( 0.000000000000000000, 0.000000000000000000, 1.000000000000000000 ) ) ;
#3466 = CYLINDRICAL_SURFACE ( 'NONE', #2370, 0.09999999999999982514 ) ;
#3467 = CIRCLE ( 'NONE', #3236, 0.09999999999999982514 ) ;
#3468 = CARTESIAN_POINT ( 'NONE',  ( -1.350000000000000089, -2.900000000000000355, -2.850000000000000089 ) ) ;
#3469 = EDGE_CURVE ( 'NONE', #2551, #2543, #5687, .T. ) ;
#3470 = DIRECTION ( 'NONE',  ( -4.517509052022934484E-16, 1.000000000000000000, 0.000000000000000000 ) ) ;
#3471 = CARTESIAN_POINT ( 'NONE',  ( 3.582219468606518742, -0.3831343926248200749, -2.849999999999998312 ) ) ;
#3472 = CARTESIAN_POINT ( 'NONE',  ( 3.300000000000016698, -7.199999999999997513, -4.049999999999998934 ) ) ;
#3473 = CARTESIAN_POINT ( 'NONE',  ( 0.000000000000000000, 0.000000000000000000, -2.850000000000000089 ) ) ;
#3474 = CIRCLE ( 'NONE', #2302, 0.4999999999999993339 ) ;
#3475 = CARTESIAN_POINT ( 'NONE',  ( 2.876494900217184902, -1.262712082465007102, -2.990104334574713807 ) ) ;
#3476 = ORIENTED_EDGE ( 'NONE', *, *, #1201, .F. ) ;
#3477 = DIRECTION ( 'NONE',  ( -1.000000000000000000, 0.000000000000000000, 0.000000000000000000 ) ) ;
#3478 = FACE_OUTER_BOUND ( 'NONE', #6559, .T. ) ;
#3479 = AXIS2_PLACEMENT_3D ( 'NONE', #6808, #1117, #1188 ) ;
#3480 = ORIENTED_EDGE ( 'NONE', *, *, #6627, .T. ) ;
#3481 = DIRECTION ( 'NONE',  ( -6.071532165918819308E-15, -1.000000000000000000, 0.000000000000000000 ) ) ;
#3482 = ORIENTED_EDGE ( 'NONE', *, *, #6322, .T. ) ;
#3483 = DIRECTION ( 'NONE',  ( -1.000000000000000000, 0.000000000000000000, 0.000000000000000000 ) ) ;
#3484 = AXIS2_PLACEMENT_3D ( 'NONE', #3058, #6995, #2539 ) ;
#3485 = ORIENTED_EDGE ( 'NONE', *, *, #510, .T. ) ;
#3486 = CARTESIAN_POINT ( 'NONE',  ( 2.299999999999999822, -2.299999999999999822, 0.6500000000000001332 ) ) ;
#3487 = ADVANCED_FACE ( 'NONE', ( #7290 ), #2915, .T. ) ;
#3488 = ORIENTED_EDGE ( 'NONE', *, *, #5601, .F. ) ;
#3489 = VECTOR ( 'NONE', #5891, 1000.000000000000000 ) ;
#3490 = CARTESIAN_POINT ( 'NONE',  ( -3.300000000000018030, -0.09418335084988924133, -5.231773687770131076 ) ) ;
#3491 = EDGE_CURVE ( 'NONE', #6505, #4796, #6776, .T. ) ;
#3492 = DIRECTION ( 'NONE',  ( 1.000000000000000000, -2.691812290308839669E-15, 0.000000000000000000 ) ) ;
#3493 = VECTOR ( 'NONE', #4249, 1000.000000000000000 ) ;
#3494 = CARTESIAN_POINT ( 'NONE',  ( -3.000000000000000000, 3.000000000000000000, 0.000000000000000000 ) ) ;
#3495 = CARTESIAN_POINT ( 'NONE',  ( -2.299999999999999378, 2.300000000000000266, 0.9000000000000001332 ) ) ;
#3496 = FACE_OUTER_BOUND ( 'NONE', #2532, .T. ) ;
#3497 = PLANE ( 'NONE',  #6288 ) ;
#3498 = DIRECTION ( 'NONE',  ( 3.491481338843133750E-15, 1.577279855319300773E-30, -1.000000000000000000 ) ) ;
#3499 = AXIS2_PLACEMENT_3D ( 'NONE', #93, #5573, #6693 ) ;
#3500 = LINE ( 'NONE', #6321, #2862 ) ;
#3501 = EDGE_CURVE ( 'NONE', #6399, #2023, #6289, .T. ) ;
#3502 = CARTESIAN_POINT ( 'NONE',  ( 3.700000000000015277, 3.000000000000000888, -4.748279434898255325 ) ) ;
#3503 = CARTESIAN_POINT ( 'NONE',  ( -3.700000000000009059, -0.09371311001840533506, -2.849999999999997424 ) ) ;
#3504 = DIRECTION ( 'NONE',  ( 0.000000000000000000, 1.000000000000000000, 0.000000000000000000 ) ) ;
#3505 = CARTESIAN_POINT ( 'NONE',  ( 0.000000000000000000, -2.900000000000000355, -3.200000000000000622 ) ) ;
#3506 = DIRECTION ( 'NONE',  ( 0.000000000000000000, 0.000000000000000000, -1.000000000000000000 ) ) ;
#3507 = CARTESIAN_POINT ( 'NONE',  ( 3.300000000000018474, 1.057097118173375106E-15, -5.371878022344844794 ) ) ;
#3508 = ORIENTED_EDGE ( 'NONE', *, *, #4106, .F. ) ;
#3509 = CARTESIAN_POINT ( 'NONE',  ( -3.000000000000000000, 3.000000000000000000, 0.000000000000000000 ) ) ;
#3510 = CARTESIAN_POINT ( 'NONE',  ( 3.000000000000000000, 1.600000000000000755, -2.850000000000000089 ) ) ;
#3511 = ORIENTED_EDGE ( 'NONE', *, *, #3529, .F. ) ;
#3512 = CARTESIAN_POINT ( 'NONE',  ( 2.075000000000000178, -8.000000000000000000, -1.900000000000000133 ) ) ;
#3513 = VERTEX_POINT ( 'NONE', #2220 ) ;
#3514 = DIRECTION ( 'NONE',  ( 0.000000000000000000, -1.000000000000000000, 0.000000000000000000 ) ) ;
#3515 = ORIENTED_EDGE ( 'NONE', *, *, #4704, .F. ) ;
#3516 = EDGE_CURVE ( 'NONE', #973, #4130, #2556, .T. ) ;
#3517 = CARTESIAN_POINT ( 'NONE',  ( 3.700000000000011724, 1.392860013185264451E-15, -4.274394068176251338 ) ) ;
#3518 = ORIENTED_EDGE ( 'NONE', *, *, #3070, .F. ) ;
#3519 = CARTESIAN_POINT ( 'NONE',  ( -3.300000000000018474, -1.794705538039001125, -5.371878022344844794 ) ) ;
#3520 = CARTESIAN_POINT ( 'NONE',  ( -3.691437579568225047, -1.858825984276808008, -2.849999999999994760 ) ) ;
#3521 = ORIENTED_EDGE ( 'NONE', *, *, #1148, .T. ) ;
#3522 = EDGE_CURVE ( 'NONE', #2088, #19, #3391, .T. ) ;
#3523 = FACE_OUTER_BOUND ( 'NONE', #5548, .T. ) ;
#3524 = SURFACE_STYLE_USAGE ( .BOTH. , #4087 ) ;
#3525 = ORIENTED_EDGE ( 'NONE', *, *, #3984, .F. ) ;
#3526 = FACE_OUTER_BOUND ( 'NONE', #2410, .T. ) ;
#3527 = CARTESIAN_POINT ( 'NONE',  ( 0.000000000000000000, 0.000000000000000000, 0.000000000000000000 ) ) ;
#3528 = EDGE_CURVE ( 'NONE', #2892, #5484, #3331, .T. ) ;
#3529 = EDGE_CURVE ( 'NONE', #6393, #1970, #4403, .T. ) ;
#3530 = CARTESIAN_POINT ( 'NONE',  ( -2.300000000000000266, -2.636572800445907028, 0.9000000000000001332 ) ) ;
#3531 = DIRECTION ( 'NONE',  ( 0.000000000000000000, 0.000000000000000000, -1.000000000000000000 ) ) ;
#3532 = LINE ( 'NONE', #1385, #3544 ) ;
#3533 = CARTESIAN_POINT ( 'NONE',  ( -3.657366486774650483, -5.832766962299169577, -5.049999999999998934 ) ) ;
#3534 = EDGE_LOOP ( 'NONE', ( #6479, #3144 ) ) ;
#3535 = CARTESIAN_POINT ( 'NONE',  ( 1.350000000000000089, -2.900000000000000355, -2.850000000000000089 ) ) ;
#3536 = CARTESIAN_POINT ( 'NONE',  ( -3.300000000000014921, -4.000000000000001776, -5.049999999999998934 ) ) ;
#3537 = ORIENTED_EDGE ( 'NONE', *, *, #1730, .T. ) ;
#3538 = VECTOR ( 'NONE', #3894, 1000.000000000000000 ) ;
#3539 = CARTESIAN_POINT ( 'NONE',  ( -3.657366486774650483, -5.832766962299169577, -4.050000000000012257 ) ) ;
#3540 = DIRECTION ( 'NONE',  ( 8.972707634362798240E-16, 1.000000000000000000, 0.000000000000000000 ) ) ;
#3541 = ORIENTED_EDGE ( 'NONE', *, *, #6353, .F. ) ;
#3542 = CARTESIAN_POINT ( 'NONE',  ( -4.128237442572069149, -6.000935160798249512, -5.049999999999998934 ) ) ;
#3543 = ORIENTED_EDGE ( 'NONE', *, *, #96, .T. ) ;
#3544 = VECTOR ( 'NONE', #779, 1000.000000000000000 ) ;
#3545 = CIRCLE ( 'NONE', #2259, 0.5000000000000004441 ) ;
#3546 = FACE_OUTER_BOUND ( 'NONE', #5150, .T. ) ;
#3547 = ADVANCED_FACE ( 'NONE', ( #4091 ), #6418, .T. ) ;
#3548 = EDGE_LOOP ( 'NONE', ( #931, #2921, #7228, #5491, #2155, #6037 ) ) ;
#3549 = VECTOR ( 'NONE', #429, 1000.000000000000000 ) ;
#3550 = DIRECTION ( 'NONE',  ( 1.000000000000000000, 0.000000000000000000, 0.000000000000000000 ) ) ;
#3551 = ORIENTED_EDGE ( 'NONE', *, *, #6212, .F. ) ;
#3552 = CARTESIAN_POINT ( 'NONE',  ( -3.300000000000017586, -0.7407407407407410327, -5.231773687770131076 ) ) ;
#3553 = AXIS2_PLACEMENT_3D ( 'NONE', #4941, #1572, #1652 ) ;
#3554 = CARTESIAN_POINT ( 'NONE',  ( -3.295212096815359981, -1.130862375711692902, -3.060156501862066669 ) ) ;
#3555 = VERTEX_POINT ( 'NONE', #131 ) ;
#3556 = EDGE_CURVE ( 'NONE', #7120, #6170, #7110, .T. ) ;
#3557 = CIRCLE ( 'NONE', #2743, 0.09999999999999982514 ) ;
#3558 = CIRCLE ( 'NONE', #3079, 0.09999999999999982514 ) ;
#3559 = EDGE_CURVE ( 'NONE', #5767, #3583, #993, .T. ) ;
#3560 = CARTESIAN_POINT ( 'NONE',  ( -2.300000000000000266, 2.300000000000001599, 0.9000000000000003553 ) ) ;
#3561 = ORIENTED_EDGE ( 'NONE', *, *, #797, .T. ) ;
#3562 = DIRECTION ( 'NONE',  ( -0.9438583563660174480, -0.3303504247281062733, 0.000000000000000000 ) ) ;
#3563 = DIRECTION ( 'NONE',  ( -1.000000000000000000, -6.938893903907227392E-16, 0.000000000000000000 ) ) ;
#3564 = AXIS2_PLACEMENT_3D ( 'NONE', #2293, #6224, #4556 ) ;
#3565 = DIRECTION ( 'NONE',  ( -1.000000000000000000, 0.000000000000000000, 0.000000000000000000 ) ) ;
#3566 = LINE ( 'NONE', #3015, #6082 ) ;
#3567 = AXIS2_PLACEMENT_3D ( 'NONE', #5336, #6477, #3117 ) ;
#3568 = DIRECTION ( 'NONE',  ( 1.000000000000000000, 0.000000000000000000, 0.000000000000000000 ) ) ;
#3569 = LINE ( 'NONE', #201, #1782 ) ;
#3570 = ORIENTED_EDGE ( 'NONE', *, *, #7159, .T. ) ;
#3571 = EDGE_CURVE ( 'NONE', #354, #2701, #5270, .T. ) ;
#3572 = CARTESIAN_POINT ( 'NONE',  ( 3.000000000000000000, -3.000000000000000000, -3.100000000000000977 ) ) ;
#3573 = EDGE_CURVE ( 'NONE', #3636, #3645, #1694, .T. ) ;
#3574 = CARTESIAN_POINT ( 'NONE',  ( 3.259150586264528471, -0.5002737405597942333, -4.858162128904228716 ) ) ;
#3575 = CIRCLE ( 'NONE', #6899, 0.6250000000000001110 ) ;
#3576 = ORIENTED_EDGE ( 'NONE', *, *, #2866, .F. ) ;
#3577 = DIRECTION ( 'NONE',  ( -1.000000000000000000, 0.000000000000000000, 0.000000000000000000 ) ) ;
#3578 = ORIENTED_EDGE ( 'NONE', *, *, #596, .F. ) ;
#3579 = DIRECTION ( 'NONE',  ( 2.602085213965209064E-15, -1.734723475976804333E-15, -1.000000000000000000 ) ) ;
#3580 = ORIENTED_EDGE ( 'NONE', *, *, #5823, .F. ) ;
#3581 = VECTOR ( 'NONE', #7174, 1000.000000000000000 ) ;
#3582 = DIRECTION ( 'NONE',  ( 0.000000000000000000, 0.000000000000000000, 1.000000000000000000 ) ) ;
#3583 = VERTEX_POINT ( 'NONE', #3502 ) ;
#3584 = VECTOR ( 'NONE', #3959, 1000.000000000000000 ) ;
#3585 = CARTESIAN_POINT ( 'NONE',  ( 3.437244651700127385, -5.168916494400137118, -4.050000000000012257 ) ) ;
#3586 = ORIENTED_EDGE ( 'NONE', *, *, #6506, .F. ) ;
#3587 = CARTESIAN_POINT ( 'NONE',  ( -3.116257737327599031, -1.000000000000000444, -4.391147680321848767 ) ) ;
#3588 = VECTOR ( 'NONE', #1753, 1000.000000000000000 ) ;
#3589 = CARTESIAN_POINT ( 'NONE',  ( -3.527562540632487309, -0.5338739651232639050, -3.433675058496081345 ) ) ;
#3590 = CARTESIAN_POINT ( 'NONE',  ( 3.693567373595604053, -1.760542711589303089, -5.021609743288669492 ) ) ;
#3591 = EDGE_LOOP ( 'NONE', ( #5188, #427, #720, #5918 ) ) ;
#3592 = EDGE_CURVE ( 'NONE', #145, #1752, #1900, .T. ) ;
#3593 = CIRCLE ( 'NONE', #4565, 0.09999999999999982514 ) ;
#3594 = FACE_OUTER_BOUND ( 'NONE', #4763, .T. ) ;
#3595 = VERTEX_POINT ( 'NONE', #2387 ) ;
#3596 = DIRECTION ( 'NONE',  ( -1.000000000000000000, 0.000000000000000000, 0.000000000000000000 ) ) ;
#3597 = DIRECTION ( 'NONE',  ( -1.000000000000000000, 0.000000000000000000, 0.000000000000000000 ) ) ;
#3598 = DIRECTION ( 'NONE',  ( -1.000000000000000000, 0.000000000000000000, 0.000000000000000000 ) ) ;
#3599 = AXIS2_PLACEMENT_3D ( 'NONE', #5874, #941, #218 ) ;
#3600 = LINE ( 'NONE', #5172, #4155 ) ;
#3601 = DIRECTION ( 'NONE',  ( -1.000000000000000000, 0.000000000000000000, 0.000000000000000000 ) ) ;
#3602 = AXIS2_PLACEMENT_3D ( 'NONE', #3539, #5926, #882 ) ;
#3603 = DIRECTION ( 'NONE',  ( 0.000000000000000000, 1.000000000000000000, 0.000000000000000000 ) ) ;
#3604 = CYLINDRICAL_SURFACE ( 'NONE', #5202, 0.09999999999999982514 ) ;
#3605 = ORIENTED_EDGE ( 'NONE', *, *, #3899, .F. ) ;
#3606 = DIRECTION ( 'NONE',  ( 3.491481338843133750E-15, 1.577279855319301123E-30, -1.000000000000000000 ) ) ;
#3607 = LINE ( 'NONE', #172, #313 ) ;
#3608 = ORIENTED_EDGE ( 'NONE', *, *, #7014, .T. ) ;
#3609 = ADVANCED_FACE ( 'NONE', ( #1257 ), #5784, .F. ) ;
#3610 = LINE ( 'NONE', #4201, #3095 ) ;
#3611 = EDGE_CURVE ( 'NONE', #298, #5274, #3600, .T. ) ;
#3612 = VERTEX_POINT ( 'NONE', #1286 ) ;
#3613 = DIRECTION ( 'NONE',  ( -1.000000000000000000, 0.000000000000000000, 0.000000000000000000 ) ) ;
#3614 = VERTEX_POINT ( 'NONE', #6915 ) ;
#3615 = DIRECTION ( 'NONE',  ( 0.000000000000000000, -0.000000000000000000, 1.000000000000000000 ) ) ;
#3616 = ORIENTED_EDGE ( 'NONE', *, *, #2373, .T. ) ;
#3617 = DIRECTION ( 'NONE',  ( 0.000000000000000000, 0.000000000000000000, -1.000000000000000000 ) ) ;
#3618 = ADVANCED_FACE ( 'NONE', ( #2489 ), #955, .T. ) ;
#3619 = VERTEX_POINT ( 'NONE', #1835 ) ;
#3620 = CARTESIAN_POINT ( 'NONE',  ( -3.434143584298114060, -0.6992231866806457585, -3.433519246622004584 ) ) ;
#3621 = CARTESIAN_POINT ( 'NONE',  ( 3.700000000000018829, -1.874999999999997558, -5.371878022344834136 ) ) ;
#3622 = VERTEX_POINT ( 'NONE', #4611 ) ;
#3623 = ORIENTED_EDGE ( 'NONE', *, *, #3277, .F. ) ;
#3624 = DIRECTION ( 'NONE',  ( -0.000000000000000000, -0.000000000000000000, -1.000000000000000000 ) ) ;
#3625 = LINE ( 'NONE', #1184, #6638 ) ;
#3626 = DIRECTION ( 'NONE',  ( -1.000000000000000000, 0.000000000000000000, 0.000000000000000000 ) ) ;
#3627 = DIRECTION ( 'NONE',  ( 0.000000000000000000, 0.000000000000000000, -1.000000000000000000 ) ) ;
#3628 = CARTESIAN_POINT ( 'NONE',  ( -3.729129044202594390, -7.118438676232775819, -4.049999999999998934 ) ) ;
#3629 = LINE ( 'NONE', #2456, #2381 ) ;
#3630 = CARTESIAN_POINT ( 'NONE',  ( -3.000000000000000000, -3.000000000000000000, -3.100000000000000977 ) ) ;
#3631 = ORIENTED_EDGE ( 'NONE', *, *, #5835, .F. ) ;
#3632 = CARTESIAN_POINT ( 'NONE',  ( -3.300000000000016254, -4.336808689942017736E-16, -4.748279434898257101 ) ) ;
#3633 = CARTESIAN_POINT ( 'NONE',  ( 3.300000000000018474, -0.2052944619609988197, -5.371878022344844794 ) ) ;
#3634 = ORIENTED_EDGE ( 'NONE', *, *, #1775, .T. ) ;
#3635 = CARTESIAN_POINT ( 'NONE',  ( -3.700000000000002398, -3.500000000000000000, -0.5999999999999977573 ) ) ;
#3636 = VERTEX_POINT ( 'NONE', #6879 ) ;
#3637 = FACE_BOUND ( 'NONE', #6378, .T. ) ;
#3638 = ORIENTED_EDGE ( 'NONE', *, *, #2332, .T. ) ;
#3639 = CLOSED_SHELL ( 'NONE', ( #130, #4798, #1355, #1169, #6423, #1329, #1485, #3618, #7188, #3116, #5248, #1273, #6667, #380, #4049, #3108, #6069, #816, #5065, #3650, #1974, #4584, #2996, #4005, #725, #670, #6793, #5431, #947, #6169, #3687, #5398, #6463, #337, #903, #6912, #4141, #1059, #6828, #5040, #3881, #3663, #5705, #3487, #289, #2078, #2898, #1603, #3137, #6727, #5528, #3030, #3547, #6345, #5702, #2323, #7286, #4293, #6836, #1316, #3425, #4431, #2720, #6604, #4196, #4471, #1873, #6939, #110, #839, #6583, #4666, #312, #3609, #6680, #2400, #2631, #5617, #4530, #1647, #786, #272, #5187, #2668, #2123, #1937, #2386, #4519, #1279, #4741, #6851, #1856, #1156, #7002, #909, #6615, #95, #3347, #4308, #5911, #2219, #4576, #3873, #5781, #3223, #4650, #5173, #5850, #3062, #3409, #2415, #33, #3816, #129, #3703, #530, #6616, #6891, #2132, #190, #1781, #5426 ) ) ;
#3640 = DIRECTION ( 'NONE',  ( 1.000000000000000000, 0.000000000000000000, -3.491481338843133355E-15 ) ) ;
#3641 = EDGE_CURVE ( 'NONE', #6399, #1072, #4274, .T. ) ;
#3642 = ORIENTED_EDGE ( 'NONE', *, *, #1066, .F. ) ;
#3643 = CARTESIAN_POINT ( 'NONE',  ( 3.200000000000000622, 3.641112295930486776E-15, 0.4000000000000095701 ) ) ;
#3644 = CARTESIAN_POINT ( 'NONE',  ( -2.899999999999999467, -1.499999999999999112, -2.850000000000000089 ) ) ;
#3645 = VERTEX_POINT ( 'NONE', #5885 ) ;
#3646 = VECTOR ( 'NONE', #1289, 1000.000000000000000 ) ;
#3647 = ORIENTED_EDGE ( 'NONE', *, *, #968, .F. ) ;
#3648 = EDGE_CURVE ( 'NONE', #2749, #3028, #6324, .T. ) ;
#3649 = CARTESIAN_POINT ( 'NONE',  ( -3.424963227244800290, -1.000067653802886092, -3.853402706704910585 ) ) ;
#3650 = ADVANCED_FACE ( 'NONE', ( #1865 ), #5818, .T. ) ;
#3651 = CIRCLE ( 'NONE', #1540, 0.8999999999999998002 ) ;
#3652 = CARTESIAN_POINT ( 'NONE',  ( 3.700000000000016609, -1.637575289437058990, -5.231602688021017578 ) ) ;
#3653 = EDGE_CURVE ( 'NONE', #5744, #6064, #3795, .T. ) ;
#3654 = AXIS2_PLACEMENT_3D ( 'NONE', #6302, #1234, #4597 ) ;
#3655 = ORIENTED_EDGE ( 'NONE', *, *, #5478, .F. ) ;
#3656 = ORIENTED_EDGE ( 'NONE', *, *, #4858, .T. ) ;
#3657 = VERTEX_POINT ( 'NONE', #5455 ) ;
#3658 = AXIS2_PLACEMENT_3D ( 'NONE', #4521, #4065, #5074 ) ;
#3659 = DIRECTION ( 'NONE',  ( 0.000000000000000000, 1.000000000000000000, 0.000000000000000000 ) ) ;
#3660 = AXIS2_PLACEMENT_3D ( 'NONE', #7232, #5493, #451 ) ;
#3661 = CARTESIAN_POINT ( 'NONE',  ( -3.700000000000012168, -7.500000000000003553, -4.549999999999998934 ) ) ;
#3662 = CARTESIAN_POINT ( 'NONE',  ( -3.795015528100091462, -4.990031056200155746, -5.049999999999998934 ) ) ;
#3663 = ADVANCED_FACE ( 'NONE', ( #6054 ), #1457, .T. ) ;
#3664 = VECTOR ( 'NONE', #6061, 1000.000000000000000 ) ;
#3665 = CIRCLE ( 'NONE', #7107, 0.6250000000000001110 ) ;
#3666 = FACE_OUTER_BOUND ( 'NONE', #600, .T. ) ;
#3667 = DIRECTION ( 'NONE',  ( -0.3303504247281062178, -0.9438583563660173370, 0.000000000000000000 ) ) ;
#3668 = ORIENTED_EDGE ( 'NONE', *, *, #7041, .F. ) ;
#3669 = CARTESIAN_POINT ( 'NONE',  ( 6.729530725772113570E-15, -2.500000000000007550, -2.850000000000000089 ) ) ;
#3670 = FACE_OUTER_BOUND ( 'NONE', #2001, .T. ) ;
#3671 = FACE_OUTER_BOUND ( 'NONE', #6131, .T. ) ;
#3672 = ORIENTED_EDGE ( 'NONE', *, *, #4424, .T. ) ;
#3673 = EDGE_CURVE ( 'NONE', #3681, #5778, #3245, .T. ) ;
#3674 = AXIS2_PLACEMENT_3D ( 'NONE', #2913, #5683, #5098 ) ;
#3675 = DIRECTION ( 'NONE',  ( -1.000000000000000000, 0.000000000000000000, 0.000000000000000000 ) ) ;
#3676 = CARTESIAN_POINT ( 'NONE',  ( -3.200000000000000622, 2.195509399283147268E-15, 0.4000000000000095701 ) ) ;
#3677 = VERTEX_POINT ( 'NONE', #3196 ) ;
#3678 = VECTOR ( 'NONE', #3426, 1000.000000000000000 ) ;
#3679 = CYLINDRICAL_SURFACE ( 'NONE', #3459, 0.09999999999999982514 ) ;
#3680 = CARTESIAN_POINT ( 'NONE',  ( 3.000000000000001332, -2.999999999999998668, 0.4000000000000000222 ) ) ;
#3681 = VERTEX_POINT ( 'NONE', #2521 ) ;
#3682 = CARTESIAN_POINT ( 'NONE',  ( -2.299999999999999378, 1.674999999999999822, 0.6500000000000001332 ) ) ;
#3683 = DIRECTION ( 'NONE',  ( 0.000000000000000000, 1.000000000000000000, 0.000000000000000000 ) ) ;
#3684 = ORIENTED_EDGE ( 'NONE', *, *, #5370, .T. ) ;
#3685 = VECTOR ( 'NONE', #4010, 1000.000000000000000 ) ;
#3686 = DIRECTION ( 'NONE',  ( 0.000000000000000000, 0.000000000000000000, -1.000000000000000000 ) ) ;
#3687 = ADVANCED_FACE ( 'NONE', ( #4861 ), #921, .F. ) ;
#3688 = ORIENTED_EDGE ( 'NONE', *, *, #5126, .T. ) ;
#3689 = EDGE_CURVE ( 'NONE', #6270, #3614, #6066, .T. ) ;
#3690 = B_SPLINE_CURVE_WITH_KNOTS ( 'NONE', 3,
 ( #299, #1384, #1866, #1258, #6980, #810, #4191, #4652, #1902, #4159, #6448, #3045, #5302, #262, #3503, #2490 ),
 .UNSPECIFIED., .F., .F.,
 ( 4, 1, 1, 1, 1, 1, 1, 1, 1, 1, 1, 1, 1, 4 ),
 ( 0.000000000000000000, 0.06250000000000000000, 0.1250000000000000000, 0.1666666666666666574, 0.2500000000000000000, 0.3750000000000000000, 0.4444444444444444198, 0.5000000000000000000, 0.5555555555555555802, 0.6250000000000000000, 0.7500000000000000000, 0.8333333333333333703, 0.8750000000000000000, 1.000000000000000000 ),
 .UNSPECIFIED. ) ;
#3691 = CARTESIAN_POINT ( 'NONE',  ( -3.700000000000009948, -2.000000000000000444, -2.849999999999997424 ) ) ;
#3692 = LINE ( 'NONE', #6376, #4748 ) ;
#3693 = VECTOR ( 'NONE', #3257, 1000.000000000000000 ) ;
#3694 = ORIENTED_EDGE ( 'NONE', *, *, #2134, .F. ) ;
#3695 = CARTESIAN_POINT ( 'NONE',  ( 2.299999999999999378, -2.300000000000000266, 0.9000000000000001332 ) ) ;
#3696 = VERTEX_POINT ( 'NONE', #2686 ) ;
#3697 = ORIENTED_EDGE ( 'NONE', *, *, #2358, .T. ) ;
#3698 = CARTESIAN_POINT ( 'NONE',  ( -3.547570690241576674, -1.000035702924769954, -4.601671625963649426 ) ) ;
#3699 = CARTESIAN_POINT ( 'NONE',  ( 2.299999999999999822, -2.299999999999999822, 0.000000000000000000 ) ) ;
#3700 = ORIENTED_EDGE ( 'NONE', *, *, #5235, .T. ) ;
#3701 = EDGE_CURVE ( 'NONE', #902, #3026, #653, .T. ) ;
#3702 = ORIENTED_EDGE ( 'NONE', *, *, #4766, .T. ) ;
#3703 = ADVANCED_FACE ( 'NONE', ( #5371 ), #5972, .T. ) ;
#3704 = VERTEX_POINT ( 'NONE', #297 ) ;
#3705 = VECTOR ( 'NONE', #1277, 1000.000000000000000 ) ;
#3706 = FACE_OUTER_BOUND ( 'NONE', #4395, .T. ) ;
#3707 = CARTESIAN_POINT ( 'NONE',  ( 0.8499999999999999778, 1.683333333333333348, -2.799999999999999378 ) ) ;
#3708 = CARTESIAN_POINT ( 'NONE',  ( 3.700000000000012612, -3.499999999999998224, -3.049999999999999378 ) ) ;
#3709 =( GEOMETRIC_REPRESENTATION_CONTEXT ( 3 ) GLOBAL_UNCERTAINTY_ASSIGNED_CONTEXT ( ( #4276 ) ) GLOBAL_UNIT_ASSIGNED_CONTEXT ( ( #6837, #124, #7111 ) ) REPRESENTATION_CONTEXT ( 'NONE', 'WORKASPACE' ) );
#3710 = CIRCLE ( 'NONE', #5732, 0.09999999999999982514 ) ;
#3711 = B_SPLINE_CURVE_WITH_KNOTS ( 'NONE', 3,
 ( #1004, #4948, #4865, #4785, #4223, #3717, #1461, #6610, #459, #1533, #6569 ),
 .UNSPECIFIED., .F., .F.,
 ( 4, 1, 1, 1, 1, 1, 1, 1, 4 ),
 ( 0.000000000000000000, 0.0003168404827136673055, 0.0003737868504530693792, 0.0009967649345415184169, 0.001121360551359208355, 0.001245956168176898292, 0.001868934252265347330, 0.001925880620004749621, 0.002242721102718416709 ),
 .UNSPECIFIED. ) ;
#3712 = CARTESIAN_POINT ( 'NONE',  ( -2.899999999999999911, 2.500000000000000000, -3.100000000000000977 ) ) ;
#3713 = CARTESIAN_POINT ( 'NONE',  ( -1.450000000000000178, -1.499999999999999778, -2.850000000000000089 ) ) ;
#3714 = ORIENTED_EDGE ( 'NONE', *, *, #3174, .F. ) ;
#3715 = DIRECTION ( 'NONE',  ( -1.000000000000000000, 0.000000000000000000, 0.000000000000000000 ) ) ;
#3716 = EDGE_CURVE ( 'NONE', #4492, #4973, #1529, .T. ) ;
#3717 = CARTESIAN_POINT ( 'NONE',  ( -2.828233073500719286, -1.000000000000000444, -2.850000000000003642 ) ) ;
#3718 = DIRECTION ( 'NONE',  ( 0.000000000000000000, 0.000000000000000000, -1.000000000000000000 ) ) ;
#3719 = EDGE_LOOP ( 'NONE', ( #2742, #3480, #3845, #1816 ) ) ;
#3720 = VECTOR ( 'NONE', #3550, 1000.000000000000000 ) ;
#3721 = FACE_OUTER_BOUND ( 'NONE', #1022, .T. ) ;
#3722 = CARTESIAN_POINT ( 'NONE',  ( -3.300000000000016254, -8.673617379884035472E-16, -4.748279434898257101 ) ) ;
#3723 = ORIENTED_EDGE ( 'NONE', *, *, #2007, .F. ) ;
#3724 = AXIS2_PLACEMENT_3D ( 'NONE', #2973, #678, #5851 ) ;
#3725 = CARTESIAN_POINT ( 'NONE',  ( 2.299999999999998934, 2.300000000000000711, 0.4000000000000000222 ) ) ;
#3726 = LINE ( 'NONE', #1630, #551 ) ;
#3727 = ORIENTED_EDGE ( 'NONE', *, *, #660, .T. ) ;
#3728 = CARTESIAN_POINT ( 'NONE',  ( 2.300000000000000711, 2.636572800445907028, 0.9000000000000001332 ) ) ;
#3729 = DIRECTION ( 'NONE',  ( -1.000000000000000000, 0.000000000000000000, 0.000000000000000000 ) ) ;
#3730 = ORIENTED_EDGE ( 'NONE', *, *, #4939, .F. ) ;
#3731 = CARTESIAN_POINT ( 'NONE',  ( -3.300000000000014033, -7.286606874731848649, -4.549999999999998934 ) ) ;
#3732 = DIRECTION ( 'NONE',  ( -0.000000000000000000, -0.000000000000000000, -1.000000000000000000 ) ) ;
#3733 = ORIENTED_EDGE ( 'NONE', *, *, #6247, .F. ) ;
#3734 = EDGE_CURVE ( 'NONE', #2458, #4499, #1702, .T. ) ;
#3735 = CARTESIAN_POINT ( 'NONE',  ( -2.900000000000000355, 1.600000000000000089, -3.100000000000000977 ) ) ;
#3736 = DIRECTION ( 'NONE',  ( -5.330660681387031650E-15, -1.000000000000000000, -2.891205793294662451E-15 ) ) ;
#3737 = ORIENTED_EDGE ( 'NONE', *, *, #5078, .T. ) ;
#3738 = CARTESIAN_POINT ( 'NONE',  ( 0.8499999999999999778, 2.600000000000000533, -2.850000000000000089 ) ) ;
#3739 = ORIENTED_EDGE ( 'NONE', *, *, #152, .T. ) ;
#3740 = VERTEX_POINT ( 'NONE', #1414 ) ;
#3741 = ORIENTED_EDGE ( 'NONE', *, *, #2595, .F. ) ;
#3742 = DIRECTION ( 'NONE',  ( -1.000000000000000000, 0.000000000000000000, 0.000000000000000000 ) ) ;
#3743 = EDGE_CURVE ( 'NONE', #5832, #407, #3154, .T. ) ;
#3744 = CARTESIAN_POINT ( 'NONE',  ( 3.697235051735587863, -1.869900702525673308, -4.601303944796274692 ) ) ;
#3745 = ORIENTED_EDGE ( 'NONE', *, *, #5873, .T. ) ;
#3746 = PRODUCT_CONTEXT ( 'NONE', #1799, 'mechanical' ) ;
#3747 = VERTEX_POINT ( 'NONE', #2124 ) ;
#3748 = ORIENTED_EDGE ( 'NONE', *, *, #3501, .F. ) ;
#3749 = LINE ( 'NONE', #1109, #981 ) ;
#3750 = CARTESIAN_POINT ( 'NONE',  ( 2.299999999999999822, 2.299999999999999822, 0.6500000000000001332 ) ) ;
#3751 = LINE ( 'NONE', #3708, #7262 ) ;
#3752 = ADVANCED_FACE ( 'NONE', ( #3666 ), #1577, .F. ) ;
#3753 = EDGE_CURVE ( 'NONE', #6350, #4050, #4541, .T. ) ;
#3754 = DIRECTION ( 'NONE',  ( 0.000000000000000000, -1.000000000000000000, 0.000000000000000000 ) ) ;
#3755 = LINE ( 'NONE', #3198, #4462 ) ;
#3756 = VERTEX_POINT ( 'NONE', #4311 ) ;
#3757 = CARTESIAN_POINT ( 'NONE',  ( 3.200000000000000622, 3.641112295930486776E-15, 0.4000000000000095701 ) ) ;
#3758 = LINE ( 'NONE', #5376, #2474 ) ;
#3759 = DIRECTION ( 'NONE',  ( 1.000000000000000000, 0.000000000000000000, 0.000000000000000000 ) ) ;
#3760 = ORIENTED_EDGE ( 'NONE', *, *, #1267, .F. ) ;
#3761 = LINE ( 'NONE', #4397, #6644 ) ;
#3762 = DIRECTION ( 'NONE',  ( 0.000000000000000000, 1.000000000000000000, 0.000000000000000000 ) ) ;
#3763 = ADVANCED_FACE ( 'NONE', ( #4945 ), #1496, .T. ) ;
#3764 = VERTEX_POINT ( 'NONE', #7199 ) ;
#3765 = DIRECTION ( 'NONE',  ( 0.000000000000000000, 0.000000000000000000, 1.000000000000000000 ) ) ;
#3766 = DIRECTION ( 'NONE',  ( 0.000000000000000000, 0.000000000000000000, 1.000000000000000000 ) ) ;
#3767 = ORIENTED_EDGE ( 'NONE', *, *, #6455, .F. ) ;
#3768 = CARTESIAN_POINT ( 'NONE',  ( -3.746809205874642501, -5.788045602749174456, -4.049999999999998934 ) ) ;
#3769 = DIRECTION ( 'NONE',  ( -1.000000000000000000, 0.000000000000000000, 0.000000000000000000 ) ) ;
#3770 = ORIENTED_EDGE ( 'NONE', *, *, #2351, .F. ) ;
#3771 = FACE_OUTER_BOUND ( 'NONE', #6004, .T. ) ;
#3772 = ORIENTED_EDGE ( 'NONE', *, *, #3641, .F. ) ;
#3773 = DIRECTION ( 'NONE',  ( -4.517509052022934484E-16, 1.000000000000000000, 0.000000000000000000 ) ) ;
#3774 = FACE_OUTER_BOUND ( 'NONE', #5084, .T. ) ;
#3775 = ORIENTED_EDGE ( 'NONE', *, *, #2447, .F. ) ;
#3776 = CARTESIAN_POINT ( 'NONE',  ( 3.300000000000017142, -7.286606874731847761, -5.049999999999999822 ) ) ;
#3777 = VERTEX_POINT ( 'NONE', #3712 ) ;
#3778 = VERTEX_POINT ( 'NONE', #4350 ) ;
#3779 = EDGE_CURVE ( 'NONE', #4525, #1680, #4389, .T. ) ;
#3780 = VERTEX_POINT ( 'NONE', #1155 ) ;
#3781 = CARTESIAN_POINT ( 'NONE',  ( 2.243176908590702025E-15, 2.500000000000002665, -2.850000000000000089 ) ) ;
#3782 = CARTESIAN_POINT ( 'NONE',  ( 3.434143584298114504, -0.6992231866806443152, -3.433519246622004584 ) ) ;
#3783 = EDGE_LOOP ( 'NONE', ( #5403, #6935, #2500, #1272 ) ) ;
#3784 =( GEOMETRIC_REPRESENTATION_CONTEXT ( 3 ) GLOBAL_UNCERTAINTY_ASSIGNED_CONTEXT ( ( #5762 ) ) GLOBAL_UNIT_ASSIGNED_CONTEXT ( ( #1195, #3378, #6229 ) ) REPRESENTATION_CONTEXT ( 'NONE', 'WORKASPACE' ) );
#3785 = ORIENTED_EDGE ( 'NONE', *, *, #88, .F. ) ;
#3786 = ORIENTED_EDGE ( 'NONE', *, *, #5782, .T. ) ;
#3787 = DIRECTION ( 'NONE',  ( 0.4472135954999583718, -0.8944271909999157444, 0.000000000000000000 ) ) ;
#3788 = LINE ( 'NONE', #836, #1095 ) ;
#3789 = VECTOR ( 'NONE', #575, 1000.000000000000000 ) ;
#3790 = VECTOR ( 'NONE', #3249, 1000.000000000000000 ) ;
#3791 = CARTESIAN_POINT ( 'NONE',  ( -3.700000000000014388, -3.500000000000000000, -4.049999999999998934 ) ) ;
#3792 = EDGE_CURVE ( 'NONE', #318, #6717, #1077, .T. ) ;
#3793 = ADVANCED_FACE ( 'NONE', ( #92 ), #4579, .T. ) ;
#3794 = AXIS2_PLACEMENT_3D ( 'NONE', #4283, #3857, #6708 ) ;
#3795 = LINE ( 'NONE', #2597, #7244 ) ;
#3796 = AXIS2_PLACEMENT_3D ( 'NONE', #2336, #5639, #7264 ) ;
#3797 = CARTESIAN_POINT ( 'NONE',  ( -1.408578643762689930, -1.541421356237309359, -3.200000000000000622 ) ) ;
#3798 = CARTESIAN_POINT ( 'NONE',  ( 1.050000000000000044, -2.900000000000000355, -2.850000000000000089 ) ) ;
#3799 = CARTESIAN_POINT ( 'NONE',  ( -3.751540677934134482, -5.866400601998986275, -5.049999999999998934 ) ) ;
#3800 = CARTESIAN_POINT ( 'NONE',  ( 3.700000000000021938, -0.4999999999999986122, -6.049999999999997158 ) ) ;
#3801 = ORIENTED_EDGE ( 'NONE', *, *, #1033, .F. ) ;
#3802 = CARTESIAN_POINT ( 'NONE',  ( -1.350000000000000089, 3.000000000000000000, -2.850000000000000089 ) ) ;
#3803 = CIRCLE ( 'NONE', #2487, 0.6250000000000001110 ) ;
#3804 = CIRCLE ( 'NONE', #5320, 0.6250000000000001110 ) ;
#3805 = CARTESIAN_POINT ( 'NONE',  ( -3.000000000000000000, -3.000000000000000000, -3.100000000000000977 ) ) ;
#3806 = ORIENTED_EDGE ( 'NONE', *, *, #3275, .F. ) ;
#3807 = DIRECTION ( 'NONE',  ( -0.000000000000000000, -0.000000000000000000, -1.000000000000000000 ) ) ;
#3808 = ADVANCED_FACE ( 'NONE', ( #2721 ), #3882, .F. ) ;
#3809 = CARTESIAN_POINT ( 'NONE',  ( 1.350000000000000089, -2.900000000000000355, -3.100000000000000977 ) ) ;
#3810 = AXIS2_PLACEMENT_3D ( 'NONE', #5754, #2942, #710 ) ;
#3811 = ORIENTED_EDGE ( 'NONE', *, *, #215, .T. ) ;
#3812 = VECTOR ( 'NONE', #6257, 1000.000000000000000 ) ;
#3813 = CARTESIAN_POINT ( 'NONE',  ( 2.876494900217184458, -1.262712082465007102, -2.850000000000002753 ) ) ;
#3814 = CARTESIAN_POINT ( 'NONE',  ( 0.8499999999999999778, 2.600000000000000533, -2.650000000000000355 ) ) ;
#3815 = CARTESIAN_POINT ( 'NONE',  ( -2.299999999999999822, 2.299999999999999822, 0.6500000000000001332 ) ) ;
#3816 = ADVANCED_FACE ( 'NONE', ( #2212 ), #4433, .T. ) ;
#3817 = LINE ( 'NONE', #7136, #4981 ) ;
#3818 = DIRECTION ( 'NONE',  ( 0.000000000000000000, 0.000000000000000000, -1.000000000000000000 ) ) ;
#3819 = AXIS2_PLACEMENT_3D ( 'NONE', #3140, #1401, #5394 ) ;
#3820 = ORIENTED_EDGE ( 'NONE', *, *, #2359, .T. ) ;
#3821 = DIRECTION ( 'NONE',  ( -0.000000000000000000, -0.000000000000000000, -1.000000000000000000 ) ) ;
#3822 = LINE ( 'NONE', #6080, #4546 ) ;
#3823 = EDGE_LOOP ( 'NONE', ( #5669, #756, #4286, #478, #4084 ) ) ;
#3824 = DIRECTION ( 'NONE',  ( 0.000000000000000000, 0.000000000000000000, 1.000000000000000000 ) ) ;
#3825 = ORIENTED_EDGE ( 'NONE', *, *, #2250, .F. ) ;
#3826 = ORIENTED_EDGE ( 'NONE', *, *, #6081, .F. ) ;
#3827 = VECTOR ( 'NONE', #4644, 1000.000000000000000 ) ;
#3828 = CARTESIAN_POINT ( 'NONE',  ( -3.700000000000016609, -4.336808689942015764E-16, -5.231773687770122194 ) ) ;
#3829 = CARTESIAN_POINT ( 'NONE',  ( 3.271231102873039198, -1.000102920069422696, -3.060156501862067557 ) ) ;
#3830 = ORIENTED_EDGE ( 'NONE', *, *, #4643, .F. ) ;
#3831 = AXIS2_PLACEMENT_3D ( 'NONE', #6363, #4168, #307 ) ;
#3832 = ORIENTED_EDGE ( 'NONE', *, *, #5829, .F. ) ;
#3833 = ORIENTED_EDGE ( 'NONE', *, *, #5281, .F. ) ;
#3834 = CARTESIAN_POINT ( 'NONE',  ( -2.900000000000000355, 2.400000000000000355, -3.100000000000000977 ) ) ;
#3835 = LINE ( 'NONE', #1151, #5319 ) ;
#3836 = AXIS2_PLACEMENT_3D ( 'NONE', #5271, #4092, #742 ) ;
#3837 = CARTESIAN_POINT ( 'NONE',  ( -1.350000000000000089, 2.400000000000003908, -3.200000000000000622 ) ) ;
#3838 = EDGE_CURVE ( 'NONE', #5771, #434, #5535, .T. ) ;
#3839 = VECTOR ( 'NONE', #774, 1000.000000000000114 ) ;
#3840 = CARTESIAN_POINT ( 'NONE',  ( -1.149999999999999911, -2.900000000000000355, -2.850000000000000089 ) ) ;
#3841 = CARTESIAN_POINT ( 'NONE',  ( -2.925000000000000266, 2.299999999999999822, 0.000000000000000000 ) ) ;
#3842 = CARTESIAN_POINT ( 'NONE',  ( -1.149999999999999911, 2.900000000000000355, -2.850000000000000089 ) ) ;
#3843 = CARTESIAN_POINT ( 'NONE',  ( -2.600000000000000533, -7.500000000000000000, -1.900000000000000133 ) ) ;
#3844 = CARTESIAN_POINT ( 'NONE',  ( -4.600000000000014744, -4.587538820250191662, -5.049999999999998934 ) ) ;
#3845 = ORIENTED_EDGE ( 'NONE', *, *, #3989, .F. ) ;
#3846 = FACE_OUTER_BOUND ( 'NONE', #2414, .T. ) ;
#3847 = EDGE_CURVE ( 'NONE', #4050, #5956, #6806, .T. ) ;
#3848 = AXIS2_PLACEMENT_3D ( 'NONE', #4020, #5747, #703 ) ;
#3849 = CARTESIAN_POINT ( 'NONE',  ( 2.299999999999999822, -2.299999999999999822, 0.9000000000000001332 ) ) ;
#3850 = LINE ( 'NONE', #378, #4742 ) ;
#3851 = CARTESIAN_POINT ( 'NONE',  ( 1.674999999999999822, -2.299999999999999822, 0.000000000000000000 ) ) ;
#3852 = VECTOR ( 'NONE', #1162, 1000.000000000000000 ) ;
#3853 = ORIENTED_EDGE ( 'NONE', *, *, #705, .F. ) ;
#3854 = CARTESIAN_POINT ( 'NONE',  ( -2.299999999999999822, 2.299999999999999822, 0.9000000000000001332 ) ) ;
#3855 = CARTESIAN_POINT ( 'NONE',  ( 3.000000000000000000, -3.000000000000000000, 0.000000000000000000 ) ) ;
#3856 = ORIENTED_EDGE ( 'NONE', *, *, #266, .T. ) ;
#3857 = DIRECTION ( 'NONE',  ( -2.602085213965209064E-15, 1.734723475976804333E-15, 1.000000000000000000 ) ) ;
#3858 = LINE ( 'NONE', #348, #5831 ) ;
#3859 = EDGE_CURVE ( 'NONE', #3764, #5741, #1655, .T. ) ;
#3860 = AXIS2_PLACEMENT_3D ( 'NONE', #3691, #6544, #7101 ) ;
#3861 = ORIENTED_EDGE ( 'NONE', *, *, #3874, .F. ) ;
#3862 = EDGE_CURVE ( 'NONE', #4883, #790, #5648, .T. ) ;
#3863 = FACE_OUTER_BOUND ( 'NONE', #6227, .T. ) ;
#3864 = CARTESIAN_POINT ( 'NONE',  ( -1.899999999999999689, 3.100000000000000089, -2.200000000000000178 ) ) ;
#3865 = ORIENTED_EDGE ( 'NONE', *, *, #4238, .F. ) ;
#3866 = LINE ( 'NONE', #398, #1307 ) ;
#3867 = ORIENTED_EDGE ( 'NONE', *, *, #4025, .T. ) ;
#3868 = ORIENTED_EDGE ( 'NONE', *, *, #7266, .T. ) ;
#3869 = AXIS2_PLACEMENT_3D ( 'NONE', #111, #6299, #5115 ) ;
#3870 = CARTESIAN_POINT ( 'NONE',  ( -3.674349783048587614, -0.2166260169596228025, -3.060156501862068446 ) ) ;
#3871 = CARTESIAN_POINT ( 'NONE',  ( 3.700000000000018829, -0.7129629629629617993, -5.371878022344836801 ) ) ;
#3872 = VERTEX_POINT ( 'NONE', #7279 ) ;
#3873 = ADVANCED_FACE ( 'NONE', ( #3398 ), #643, .T. ) ;
#3874 = EDGE_CURVE ( 'NONE', #7057, #2990, #3993, .T. ) ;
#3875 = ORIENTED_EDGE ( 'NONE', *, *, #5339, .T. ) ;
#3876 = EDGE_LOOP ( 'NONE', ( #5869, #1081, #1058, #3023 ) ) ;
#3877 = CYLINDRICAL_SURFACE ( 'NONE', #2274, 0.6250000000000001110 ) ;
#3878 = DIRECTION ( 'NONE',  ( -3.252606517456512119E-15, -0.000000000000000000, -1.000000000000000000 ) ) ;
#3879 = CARTESIAN_POINT ( 'NONE',  ( -2.299999999999999822, -1.963427199554093061, 0.9000000000000001332 ) ) ;
#3880 = EDGE_CURVE ( 'NONE', #4800, #2897, #3917, .T. ) ;
#3881 = ADVANCED_FACE ( 'NONE', ( #2801 ), #1186, .F. ) ;
#3882 = CYLINDRICAL_SURFACE ( 'NONE', #5467, 0.5000000000000017764 ) ;
#3883 = CARTESIAN_POINT ( 'NONE',  ( 3.300000000000010036, 1.074932447809027039E-15, -2.849999999999999201 ) ) ;
#3884 = CARTESIAN_POINT ( 'NONE',  ( -2.299999999999999822, -2.299999999999999822, 0.4000000000000000222 ) ) ;
#3885 = CARTESIAN_POINT ( 'NONE',  ( 2.900000000000000799, -2.399999999999999467, -3.100000000000000977 ) ) ;
#3886 = DIRECTION ( 'NONE',  ( 1.000000000000000000, 6.938893903907227392E-16, 0.000000000000000000 ) ) ;
#3887 = VERTEX_POINT ( 'NONE', #2245 ) ;
#3888 = DIRECTION ( 'NONE',  ( 0.000000000000000000, 1.000000000000000000, 0.000000000000000000 ) ) ;
#3889 = DIRECTION ( 'NONE',  ( -6.071532165918840608E-15, -1.000000000000000000, 0.000000000000000000 ) ) ;
#3890 = DIRECTION ( 'NONE',  ( -1.000000000000000000, 0.000000000000000000, 0.000000000000000000 ) ) ;
#3891 = DIRECTION ( 'NONE',  ( -1.000000000000000000, -4.486353817181400106E-16, 0.000000000000000000 ) ) ;
#3892 = ORIENTED_EDGE ( 'NONE', *, *, #1591, .F. ) ;
#3893 = FACE_OUTER_BOUND ( 'NONE', #6094, .T. ) ;
#3894 = DIRECTION ( 'NONE',  ( -0.000000000000000000, -1.000000000000000000, -0.000000000000000000 ) ) ;
#3895 = EDGE_CURVE ( 'NONE', #5954, #2654, #4504, .T. ) ;
#3896 = CARTESIAN_POINT ( 'NONE',  ( -3.300000000000010481, -4.000000000000000000, -3.050000000000000711 ) ) ;
#3897 = DIRECTION ( 'NONE',  ( 0.000000000000000000, 0.000000000000000000, 1.000000000000000000 ) ) ;
#3898 = ORIENTED_EDGE ( 'NONE', *, *, #5533, .T. ) ;
#3899 = EDGE_CURVE ( 'NONE', #4492, #4118, #6216, .T. ) ;
#3900 = EDGE_CURVE ( 'NONE', #5741, #6170, #2285, .T. ) ;
#3901 = FACE_OUTER_BOUND ( 'NONE', #3341, .T. ) ;
#3902 = LINE ( 'NONE', #5433, #1575 ) ;
#3903 = ORIENTED_EDGE ( 'NONE', *, *, #5605, .T. ) ;
#3904 = PLANE ( 'NONE',  #269 ) ;
#3905 = EDGE_LOOP ( 'NONE', ( #5586, #2234, #2189, #4792 ) ) ;
#3906 = ORIENTED_EDGE ( 'NONE', *, *, #5970, .F. ) ;
#3907 = FACE_OUTER_BOUND ( 'NONE', #3823, .T. ) ;
#3908 = CARTESIAN_POINT ( 'NONE',  ( 3.700000000000020162, -1.287037037037036757, -5.371878022344836801 ) ) ;
#3909 = EDGE_LOOP ( 'NONE', ( #4754, #2011, #6790, #1198 ) ) ;
#3910 = ADVANCED_FACE ( 'NONE', ( #1043 ), #3285, .T. ) ;
#3911 = VERTEX_POINT ( 'NONE', #5230 ) ;
#3912 = ORIENTED_EDGE ( 'NONE', *, *, #631, .T. ) ;
#3913 = LINE ( 'NONE', #6688, #4737 ) ;
#3914 = CARTESIAN_POINT ( 'NONE',  ( -2.876494900217184458, -1.262712082465008434, -2.990104334574713807 ) ) ;
#3915 = EDGE_CURVE ( 'NONE', #5661, #2543, #1440, .T. ) ;
#3916 = CARTESIAN_POINT ( 'NONE',  ( 0.000000000000000000, 0.000000000000000000, 0.4000000000000000222 ) ) ;
#3917 = LINE ( 'NONE', #3363, #284 ) ;
#3918 = CARTESIAN_POINT ( 'NONE',  ( -3.550000000000002931, 1.674999999999999378, 0.6499999999999999112 ) ) ;
#3919 = DIRECTION ( 'NONE',  ( -1.000000000000000000, -4.517509052022934484E-16, -3.491481338843133355E-15 ) ) ;
#3920 = CONICAL_SURFACE ( 'NONE', #6868, 1.750000000000000000, 0.02268928027592633651 ) ;
#3921 = CARTESIAN_POINT ( 'NONE',  ( -2.299999999999999822, 2.299999999999999822, 0.9000000000000001332 ) ) ;
#3922 = VERTEX_POINT ( 'NONE', #191 ) ;
#3923 = CARTESIAN_POINT ( 'NONE',  ( 3.300000000000015810, 2.600000000000000533, -4.748279434898257101 ) ) ;
#3924 = LINE ( 'NONE', #6700, #3382 ) ;
#3925 = AXIS2_PLACEMENT_3D ( 'NONE', #3661, #1993, #7195 ) ;
#3926 = AXIS2_PLACEMENT_3D ( 'NONE', #6665, #383, #5388 ) ;
#3927 = DIRECTION ( 'NONE',  ( 2.093631781351319655E-15, -1.000000000000000000, 0.000000000000000000 ) ) ;
#3928 = PLANE ( 'NONE',  #293 ) ;
#3929 = ORIENTED_EDGE ( 'NONE', *, *, #5505, .F. ) ;
#3930 = CARTESIAN_POINT ( 'NONE',  ( -2.925000000000000266, -2.299999999999999822, 0.4000000000000000222 ) ) ;
#3931 = DIRECTION ( 'NONE',  ( 0.000000000000000000, 0.000000000000000000, -1.000000000000000000 ) ) ;
#3932 = DIRECTION ( 'NONE',  ( -0.000000000000000000, -0.000000000000000000, -1.000000000000000000 ) ) ;
#3933 = MECHANICAL_DESIGN_GEOMETRIC_PRESENTATION_REPRESENTATION (  '', ( #5797 ), #268 ) ;
#3934 = CARTESIAN_POINT ( 'NONE',  ( 1.674999999999999822, 2.299999999999999822, 0.000000000000000000 ) ) ;
#3935 = VECTOR ( 'NONE', #5921, 1000.000000000000000 ) ;
#3936 = CARTESIAN_POINT ( 'NONE',  ( 2.973594834911661433, -1.261920429878151007, -3.363715893440616611 ) ) ;
#3937 = ORIENTED_EDGE ( 'NONE', *, *, #5939, .T. ) ;
#3938 = VECTOR ( 'NONE', #200, 1000.000000000000000 ) ;
#3939 = LINE ( 'NONE', #4333, #5259 ) ;
#3940 = DIRECTION ( 'NONE',  ( -1.000000000000000000, 0.000000000000000000, 0.000000000000000000 ) ) ;
#3941 = ORIENTED_EDGE ( 'NONE', *, *, #5665, .T. ) ;
#3942 = DIRECTION ( 'NONE',  ( -0.3363363969981563173, -0.9417419115948373332, 0.000000000000000000 ) ) ;
#3943 = ORIENTED_EDGE ( 'NONE', *, *, #7084, .T. ) ;
#3944 = ORIENTED_EDGE ( 'NONE', *, *, #5293, .F. ) ;
#3945 = AXIS2_PLACEMENT_3D ( 'NONE', #7016, #260, #4714 ) ;
#3946 = CARTESIAN_POINT ( 'NONE',  ( -2.075000000000000178, -8.000000000000000000, -1.900000000000000133 ) ) ;
#3947 = CARTESIAN_POINT ( 'NONE',  ( 3.545654243167450481, -0.7049998006469672118, -4.274269661123265784 ) ) ;
#3948 = ORIENTED_EDGE ( 'NONE', *, *, #1168, .T. ) ;
#3949 = VECTOR ( 'NONE', #366, 1000.000000000000000 ) ;
#3950 = ORIENTED_EDGE ( 'NONE', *, *, #2635, .F. ) ;
#3951 = DIRECTION ( 'NONE',  ( 1.000000000000000000, 0.000000000000000000, -3.491481338843133355E-15 ) ) ;
#3952 = DIRECTION ( 'NONE',  ( -0.000000000000000000, -0.000000000000000000, -1.000000000000000000 ) ) ;
#3953 = CARTESIAN_POINT ( 'NONE',  ( -3.670320304398590139, -1.750498639517153343, -3.854076363850396536 ) ) ;
#3954 = CIRCLE ( 'NONE', #4751, 0.09999999999999982514 ) ;
#3955 = EDGE_CURVE ( 'NONE', #6125, #6036, #1250, .T. ) ;
#3956 = ADVANCED_FACE ( 'NONE', ( #5166 ), #706, .T. ) ;
#3957 = CARTESIAN_POINT ( 'NONE',  ( -0.8499999999999999778, -0.4333333333333333481, -2.750000000000000000 ) ) ;
#3958 = DIRECTION ( 'NONE',  ( 4.517509052022934484E-16, -1.000000000000000000, 0.000000000000000000 ) ) ;
#3959 = DIRECTION ( 'NONE',  ( -1.000000000000000000, 1.495451272393800528E-16, 0.000000000000000000 ) ) ;
#3960 = VECTOR ( 'NONE', #3287, 1000.000000000000000 ) ;
#3961 = DIRECTION ( 'NONE',  ( 4.517509052022934484E-16, -1.000000000000000000, 0.000000000000000000 ) ) ;
#3962 = FACE_OUTER_BOUND ( 'NONE', #4290, .T. ) ;
#3963 = CYLINDRICAL_SURFACE ( 'NONE', #1470, 0.09999999999999982514 ) ;
#3964 = AXIS2_PLACEMENT_3D ( 'NONE', #4470, #1076, #1693 ) ;
#3965 = CARTESIAN_POINT ( 'NONE',  ( -1.450000000000000178, 0.000000000000000000, -2.850000000000000089 ) ) ;
#3966 = EDGE_CURVE ( 'NONE', #4415, #5477, #7007, .T. ) ;
#3967 = FILL_AREA_STYLE ('',( #31 ) ) ;
#3968 = VERTEX_POINT ( 'NONE', #7102 ) ;
#3969 = CARTESIAN_POINT ( 'NONE',  ( -0.8499999999999999778, 1.683333333333333348, -2.799999999999999378 ) ) ;
#3970 = CARTESIAN_POINT ( 'NONE',  ( 0.000000000000000000, 0.000000000000000000, 7.300000000000000711 ) ) ;
#3971 = AXIS2_PLACEMENT_3D ( 'NONE', #5768, #4495, #47 ) ;
#3972 = DIRECTION ( 'NONE',  ( 8.673617379884049672E-15, 1.000000000000000000, 0.000000000000000000 ) ) ;
#3973 = CARTESIAN_POINT ( 'NONE',  ( 3.121833710861380062, -1.504153465084880015, -2.849999999999999645 ) ) ;
#3974 = ORIENTED_EDGE ( 'NONE', *, *, #2314, .T. ) ;
#3975 = VECTOR ( 'NONE', #2218, 1000.000000000000000 ) ;
#3976 = PLANE ( 'NONE',  #213 ) ;
#3977 = CARTESIAN_POINT ( 'NONE',  ( -2.900000000000000355, 1.600000000000000089, -2.850000000000000089 ) ) ;
#3978 = ORIENTED_EDGE ( 'NONE', *, *, #4790, .F. ) ;
#3979 = FACE_OUTER_BOUND ( 'NONE', #1847, .T. ) ;
#3980 = ORIENTED_EDGE ( 'NONE', *, *, #5306, .F. ) ;
#3981 = EDGE_LOOP ( 'NONE', ( #3694, #1142, #3393, #119 ) ) ;
#3982 = VECTOR ( 'NONE', #5697, 1000.000000000000000 ) ;
#3983 = CARTESIAN_POINT ( 'NONE',  ( -3.700000000000010836, -4.000000000000000000, -3.049999999999999378 ) ) ;
#3984 = EDGE_CURVE ( 'NONE', #4702, #1876, #7063, .T. ) ;
#3985 = CARTESIAN_POINT ( 'NONE',  ( 3.612008547451134088, -0.3776914841118527155, -3.433741125930354077 ) ) ;
#3986 = EDGE_LOOP ( 'NONE', ( #5523, #7006, #4961, #6992, #3172 ) ) ;
#3987 = CARTESIAN_POINT ( 'NONE',  ( 3.700000000000010836, 1.460043481138425801E-15, -3.854081064452110184 ) ) ;
#3988 = VECTOR ( 'NONE', #7119, 1000.000000000000000 ) ;
#3989 = EDGE_CURVE ( 'NONE', #1336, #3134, #5894, .T. ) ;
#3990 = ORIENTED_EDGE ( 'NONE', *, *, #3405, .T. ) ;
#3991 = FACE_OUTER_BOUND ( 'NONE', #875, .T. ) ;
#3992 = CARTESIAN_POINT ( 'NONE',  ( -3.470176658158760752, -1.463507788113294961, -2.850000000000000977 ) ) ;
#3993 = LINE ( 'NONE', #1621, #2756 ) ;
#3994 = DIRECTION ( 'NONE',  ( -1.000000000000000000, -8.673617379884032317E-15, -0.000000000000000000 ) ) ;
#3995 = CARTESIAN_POINT ( 'NONE',  ( 2.300000000000000711, -2.299999999999998934, 0.000000000000000000 ) ) ;
#3996 = CARTESIAN_POINT ( 'NONE',  ( 1.800000000000000266, 2.204364238465236069E-16, 0.000000000000000000 ) ) ;
#3997 = EDGE_CURVE ( 'NONE', #1483, #318, #1981, .T. ) ;
#3998 = LINE ( 'NONE', #6284, #6298 ) ;
#3999 = EDGE_CURVE ( 'NONE', #546, #5358, #3692, .T. ) ;
#4000 = LINE ( 'NONE', #2175, #3975 ) ;
#4001 = LINE ( 'NONE', #6255, #2284 ) ;
#4002 = FACE_OUTER_BOUND ( 'NONE', #2537, .T. ) ;
#4003 = FACE_OUTER_BOUND ( 'NONE', #5865, .T. ) ;
#4004 = CARTESIAN_POINT ( 'NONE',  ( -1.450000000000000178, -2.500000000000003109, -3.100000000000000977 ) ) ;
#4005 = ADVANCED_FACE ( 'NONE', ( #4054 ), #6278, .T. ) ;
#4006 = EDGE_CURVE ( 'NONE', #4072, #5029, #6906, .T. ) ;
#4007 = CARTESIAN_POINT ( 'NONE',  ( 3.135054598115170066, -0.7393959462822986550, -4.391147680321848767 ) ) ;
#4008 = VERTEX_POINT ( 'NONE', #2907 ) ;
#4009 = LINE ( 'NONE', #5636, #3274 ) ;
#4010 = DIRECTION ( 'NONE',  ( -4.517509052022934484E-16, 1.000000000000000000, 0.000000000000000000 ) ) ;
#4011 = VERTEX_POINT ( 'NONE', #2936 ) ;
#4012 = CARTESIAN_POINT ( 'NONE',  ( 0.8499999999999999778, 2.600000000000000533, -2.799999999999999378 ) ) ;
#4013 = ORIENTED_EDGE ( 'NONE', *, *, #1844, .T. ) ;
#4014 = FACE_OUTER_BOUND ( 'NONE', #441, .T. ) ;
#4015 = ORIENTED_EDGE ( 'NONE', *, *, #5293, .T. ) ;
#4016 = LINE ( 'NONE', #3421, #3013 ) ;
#4017 = EDGE_CURVE ( 'NONE', #1336, #2464, #2161, .T. ) ;
#4018 = ORIENTED_EDGE ( 'NONE', *, *, #5382, .T. ) ;
#4019 = CARTESIAN_POINT ( 'NONE',  ( -3.300000000000015810, -4.336808689942017736E-16, -4.391147680321848767 ) ) ;
#4020 = CARTESIAN_POINT ( 'NONE',  ( 2.299999999999999822, 2.299999999999999822, 0.000000000000000000 ) ) ;
#4021 = CARTESIAN_POINT ( 'NONE',  ( -1.149999999999999911, -2.900000000000000355, -3.200000000000000622 ) ) ;
#4022 = DIRECTION ( 'NONE',  ( 0.000000000000000000, 0.000000000000000000, 1.000000000000000000 ) ) ;
#4023 = DIRECTION ( 'NONE',  ( 0.000000000000000000, 0.000000000000000000, 1.000000000000000000 ) ) ;
#4024 = CARTESIAN_POINT ( 'NONE',  ( 1.450000000000000178, -1.499999999999999778, -2.850000000000000089 ) ) ;
#4025 = EDGE_CURVE ( 'NONE', #3614, #6270, #1568, .T. ) ;
#4026 = CARTESIAN_POINT ( 'NONE',  ( -1.149999999999999911, 2.900000000000000355, -3.100000000000000977 ) ) ;
#4027 = CYLINDRICAL_SURFACE ( 'NONE', #3564, 0.09999999999999982514 ) ;
#4028 = FACE_OUTER_BOUND ( 'NONE', #1726, .T. ) ;
#4029 = DIRECTION ( 'NONE',  ( -1.393553005160055722E-15, 0.9615239476408233843, 0.2747211278973775705 ) ) ;
#4030 = DIRECTION ( 'NONE',  ( 0.000000000000000000, 0.000000000000000000, -1.000000000000000000 ) ) ;
#4031 = AXIS2_PLACEMENT_3D ( 'NONE', #1158, #1798, #6911 ) ;
#4032 = AXIS2_PLACEMENT_3D ( 'NONE', #1016, #5987, #310 ) ;
#4033 = CARTESIAN_POINT ( 'NONE',  ( 3.162683124596869622, -0.4971635526126190752, -3.363715893440616611 ) ) ;
#4034 = ORIENTED_EDGE ( 'NONE', *, *, #501, .T. ) ;
#4035 = EDGE_CURVE ( 'NONE', #4230, #3756, #2380, .T. ) ;
#4036 = CARTESIAN_POINT ( 'NONE',  ( -3.795015528100090574, -4.990031056200155746, -4.049999999999998934 ) ) ;
#4037 = FACE_OUTER_BOUND ( 'NONE', #626, .T. ) ;
#4038 = EDGE_CURVE ( 'NONE', #2154, #6410, #4086, .T. ) ;
#4039 = AXIS2_PLACEMENT_3D ( 'NONE', #5590, #2813, #616 ) ;
#4040 = ORIENTED_EDGE ( 'NONE', *, *, #6015, .F. ) ;
#4041 = AXIS2_PLACEMENT_3D ( 'NONE', #5555, #1442, #1028 ) ;
#4042 = CYLINDRICAL_SURFACE ( 'NONE', #3796, 0.09999999999999982514 ) ;
#4043 = ORIENTED_EDGE ( 'NONE', *, *, #4538, .F. ) ;
#4044 = CARTESIAN_POINT ( 'NONE',  ( -2.299999999999999822, 2.299999999999999822, 0.4000000000000000222 ) ) ;
#4045 = AXIS2_PLACEMENT_3D ( 'NONE', #5862, #6657, #3675 ) ;
#4046 = CIRCLE ( 'NONE', #5783, 0.6250000000000001110 ) ;
#4047 = ORIENTED_EDGE ( 'NONE', *, *, #4424, .F. ) ;
#4048 = CARTESIAN_POINT ( 'NONE',  ( 3.700000000000018385, -0.08660584626043085765, -4.601304182183914904 ) ) ;
#4049 = ADVANCED_FACE ( 'NONE', ( #3523 ), #733, .F. ) ;
#4050 = VERTEX_POINT ( 'NONE', #4116 ) ;
#4051 = VECTOR ( 'NONE', #1012, 1000.000000000000000 ) ;
#4052 = CARTESIAN_POINT ( 'NONE',  ( -3.291664351028913416, -1.795695373969850239, -4.391147680321848767 ) ) ;
#4053 = CARTESIAN_POINT ( 'NONE',  ( -3.685051546484062079, -1.635703364144518668, -5.021554705230492743 ) ) ;
#4054 = FACE_OUTER_BOUND ( 'NONE', #5231, .T. ) ;
#4055 = CARTESIAN_POINT ( 'NONE',  ( -2.300000000000001599, 2.300000000000000266, 0.9000000000000003553 ) ) ;
#4056 = DIRECTION ( 'NONE',  ( -1.000000000000000000, 0.000000000000000000, 0.000000000000000000 ) ) ;
#4057 = DIRECTION ( 'NONE',  ( 0.000000000000000000, 1.000000000000000000, 4.336808689942044557E-15 ) ) ;
#4058 = CARTESIAN_POINT ( 'NONE',  ( -3.700000000000010836, -7.286606874731850425, -4.049999999999998934 ) ) ;
#4059 = AXIS2_PLACEMENT_3D ( 'NONE', #4760, #7026, #1944 ) ;
#4060 = FACE_OUTER_BOUND ( 'NONE', #5517, .T. ) ;
#4061 = CIRCLE ( 'NONE', #2042, 0.09999999999999982514 ) ;
#4062 = CARTESIAN_POINT ( 'NONE',  ( -2.300000000000000711, -2.300000000000000711, 0.9000000000000002442 ) ) ;
#4063 = CARTESIAN_POINT ( 'NONE',  ( 1.450000000000000178, -2.500000000000001332, -3.100000000000000977 ) ) ;
#4064 = DIRECTION ( 'NONE',  ( 0.000000000000000000, 1.000000000000000000, 0.000000000000000000 ) ) ;
#4065 = DIRECTION ( 'NONE',  ( 0.000000000000000000, -0.000000000000000000, 1.000000000000000000 ) ) ;
#4066 = AXIS2_PLACEMENT_3D ( 'NONE', #3791, #6603, #2166 ) ;
#4067 = DIRECTION ( 'NONE',  ( 1.000000000000000000, 0.000000000000000000, 0.000000000000000000 ) ) ;
#4068 = ORIENTED_EDGE ( 'NONE', *, *, #5662, .T. ) ;
#4069 = CARTESIAN_POINT ( 'NONE',  ( 0.000000000000000000, 0.000000000000000000, -2.799999999999999378 ) ) ;
#4070 = CARTESIAN_POINT ( 'NONE',  ( 1.350000000000000089, 3.000000000000000000, -3.100000000000000977 ) ) ;
#4071 = AXIS2_PLACEMENT_3D ( 'NONE', #214, #3686, #6461 ) ;
#4072 = VERTEX_POINT ( 'NONE', #3644 ) ;
#4073 = LINE ( 'NONE', #3542, #515 ) ;
#4074 = VERTEX_POINT ( 'NONE', #5907 ) ;
#4075 = FACE_BOUND ( 'NONE', #1038, .T. ) ;
#4076 = EDGE_CURVE ( 'NONE', #5322, #2990, #5356, .T. ) ;
#4077 = VECTOR ( 'NONE', #3732, 1000.000000000000000 ) ;
#4078 = ORIENTED_EDGE ( 'NONE', *, *, #2840, .T. ) ;
#4079 = CARTESIAN_POINT ( 'NONE',  ( -1.450000000000000178, -2.900000000000000355, -2.850000000000000089 ) ) ;
#4080 = ORIENTED_EDGE ( 'NONE', *, *, #5871, .F. ) ;
#4081 = VECTOR ( 'NONE', #4594, 1000.000000000000000 ) ;
#4082 = CARTESIAN_POINT ( 'NONE',  ( -3.300000000000018474, -2.000000000000000888, -5.371878022344844794 ) ) ;
#4083 = CARTESIAN_POINT ( 'NONE',  ( -3.653730803984490905, -1.742690423391165977, -3.060156501862072442 ) ) ;
#4084 = ORIENTED_EDGE ( 'NONE', *, *, #6813, .T. ) ;
#4085 = AXIS2_PLACEMENT_3D ( 'NONE', #4678, #1795, #192 ) ;
#4086 = LINE ( 'NONE', #6869, #5592 ) ;
#4087 = SURFACE_SIDE_STYLE ('',( #224 ) ) ;
#4088 = ORIENTED_EDGE ( 'NONE', *, *, #6649, .T. ) ;
#4089 = CARTESIAN_POINT ( 'NONE',  ( 1.674999999999998934, 2.300000000000000266, 0.000000000000000000 ) ) ;
#4090 = DIRECTION ( 'NONE',  ( 3.491481338843133355E-15, 1.577279855319300948E-30, -1.000000000000000000 ) ) ;
#4091 = FACE_OUTER_BOUND ( 'NONE', #1096, .T. ) ;
#4092 = DIRECTION ( 'NONE',  ( -1.000000000000000000, -6.439293542825907934E-15, 5.585196838722983974E-30 ) ) ;
#4093 = DIRECTION ( 'NONE',  ( 0.000000000000000000, 0.000000000000000000, 1.000000000000000000 ) ) ;
#4094 = DIRECTION ( 'NONE',  ( -3.491481338843133355E-15, -0.000000000000000000, -1.000000000000000000 ) ) ;
#4095 = ORIENTED_EDGE ( 'NONE', *, *, #1008, .T. ) ;
#4096 = EDGE_CURVE ( 'NONE', #6624, #833, #1120, .T. ) ;
#4097 = DIRECTION ( 'NONE',  ( 1.000000000000000000, 0.000000000000000000, 0.000000000000000000 ) ) ;
#4098 = CARTESIAN_POINT ( 'NONE',  ( 1.149999999999999911, -2.900000000000000355, -2.850000000000000089 ) ) ;
#4099 = ORIENTED_EDGE ( 'NONE', *, *, #482, .F. ) ;
#4100 = CARTESIAN_POINT ( 'NONE',  ( 1.149999999999999911, 2.900000000000000355, -2.850000000000000089 ) ) ;
#4101 = LINE ( 'NONE', #5796, #1124 ) ;
#4102 = EDGE_CURVE ( 'NONE', #5117, #4836, #3225, .T. ) ;
#4103 = EDGE_LOOP ( 'NONE', ( #253, #3387, #804, #470, #4303, #5395 ) ) ;
#4104 = FACE_BOUND ( 'NONE', #4407, .T. ) ;
#4105 = VERTEX_POINT ( 'NONE', #5993 ) ;
#4106 = EDGE_CURVE ( 'NONE', #5297, #1017, #3269, .T. ) ;
#4107 = CARTESIAN_POINT ( 'NONE',  ( -3.700000000000010836, -3.500000000000000000, -3.049999999999999378 ) ) ;
#4108 = ORIENTED_EDGE ( 'NONE', *, *, #2965, .F. ) ;
#4109 = EDGE_CURVE ( 'NONE', #2023, #6908, #1480, .T. ) ;
#4110 = CARTESIAN_POINT ( 'NONE',  ( 3.700000000000009504, -0.09371311001840365584, -3.060156501862067557 ) ) ;
#4111 = ORIENTED_EDGE ( 'NONE', *, *, #2896, .F. ) ;
#4112 = CARTESIAN_POINT ( 'NONE',  ( -3.041440302102032867, -1.261367288006567389, -3.830730342022995671 ) ) ;
#4113 = CARTESIAN_POINT ( 'NONE',  ( -3.367072820786987108, -1.129146899646782165, -3.433365929902293168 ) ) ;
#4114 = VERTEX_POINT ( 'NONE', #983 ) ;
#4115 = EDGE_CURVE ( 'NONE', #1615, #6618, #437, .T. ) ;
#4116 = CARTESIAN_POINT ( 'NONE',  ( 0.8499999999999999778, -0.4333333333333333481, -2.750000000000000000 ) ) ;
#4117 = ADVANCED_FACE ( 'NONE', ( #3774 ), #2193, .F. ) ;
#4118 = VERTEX_POINT ( 'NONE', #4288 ) ;
#4119 = LINE ( 'NONE', #4813, #2607 ) ;
#4120 = CARTESIAN_POINT ( 'NONE',  ( 2.900000000000000799, 2.400000000000000355, -3.200000000000000622 ) ) ;
#4121 = DIRECTION ( 'NONE',  ( 0.000000000000000000, 0.000000000000000000, -1.000000000000000000 ) ) ;
#4122 = LINE ( 'NONE', #1933, #1922 ) ;
#4123 = DIRECTION ( 'NONE',  ( 0.000000000000000000, 0.000000000000000000, -1.000000000000000000 ) ) ;
#4124 = PLANE ( 'NONE',  #1994 ) ;
#4125 = ORIENTED_EDGE ( 'NONE', *, *, #4613, .T. ) ;
#4126 = DIRECTION ( 'NONE',  ( 1.000000000000000000, 0.000000000000000000, 0.000000000000000000 ) ) ;
#4127 = CARTESIAN_POINT ( 'NONE',  ( 3.191834743483424663, -0.9999999999999988898, -4.858162128904228716 ) ) ;
#4128 = ORIENTED_EDGE ( 'NONE', *, *, #2684, .F. ) ;
#4129 = CARTESIAN_POINT ( 'NONE',  ( -3.300000000000001599, -3.500000000000000444, -0.5999999999999989786 ) ) ;
#4130 = VERTEX_POINT ( 'NONE', #3304 ) ;
#4131 = CARTESIAN_POINT ( 'NONE',  ( 4.104580082274611463, -5.609160164549189531, -4.049999999999998934 ) ) ;
#4132 = ORIENTED_EDGE ( 'NONE', *, *, #2696, .F. ) ;
#4133 = VECTOR ( 'NONE', #5451, 1000.000000000000000 ) ;
#4134 = CIRCLE ( 'NONE', #4842, 0.8999999999999998002 ) ;
#4135 = CARTESIAN_POINT ( 'NONE',  ( 3.700000000000017053, 2.709888451158951828, -5.132889013954584634 ) ) ;
#4136 = ORIENTED_EDGE ( 'NONE', *, *, #3838, .F. ) ;
#4137 = VECTOR ( 'NONE', #5413, 1000.000000000000114 ) ;
#4138 = VECTOR ( 'NONE', #2268, 1000.000000000000000 ) ;
#4139 = CARTESIAN_POINT ( 'NONE',  ( -2.300000000000000266, -2.636572800445907028, 0.9000000000000001332 ) ) ;
#4140 = ORIENTED_EDGE ( 'NONE', *, *, #1115, .T. ) ;
#4141 = ADVANCED_FACE ( 'NONE', ( #6673 ), #7142, .T. ) ;
#4142 = CARTESIAN_POINT ( 'NONE',  ( -3.259150586264528027, -0.5002737405597957876, -4.858162128904228716 ) ) ;
#4143 = AXIS2_PLACEMENT_3D ( 'NONE', #1960, #7115, #2041 ) ;
#4144 = CARTESIAN_POINT ( 'NONE',  ( -3.495264784830661497, -1.000049688873430043, -4.274167948927182437 ) ) ;
#4145 = CARTESIAN_POINT ( 'NONE',  ( 3.649061435579257218, -1.741316489862833050, -2.850000000000000089 ) ) ;
#4146 = ORIENTED_EDGE ( 'NONE', *, *, #6734, .T. ) ;
#4147 = CIRCLE ( 'NONE', #1792, 0.09999999999999982514 ) ;
#4148 = AXIS2_PLACEMENT_3D ( 'NONE', #6589, #985, #6123 ) ;
#4149 = DIRECTION ( 'NONE',  ( 1.000000000000000000, 4.517509052022934484E-16, 3.491481338843133355E-15 ) ) ;
#4150 = ORIENTED_EDGE ( 'NONE', *, *, #4701, .F. ) ;
#4151 = DIRECTION ( 'NONE',  ( 0.000000000000000000, 0.000000000000000000, 1.000000000000000000 ) ) ;
#4152 = FACE_OUTER_BOUND ( 'NONE', #1364, .T. ) ;
#4153 = LINE ( 'NONE', #2453, #3244 ) ;
#4154 = EDGE_CURVE ( 'NONE', #1406, #4210, #4414, .T. ) ;
#4155 = VECTOR ( 'NONE', #5301, 1000.000000000000000 ) ;
#4156 = EDGE_CURVE ( 'NONE', #2059, #3333, #1094, .T. ) ;
#4157 = DIRECTION ( 'NONE',  ( 0.000000000000000000, 0.000000000000000000, -1.000000000000000000 ) ) ;
#4158 = ORIENTED_EDGE ( 'NONE', *, *, #2459, .T. ) ;
#4159 = CARTESIAN_POINT ( 'NONE',  ( -3.254651492154263970, -0.8683835334878836631, -2.849999999999999201 ) ) ;
#4160 = VECTOR ( 'NONE', #5409, 1000.000000000000000 ) ;
#4161 = CARTESIAN_POINT ( 'NONE',  ( 0.8499999999999999778, -2.600000000000000533, -2.650000000000000355 ) ) ;
#4162 = LINE ( 'NONE', #780, #3646 ) ;
#4163 = ORIENTED_EDGE ( 'NONE', *, *, #6876, .T. ) ;
#4164 = CARTESIAN_POINT ( 'NONE',  ( -1.349999999999999867, 2.900000000000000355, -3.100000000000000977 ) ) ;
#4165 = CARTESIAN_POINT ( 'NONE',  ( 3.300000000000018918, -0.9999999999999988898, -5.371878022344844794 ) ) ;
#4166 = VECTOR ( 'NONE', #6630, 1000.000000000000000 ) ;
#4167 = ORIENTED_EDGE ( 'NONE', *, *, #4993, .F. ) ;
#4168 = DIRECTION ( 'NONE',  ( -1.000000000000000000, 0.000000000000000000, 0.000000000000000000 ) ) ;
#4169 = ORIENTED_EDGE ( 'NONE', *, *, #5524, .F. ) ;
#4170 = DIRECTION ( 'NONE',  ( 0.000000000000000000, 1.000000000000000000, 0.000000000000000000 ) ) ;
#4171 = ORIENTED_EDGE ( 'NONE', *, *, #3209, .F. ) ;
#4172 = AXIS2_PLACEMENT_3D ( 'NONE', #2326, #5584, #2916 ) ;
#4173 = DIRECTION ( 'NONE',  ( 0.000000000000000000, -1.000000000000000000, 0.000000000000000000 ) ) ;
#4174 = VERTEX_POINT ( 'NONE', #3864 ) ;
#4175 = AXIS2_PLACEMENT_3D ( 'NONE', #5022, #7277, #2084 ) ;
#4176 = PLANE ( 'NONE',  #6815 ) ;
#4177 = ORIENTED_EDGE ( 'NONE', *, *, #6649, .F. ) ;
#4178 = EDGE_CURVE ( 'NONE', #4011, #332, #5006, .T. ) ;
#4179 = CIRCLE ( 'NONE', #3848, 0.6250000000000001110 ) ;
#4180 = CARTESIAN_POINT ( 'NONE',  ( -3.440514710225643480, -0.8729126011144066055, -3.853478271631824992 ) ) ;
#4181 = CARTESIAN_POINT ( 'NONE',  ( 3.670320304398591027, -1.750498639517151567, -3.854076363850396536 ) ) ;
#4182 = ORIENTED_EDGE ( 'NONE', *, *, #1675, .T. ) ;
#4183 = VECTOR ( 'NONE', #6670, 1000.000000000000000 ) ;
#4184 = ORIENTED_EDGE ( 'NONE', *, *, #4904, .F. ) ;
#4185 = DIRECTION ( 'NONE',  ( -0.000000000000000000, -0.000000000000000000, -1.000000000000000000 ) ) ;
#4186 = DIRECTION ( 'NONE',  ( 1.000000000000000000, 4.517509052022934484E-16, 3.491481338843133750E-15 ) ) ;
#4187 = CARTESIAN_POINT ( 'NONE',  ( -2.900000000000000355, -1.599999999999999201, -3.100000000000000977 ) ) ;
#4188 = AXIS2_PLACEMENT_3D ( 'NONE', #1852, #5124, #146 ) ;
#4189 = EDGE_CURVE ( 'NONE', #1524, #7154, #6792, .T. ) ;
#4190 = CARTESIAN_POINT ( 'NONE',  ( -2.299999999999999822, -2.925000000000000266, 0.6500000000000001332 ) ) ;
#4191 = CARTESIAN_POINT ( 'NONE',  ( -3.343803370996313973, -1.305601146198357210, -2.849999999999998757 ) ) ;
#4192 = AXIS2_PLACEMENT_3D ( 'NONE', #2560, #415, #4862 ) ;
#4193 = FACE_OUTER_BOUND ( 'NONE', #6163, .T. ) ;
#4194 = CARTESIAN_POINT ( 'NONE',  ( 3.729129044202597498, -7.118438676232774043, -4.049999999999998934 ) ) ;
#4195 = ORIENTED_EDGE ( 'NONE', *, *, #5382, .F. ) ;
#4196 = ADVANCED_FACE ( 'NONE', ( #5046 ), #6031, .F. ) ;
#4197 = DIRECTION ( 'NONE',  ( 0.000000000000000000, 0.000000000000000000, 1.000000000000000000 ) ) ;
#4198 = CARTESIAN_POINT ( 'NONE',  ( 3.300000000000018918, -0.7407407407407395894, -5.371878022344844794 ) ) ;
#4199 = VERTEX_POINT ( 'NONE', #4334 ) ;
#4200 = EDGE_CURVE ( 'NONE', #1324, #4373, #1229, .T. ) ;
#4201 = CARTESIAN_POINT ( 'NONE',  ( 1.050000000000000044, 0.000000000000000000, -3.100000000000000977 ) ) ;
#4202 = ORIENTED_EDGE ( 'NONE', *, *, #3522, .F. ) ;
#4203 = CARTESIAN_POINT ( 'NONE',  ( 4.600000000000016520, -4.587538820250189886, -4.050000000000012257 ) ) ;
#4204 = VERTEX_POINT ( 'NONE', #1559 ) ;
#4205 = EDGE_CURVE ( 'NONE', #6779, #4568, #3822, .T. ) ;
#4206 = CARTESIAN_POINT ( 'NONE',  ( 1.350000000000000089, 0.000000000000000000, -3.100000000000000977 ) ) ;
#4207 = VERTEX_POINT ( 'NONE', #1026 ) ;
#4208 = DIRECTION ( 'NONE',  ( -0.000000000000000000, -0.000000000000000000, -1.000000000000000000 ) ) ;
#4209 = ORIENTED_EDGE ( 'NONE', *, *, #7197, .T. ) ;
#4210 = VERTEX_POINT ( 'NONE', #7261 ) ;
#4211 = CARTESIAN_POINT ( 'NONE',  ( -3.700000000000015277, -0.5282753649587690337, -5.231169173262848027 ) ) ;
#4212 = CARTESIAN_POINT ( 'NONE',  ( 3.000000000000000000, 1.600000000000000755, -3.100000000000000977 ) ) ;
#4213 = ORIENTED_EDGE ( 'NONE', *, *, #1949, .F. ) ;
#4214 = EDGE_CURVE ( 'NONE', #1849, #3756, #3902, .T. ) ;
#4215 = VERTEX_POINT ( 'NONE', #5519 ) ;
#4216 = ORIENTED_EDGE ( 'NONE', *, *, #3611, .F. ) ;
#4217 = DIRECTION ( 'NONE',  ( -2.602085213965208275E-15, -1.734723475976805517E-15, -1.000000000000000000 ) ) ;
#4218 = DIRECTION ( 'NONE',  ( 1.000000000000000000, -1.927470528863119344E-15, 0.000000000000000000 ) ) ;
#4219 = LINE ( 'NONE', #4857, #674 ) ;
#4220 = CARTESIAN_POINT ( 'NONE',  ( 2.299999999999998934, 2.300000000000000711, 0.000000000000000000 ) ) ;
#4221 = ORIENTED_EDGE ( 'NONE', *, *, #1296, .T. ) ;
#4222 = CARTESIAN_POINT ( 'NONE',  ( -3.200000000000000622, 0.000000000000000000, 9.703609443745264684E-15 ) ) ;
#4223 = CARTESIAN_POINT ( 'NONE',  ( -2.876494900217184458, -0.7372879175349927872, -2.850000000000002753 ) ) ;
#4224 = LINE ( 'NONE', #4949, #3435 ) ;
#4225 = VERTEX_POINT ( 'NONE', #394 ) ;
#4226 = CARTESIAN_POINT ( 'NONE',  ( 3.700000000000004174, -3.499999999999998668, -0.5999999999999976463 ) ) ;
#4227 = EDGE_CURVE ( 'NONE', #1680, #317, #474, .T. ) ;
#4228 = EDGE_CURVE ( 'NONE', #3156, #6422, #2264, .T. ) ;
#4229 = DIRECTION ( 'NONE',  ( 1.000000000000000000, 0.000000000000000000, 0.000000000000000000 ) ) ;
#4230 = VERTEX_POINT ( 'NONE', #662 ) ;
#4231 = DIRECTION ( 'NONE',  ( -0.8944271909999162995, 0.4472135954999572616, 0.000000000000000000 ) ) ;
#4232 = FACE_OUTER_BOUND ( 'NONE', #537, .T. ) ;
#4233 = ORIENTED_EDGE ( 'NONE', *, *, #4156, .T. ) ;
#4234 = CARTESIAN_POINT ( 'NONE',  ( -3.700000000000016609, 2.599999999999999645, -4.748279434898255325 ) ) ;
#4235 = DIRECTION ( 'NONE',  ( -1.000000000000000000, 0.000000000000000000, 0.000000000000000000 ) ) ;
#4236 = ORIENTED_EDGE ( 'NONE', *, *, #7197, .F. ) ;
#4237 = DIRECTION ( 'NONE',  ( 1.000000000000000000, 0.000000000000000000, 0.000000000000000000 ) ) ;
#4238 = EDGE_CURVE ( 'NONE', #5661, #1366, #6787, .T. ) ;
#4239 = ORIENTED_EDGE ( 'NONE', *, *, #1468, .F. ) ;
#4240 = EDGE_CURVE ( 'NONE', #5641, #145, #5734, .T. ) ;
#4241 = DIRECTION ( 'NONE',  ( 0.000000000000000000, 0.000000000000000000, -1.000000000000000000 ) ) ;
#4242 = DIRECTION ( 'NONE',  ( -0.000000000000000000, -0.000000000000000000, -1.000000000000000000 ) ) ;
#4243 = ORIENTED_EDGE ( 'NONE', *, *, #3648, .F. ) ;
#4244 = VECTOR ( 'NONE', #7019, 1000.000000000000000 ) ;
#4245 = CYLINDRICAL_SURFACE ( 'NONE', #4041, 0.09999999999999982514 ) ;
#4246 = ORIENTED_EDGE ( 'NONE', *, *, #4631, .T. ) ;
#4247 = CARTESIAN_POINT ( 'NONE',  ( -3.254651492154263970, -0.8683835334878836631, -2.849999999999999201 ) ) ;
#4248 = AXIS2_PLACEMENT_3D ( 'NONE', #7074, #292, #877 ) ;
#4249 = DIRECTION ( 'NONE',  ( -0.000000000000000000, -0.000000000000000000, -1.000000000000000000 ) ) ;
#4250 = VECTOR ( 'NONE', #2365, 1000.000000000000000 ) ;
#4251 = VERTEX_POINT ( 'NONE', #3414 ) ;
#4252 = EDGE_CURVE ( 'NONE', #4688, #271, #5149, .T. ) ;
#4253 = ORIENTED_EDGE ( 'NONE', *, *, #4944, .F. ) ;
#4254 = EDGE_LOOP ( 'NONE', ( #2939, #692, #1334, #1395, #6361, #6721, #5879, #2184, #2788, #2072, #1827, #6025, #5258, #2604, #5190, #3578 ) ) ;
#4255 = AXIS2_PLACEMENT_3D ( 'NONE', #6782, #6195, #3410 ) ;
#4256 = DIRECTION ( 'NONE',  ( 1.000000000000000000, 2.063203830822201500E-15, 1.074301950413271771E-15 ) ) ;
#4257 = AXIS2_PLACEMENT_3D ( 'NONE', #20, #3951, #2242 ) ;
#4258 = PLANE ( 'NONE',  #5209 ) ;
#4259 = LINE ( 'NONE', #3662, #3839 ) ;
#4260 = EDGE_CURVE ( 'NONE', #5928, #2173, #6300, .T. ) ;
#4261 = VECTOR ( 'NONE', #5757, 1000.000000000000000 ) ;
#4262 = CARTESIAN_POINT ( 'NONE',  ( -3.700000000000012168, -7.500000000000003553, -4.549999999999998934 ) ) ;
#4263 = CARTESIAN_POINT ( 'NONE',  ( 1.450000000000000178, -2.500000000000001332, -3.100000000000000977 ) ) ;
#4264 = ORIENTED_EDGE ( 'NONE', *, *, #413, .T. ) ;
#4265 = CARTESIAN_POINT ( 'NONE',  ( 2.899999999999999911, -2.499999999999999556, -3.100000000000000977 ) ) ;
#4266 = DIRECTION ( 'NONE',  ( 0.000000000000000000, 0.000000000000000000, 1.000000000000000000 ) ) ;
#4267 = DIRECTION ( 'NONE',  ( -0.000000000000000000, -0.000000000000000000, -1.000000000000000000 ) ) ;
#4268 = ORIENTED_EDGE ( 'NONE', *, *, #7246, .F. ) ;
#4269 = VECTOR ( 'NONE', #1972, 1000.000000000000000 ) ;
#4270 = CARTESIAN_POINT ( 'NONE',  ( -2.900000000000000799, -2.399999999999999467, -2.850000000000000089 ) ) ;
#4271 = EDGE_CURVE ( 'NONE', #2629, #381, #1232, .T. ) ;
#4272 = CARTESIAN_POINT ( 'NONE',  ( 2.299999999999999822, -1.674999999999999822, 0.6500000000000001332 ) ) ;
#4273 = ORIENTED_EDGE ( 'NONE', *, *, #5235, .F. ) ;
#4274 = CIRCLE ( 'NONE', #2498, 0.09999999999999982514 ) ;
#4275 = LINE ( 'NONE', #465, #4269 ) ;
#4276 = UNCERTAINTY_MEASURE_WITH_UNIT (LENGTH_MEASURE( 1.000000000000000082E-05 ), #6837, 'distance_accuracy_value', 'NONE');
#4277 = DIRECTION ( 'NONE',  ( -1.000000000000000000, 0.000000000000000000, 0.000000000000000000 ) ) ;
#4278 = ORIENTED_EDGE ( 'NONE', *, *, #5948, .T. ) ;
#4279 = CARTESIAN_POINT ( 'NONE',  ( 1.050000000000000266, 2.925000000000001599, 0.6499999999999999112 ) ) ;
#4280 = LINE ( 'NONE', #2615, #2484 ) ;
#4281 = ORIENTED_EDGE ( 'NONE', *, *, #5192, .F. ) ;
#4282 = EDGE_CURVE ( 'NONE', #5928, #5117, #2395, .T. ) ;
#4283 = CARTESIAN_POINT ( 'NONE',  ( 4.200000000000016165, -7.286606874731852201, -4.049999999999996270 ) ) ;
#4284 = AXIS2_PLACEMENT_3D ( 'NONE', #5214, #1674, #1749 ) ;
#4285 = LINE ( 'NONE', #6540, #6551 ) ;
#4286 = ORIENTED_EDGE ( 'NONE', *, *, #6306, .F. ) ;
#4287 = DIRECTION ( 'NONE',  ( -1.000000000000000000, 0.000000000000000000, 0.000000000000000000 ) ) ;
#4288 = CARTESIAN_POINT ( 'NONE',  ( -3.700000000000014388, -4.587538820250193439, -5.049999999999998934 ) ) ;
#4289 = CIRCLE ( 'NONE', #6904, 0.6250000000000001110 ) ;
#4290 = EDGE_LOOP ( 'NONE', ( #7020, #42, #6210, #6675 ) ) ;
#4291 = CARTESIAN_POINT ( 'NONE',  ( 1.450000000000000178, 2.900000000000000355, -3.100000000000000977 ) ) ;
#4292 = ORIENTED_EDGE ( 'NONE', *, *, #6223, .T. ) ;
#4293 = ADVANCED_FACE ( 'NONE', ( #4037 ), #1717, .T. ) ;
#4294 = ORIENTED_EDGE ( 'NONE', *, *, #1239, .T. ) ;
#4295 = ORIENTED_EDGE ( 'NONE', *, *, #1890, .F. ) ;
#4296 = EDGE_CURVE ( 'NONE', #2535, #283, #6855, .T. ) ;
#4297 = CARTESIAN_POINT ( 'NONE',  ( 2.925000000000001155, -2.299999999999998490, 0.4000000000000000222 ) ) ;
#4298 = AXIS2_PLACEMENT_3D ( 'NONE', #7116, #1455, #3598 ) ;
#4299 = DIRECTION ( 'NONE',  ( -1.000000000000000000, -4.517509052022934484E-16, -3.491481338843133355E-15 ) ) ;
#4300 = ORIENTED_EDGE ( 'NONE', *, *, #3070, .T. ) ;
#4301 =( BOUNDED_SURFACE ( )  B_SPLINE_SURFACE ( 2, 3, ( 
 ( #5534, #2244, #1574, #5452 ),
 ( #3879, #488, #6049, #4387 ),
 ( #4903, #6007, #4430, #6648 ) ),
 .UNSPECIFIED., .F., .F., .F. ) 
 B_SPLINE_SURFACE_WITH_KNOTS ( ( 3, 3 ),
 ( 4, 4 ),
 ( 0.000000000000000000, 1.000000000000000000 ),
 ( 0.000000000000000000, 1.000000000000000000 ),
 .UNSPECIFIED. ) 
 GEOMETRIC_REPRESENTATION_ITEM ( )  RATIONAL_B_SPLINE_SURFACE ( (
 ( 1.000000000000000000, 0.3333333333333334259, 0.3333333333333334259, 1.000000000000000000),
 ( 1.000000000000000000, 0.3333333333333334259, 0.3333333333333334259, 1.000000000000000000),
 ( 1.000000000000000000, 0.3333333333333334259, 0.3333333333333334259, 1.000000000000000000) ) ) 
 REPRESENTATION_ITEM ( '' )  SURFACE ( )  );
#4302 = ADVANCED_FACE ( 'NONE', ( #3478 ), #6264, .T. ) ;
#4303 = ORIENTED_EDGE ( 'NONE', *, *, #6297, .F. ) ;
#4304 = EDGE_LOOP ( 'NONE', ( #5947, #2431, #3215, #2850 ) ) ;
#4305 = CIRCLE ( 'NONE', #1931, 0.09999999999999982514 ) ;
#4306 = CARTESIAN_POINT ( 'NONE',  ( -1.674999999999999822, -2.299999999999999822, 0.000000000000000000 ) ) ;
#4307 = DIRECTION ( 'NONE',  ( -1.000000000000000000, 0.000000000000000000, 0.000000000000000000 ) ) ;
#4308 = ADVANCED_FACE ( 'NONE', ( #6201 ), #2334, .T. ) ;
#4309 = LINE ( 'NONE', #7045, #6674 ) ;
#4310 = CIRCLE ( 'NONE', #567, 0.09999999999999982514 ) ;
#4311 = CARTESIAN_POINT ( 'NONE',  ( 1.899999999999999689, -7.500000000000000000, -2.200000000000000178 ) ) ;
#4312 = LINE ( 'NONE', #3155, #6820 ) ;
#4313 = ORIENTED_EDGE ( 'NONE', *, *, #6065, .F. ) ;
#4314 = CARTESIAN_POINT ( 'NONE',  ( 2.299999999999999822, -2.925000000000000711, 0.6500000000000001332 ) ) ;
#4315 = CYLINDRICAL_SURFACE ( 'NONE', #6774, 0.09999999999999982514 ) ;
#4316 = CARTESIAN_POINT ( 'NONE',  ( 2.425000000000000266, -8.000000000000000000, -1.900000000000000133 ) ) ;
#4317 = EDGE_LOOP ( 'NONE', ( #3990, #5127, #6641, #1954 ) ) ;
#4318 = VECTOR ( 'NONE', #3773, 1000.000000000000000 ) ;
#4319 = DIRECTION ( 'NONE',  ( 1.959157251370490974E-30, -4.336808689942044557E-15, 1.000000000000000000 ) ) ;
#4320 = FACE_OUTER_BOUND ( 'NONE', #5933, .T. ) ;
#4321 = ORIENTED_EDGE ( 'NONE', *, *, #3314, .T. ) ;
#4322 = AXIS2_PLACEMENT_3D ( 'NONE', #2687, #2046, #7163 ) ;
#4323 = DIRECTION ( 'NONE',  ( 1.000000000000000000, 4.517509052022934484E-16, 3.252606517456512119E-15 ) ) ;
#4324 = EDGE_CURVE ( 'NONE', #4593, #1755, #3211, .T. ) ;
#4325 = DIRECTION ( 'NONE',  ( -2.654501759898880774E-15, -0.5547001962252291474, 0.8320502943378437211 ) ) ;
#4326 = EDGE_LOOP ( 'NONE', ( #7283, #1784 ) ) ;
#4327 = DIRECTION ( 'NONE',  ( 0.000000000000000000, 0.000000000000000000, 1.000000000000000000 ) ) ;
#4328 = FACE_OUTER_BOUND ( 'NONE', #923, .T. ) ;
#4329 = DIRECTION ( 'NONE',  ( -1.000000000000000000, 0.000000000000000000, 0.000000000000000000 ) ) ;
#4330 = CARTESIAN_POINT ( 'NONE',  ( 2.299999999999999822, -2.299999999999999822, 0.6500000000000001332 ) ) ;
#4331 = CARTESIAN_POINT ( 'NONE',  ( -3.700000000000013944, -7.200000000000001954, -4.049999999999998934 ) ) ;
#4332 = VERTEX_POINT ( 'NONE', #5116 ) ;
#4333 = CARTESIAN_POINT ( 'NONE',  ( 2.900000000000000355, 0.000000000000000000, -3.200000000000000622 ) ) ;
#4334 = CARTESIAN_POINT ( 'NONE',  ( 3.299999999999999822, 1.057097118173366626E-15, -0.09999999999998931965 ) ) ;
#4335 = ORIENTED_EDGE ( 'NONE', *, *, #2635, .T. ) ;
#4336 = DIRECTION ( 'NONE',  ( 3.491481338843133355E-15, 1.577279855319300948E-30, -1.000000000000000000 ) ) ;
#4337 = ORIENTED_EDGE ( 'NONE', *, *, #3653, .F. ) ;
#4338 = ORIENTED_EDGE ( 'NONE', *, *, #6842, .F. ) ;
#4339 = EDGE_LOOP ( 'NONE', ( #5447, #5222, #3561, #4972 ) ) ;
#4340 = DIRECTION ( 'NONE',  ( -1.000000000000000000, 0.000000000000000000, 0.000000000000000000 ) ) ;
#4341 = CARTESIAN_POINT ( 'NONE',  ( 3.347349097313216948, -1.000085739001676188, -3.433315822229837888 ) ) ;
#4342 = ORIENTED_EDGE ( 'NONE', *, *, #580, .T. ) ;
#4343 = EDGE_LOOP ( 'NONE', ( #4381, #6973, #934, #5305 ) ) ;
#4344 = ORIENTED_EDGE ( 'NONE', *, *, #634, .F. ) ;
#4345 = DIRECTION ( 'NONE',  ( -0.000000000000000000, -0.000000000000000000, -1.000000000000000000 ) ) ;
#4346 = DIRECTION ( 'NONE',  ( -0.000000000000000000, -0.000000000000000000, -1.000000000000000000 ) ) ;
#4347 = CARTESIAN_POINT ( 'NONE',  ( 3.729129044202595722, -7.118438676232772266, -4.049999999999998046 ) ) ;
#4348 = EDGE_CURVE ( 'NONE', #2088, #2621, #1137, .T. ) ;
#4349 = EDGE_CURVE ( 'NONE', #6908, #4593, #623, .T. ) ;
#4350 = CARTESIAN_POINT ( 'NONE',  ( 1.350000000000000089, -2.400000000000003908, -3.200000000000000622 ) ) ;
#4351 = FACE_OUTER_BOUND ( 'NONE', #4343, .T. ) ;
#4352 = ORIENTED_EDGE ( 'NONE', *, *, #7046, .T. ) ;
#4353 = CARTESIAN_POINT ( 'NONE',  ( 3.000000000000000000, 3.000000000000000000, 0.000000000000000000 ) ) ;
#4354 = DIRECTION ( 'NONE',  ( 8.673617379884051249E-15, -1.000000000000000000, 0.000000000000000000 ) ) ;
#4355 = DIRECTION ( 'NONE',  ( 3.491481338843133355E-15, 1.577279855319300948E-30, -1.000000000000000000 ) ) ;
#4356 = VERTEX_POINT ( 'NONE', #1813 ) ;
#4357 = PLANE ( 'NONE',  #2379 ) ;
#4358 = LINE ( 'NONE', #2010, #5147 ) ;
#4359 = ORIENTED_EDGE ( 'NONE', *, *, #7153, .F. ) ;
#4360 = CARTESIAN_POINT ( 'NONE',  ( 1.899999999999999689, -7.500000000000000000, -1.900000000000000133 ) ) ;
#4361 = CARTESIAN_POINT ( 'NONE',  ( 9.570888143320321804E-16, -1.600000000000001199, -3.100000000000000977 ) ) ;
#4362 = EDGE_LOOP ( 'NONE', ( #1448, #3937, #1290, #3208 ) ) ;
#4363 = CARTESIAN_POINT ( 'NONE',  ( 1.350000000000000089, -2.900000000000000355, -3.200000000000000622 ) ) ;
#4364 = LINE ( 'NONE', #3855, #5210 ) ;
#4365 = ORIENTED_EDGE ( 'NONE', *, *, #3103, .T. ) ;
#4366 = CARTESIAN_POINT ( 'NONE',  ( -3.700000000000013944, -7.286606874731852201, -5.049999999999998934 ) ) ;
#4367 = CARTESIAN_POINT ( 'NONE',  ( -1.450000000000000178, 1.500000000000000000, -3.100000000000000977 ) ) ;
#4368 = ORIENTED_EDGE ( 'NONE', *, *, #5829, .T. ) ;
#4369 = CARTESIAN_POINT ( 'NONE',  ( -3.200000000000000622, 2.999999999999999556, -0.1000000000000002554 ) ) ;
#4370 = DIRECTION ( 'NONE',  ( -4.517509052022934484E-16, 1.000000000000000000, -3.523657060577896116E-15 ) ) ;
#4371 = ORIENTED_EDGE ( 'NONE', *, *, #5631, .F. ) ;
#4372 = DIRECTION ( 'NONE',  ( -1.000000000000000000, 0.000000000000000000, 0.000000000000000000 ) ) ;
#4373 = VERTEX_POINT ( 'NONE', #4070 ) ;
#4374 = VERTEX_POINT ( 'NONE', #4567 ) ;
#4375 = AXIS2_PLACEMENT_3D ( 'NONE', #2616, #4879, #4329 ) ;
#4376 = EDGE_CURVE ( 'NONE', #2173, #732, #543, .T. ) ;
#4377 = CARTESIAN_POINT ( 'NONE',  ( -0.8499999999999999778, -1.733333333333333171, -2.750000000000000000 ) ) ;
#4378 = CARTESIAN_POINT ( 'NONE',  ( 3.433892703588354856, -1.301082346714759197, -3.433518830182402226 ) ) ;
#4379 = ORIENTED_EDGE ( 'NONE', *, *, #3838, .T. ) ;
#4380 = CIRCLE ( 'NONE', #1308, 1.584339825534188062 ) ;
#4381 = ORIENTED_EDGE ( 'NONE', *, *, #7134, .T. ) ;
#4382 = VERTEX_POINT ( 'NONE', #5698 ) ;
#4383 = DIRECTION ( 'NONE',  ( -1.000000000000000000, -4.517509052022934484E-16, -3.491481338843133355E-15 ) ) ;
#4384 = CARTESIAN_POINT ( 'NONE',  ( -3.121833710861379174, -1.504153465084881347, -2.849999999999999645 ) ) ;
#4385 = AXIS2_PLACEMENT_3D ( 'NONE', #5854, #5780, #5718 ) ;
#4386 = AXIS2_PLACEMENT_3D ( 'NONE', #4629, #1815, #6893 ) ;
#4387 = CARTESIAN_POINT ( 'NONE',  ( -2.300000000000000266, -2.636572800445907028, 0.9000000000000001332 ) ) ;
#4388 = VECTOR ( 'NONE', #5989, 1000.000000000000000 ) ;
#4389 = LINE ( 'NONE', #5572, #758 ) ;
#4390 = CIRCLE ( 'NONE', #7220, 1.300000000000000044 ) ;
#4391 = DIRECTION ( 'NONE',  ( -1.000000000000000000, 1.495451272393800528E-16, 0.000000000000000000 ) ) ;
#4392 = DIRECTION ( 'NONE',  ( 0.000000000000000000, 1.000000000000000000, 0.000000000000000000 ) ) ;
#4393 = FACE_OUTER_BOUND ( 'NONE', #4664, .T. ) ;
#4394 = LINE ( 'NONE', #961, #507 ) ;
#4395 = EDGE_LOOP ( 'NONE', ( #1560, #5280, #113, #314 ) ) ;
#4396 = EDGE_CURVE ( 'NONE', #2152, #4759, #2989, .T. ) ;
#4397 = CARTESIAN_POINT ( 'NONE',  ( -1.450000000000000178, 0.000000000000000000, -3.100000000000000977 ) ) ;
#4398 = ADVANCED_FACE ( 'NONE', ( #6927 ), #5347, .T. ) ;
#4399 = VECTOR ( 'NONE', #1584, 1000.000000000000000 ) ;
#4400 = CARTESIAN_POINT ( 'NONE',  ( 2.973145600891813345, -1.963427199554093061, 0.9000000000000002442 ) ) ;
#4401 = CYLINDRICAL_SURFACE ( 'NONE', #649, 0.8999999999999998002 ) ;
#4402 = LINE ( 'NONE', #3851, #5016 ) ;
#4403 = CIRCLE ( 'NONE', #1114, 0.6250000000000001110 ) ;
#4404 = EDGE_LOOP ( 'NONE', ( #4697, #3760, #7222, #3745 ) ) ;
#4405 = CARTESIAN_POINT ( 'NONE',  ( 2.299999999999999378, 1.963427199554093505, 0.9000000000000001332 ) ) ;
#4406 = DIRECTION ( 'NONE',  ( -1.000000000000000000, 0.000000000000000000, 0.000000000000000000 ) ) ;
#4407 = EDGE_LOOP ( 'NONE', ( #1626, #4709 ) ) ;
#4408 = ADVANCED_FACE ( 'NONE', ( #4232 ), #819, .T. ) ;
#4409 = DIRECTION ( 'NONE',  ( -1.000000000000000000, 0.000000000000000000, 0.000000000000000000 ) ) ;
#4410 = LINE ( 'NONE', #3265, #1729 ) ;
#4411 = VECTOR ( 'NONE', #59, 1000.000000000000000 ) ;
#4412 = ORIENTED_EDGE ( 'NONE', *, *, #6220, .T. ) ;
#4413 = DIRECTION ( 'NONE',  ( -1.000000000000000000, 1.495451272393800528E-16, 0.000000000000000000 ) ) ;
#4414 = LINE ( 'NONE', #1640, #5930 ) ;
#4415 = VERTEX_POINT ( 'NONE', #1333 ) ;
#4416 = CARTESIAN_POINT ( 'NONE',  ( 2.299999999999999822, -2.299999999999999822, 0.9000000000000001332 ) ) ;
#4417 = EDGE_LOOP ( 'NONE', ( #2713, #3785, #3127, #12 ) ) ;
#4418 = EDGE_LOOP ( 'NONE', ( #6621, #5365, #2303, #4013, #6557, #5554, #3059, #1567 ) ) ;
#4419 = VECTOR ( 'NONE', #6121, 1000.000000000000000 ) ;
#4420 = DIRECTION ( 'NONE',  ( 6.071532165918819308E-15, -1.000000000000000000, 0.000000000000000000 ) ) ;
#4421 = CARTESIAN_POINT ( 'NONE',  ( 3.367072820786987553, -1.129146899646780611, -3.433365929902293168 ) ) ;
#4422 = ORIENTED_EDGE ( 'NONE', *, *, #4178, .F. ) ;
#4423 = PRESENTATION_LAYER_ASSIGNMENT (  '', '', ( #5713 ) ) ;
#4424 = EDGE_CURVE ( 'NONE', #4525, #5576, #3025, .T. ) ;
#4425 = ORIENTED_EDGE ( 'NONE', *, *, #3275, .T. ) ;
#4426 = ORIENTED_EDGE ( 'NONE', *, *, #281, .F. ) ;
#4427 = DIRECTION ( 'NONE',  ( 0.8944271909999157444, 0.4472135954999583718, 0.000000000000000000 ) ) ;
#4428 = DIRECTION ( 'NONE',  ( 0.000000000000000000, -0.000000000000000000, 1.000000000000000000 ) ) ;
#4429 = VECTOR ( 'NONE', #1252, 1000.000000000000000 ) ;
#4430 = CARTESIAN_POINT ( 'NONE',  ( -2.300000000000002043, -2.300000000000000711, 0.9000000000000002442 ) ) ;
#4431 = ADVANCED_FACE ( 'NONE', ( #5940 ), #6456, .T. ) ;
#4432 = VECTOR ( 'NONE', #1143, 1000.000000000000000 ) ;
#4433 = CYLINDRICAL_SURFACE ( 'NONE', #3089, 0.09999999999999982514 ) ;
#4434 = CARTESIAN_POINT ( 'NONE',  ( -1.450000000000000178, 0.000000000000000000, -2.850000000000000089 ) ) ;
#4435 = DIRECTION ( 'NONE',  ( 0.8944271909999157444, 0.4472135954999583718, 0.000000000000000000 ) ) ;
#4436 = CARTESIAN_POINT ( 'NONE',  ( -3.300000000000014477, -3.500000000000000444, -4.050000000000000711 ) ) ;
#4437 = LINE ( 'NONE', #6141, #52 ) ;
#4438 = EDGE_LOOP ( 'NONE', ( #5798, #2481, #5840, #7209 ) ) ;
#4439 = CARTESIAN_POINT ( 'NONE',  ( -3.300000000000016254, 2.599999999999999645, -4.748279434898257101 ) ) ;
#4440 = VECTOR ( 'NONE', #1817, 1000.000000000000000 ) ;
#4441 = EDGE_CURVE ( 'NONE', #1017, #6422, #3954, .T. ) ;
#4442 = FACE_OUTER_BOUND ( 'NONE', #1909, .T. ) ;
#4443 = LINE ( 'NONE', #685, #2494 ) ;
#4444 = CARTESIAN_POINT ( 'NONE',  ( -3.000000000000000000, 3.000000000000000000, -3.200000000000000622 ) ) ;
#4445 = EDGE_CURVE ( 'NONE', #699, #1840, #3575, .T. ) ;
#4446 = AXIS2_PLACEMENT_3D ( 'NONE', #5032, #2251, #1222 ) ;
#4447 = ORIENTED_EDGE ( 'NONE', *, *, #2106, .F. ) ;
#4448 = DIRECTION ( 'NONE',  ( 0.000000000000000000, -1.000000000000000000, 0.000000000000000000 ) ) ;
#4449 = CARTESIAN_POINT ( 'NONE',  ( 2.900000000000000355, 1.600000000000000089, -2.850000000000000089 ) ) ;
#4450 = ORIENTED_EDGE ( 'NONE', *, *, #3491, .T. ) ;
#4451 = CARTESIAN_POINT ( 'NONE',  ( -3.300000000000018474, -4.336808689942017736E-16, -5.371878022344844794 ) ) ;
#4452 = CARTESIAN_POINT ( 'NONE',  ( -2.600000000000000533, 3.100000000000000089, -2.200000000000000178 ) ) ;
#4453 = VECTOR ( 'NONE', #350, 1000.000000000000000 ) ;
#4454 = VERTEX_POINT ( 'NONE', #7056 ) ;
#4455 = EDGE_CURVE ( 'NONE', #5111, #6717, #3130, .T. ) ;
#4456 = CARTESIAN_POINT ( 'NONE',  ( -2.300000000000000266, 2.299999999999998934, 0.9000000000000002442 ) ) ;
#4457 = DIRECTION ( 'NONE',  ( -1.000000000000000000, 0.000000000000000000, 0.000000000000000000 ) ) ;
#4458 = ORIENTED_EDGE ( 'NONE', *, *, #2676, .T. ) ;
#4459 = PLANE ( 'NONE',  #3654 ) ;
#4460 = ORIENTED_EDGE ( 'NONE', *, *, #4877, .F. ) ;
#4461 = EDGE_LOOP ( 'NONE', ( #2667, #6942, #473, #5278, #5216, #4965 ) ) ;
#4462 = VECTOR ( 'NONE', #1697, 1000.000000000000000 ) ;
#4463 = CARTESIAN_POINT ( 'NONE',  ( -3.700000000000012168, -7.500000000000003553, -4.549999999999998934 ) ) ;
#4464 = CARTESIAN_POINT ( 'NONE',  ( 3.492459649318765624, -1.298118622902357577, -3.853707218633753762 ) ) ;
#4465 = EDGE_LOOP ( 'NONE', ( #3259, #4707, #3057, #1722 ) ) ;
#4466 = ORIENTED_EDGE ( 'NONE', *, *, #6594, .F. ) ;
#4467 = ORIENTED_EDGE ( 'NONE', *, *, #4894, .T. ) ;
#4468 = FACE_OUTER_BOUND ( 'NONE', #3250, .T. ) ;
#4469 = CARTESIAN_POINT ( 'NONE',  ( -3.300000000000010481, -1.905816649150112285, -2.990104334574712919 ) ) ;
#4470 = CARTESIAN_POINT ( 'NONE',  ( -3.200000000000000622, -4.336808689942017736E-16, -0.09999999999998968048 ) ) ;
#4471 = ADVANCED_FACE ( 'NONE', ( #2992 ), #2499, .T. ) ;
#4472 = DIRECTION ( 'NONE',  ( -1.000000000000000000, 0.000000000000000000, 0.000000000000000000 ) ) ;
#4473 = DIRECTION ( 'NONE',  ( 0.3303504247281062178, 0.9438583563660173370, 0.000000000000000000 ) ) ;
#4474 = DIRECTION ( 'NONE',  ( -3.491481338843133355E-15, 0.000000000000000000, -1.000000000000000000 ) ) ;
#4475 = CARTESIAN_POINT ( 'NONE',  ( -1.899999999999999689, -7.500000000000000000, -2.200000000000000178 ) ) ;
#4476 = EDGE_LOOP ( 'NONE', ( #3186, #3941, #3508, #927 ) ) ;
#4477 = FACE_OUTER_BOUND ( 'NONE', #6549, .T. ) ;
#4478 = CARTESIAN_POINT ( 'NONE',  ( -1.674999999999999822, -2.299999999999999822, 0.000000000000000000 ) ) ;
#4479 = FACE_OUTER_BOUND ( 'NONE', #4438, .T. ) ;
#4480 = CARTESIAN_POINT ( 'NONE',  ( -1.450000000000000178, -2.500000000000003109, -2.850000000000000089 ) ) ;
#4481 = ORIENTED_EDGE ( 'NONE', *, *, #4816, .F. ) ;
#4482 = CARTESIAN_POINT ( 'NONE',  ( 0.000000000000000000, 0.000000000000000000, -2.850000000000000089 ) ) ;
#4483 = DIRECTION ( 'NONE',  ( -1.000000000000000000, 0.000000000000000000, 0.000000000000000000 ) ) ;
#4484 = CARTESIAN_POINT ( 'NONE',  ( 2.300000000000000266, 1.963427199554092617, 0.9000000000000001332 ) ) ;
#4485 = DIRECTION ( 'NONE',  ( -0.000000000000000000, -0.000000000000000000, -1.000000000000000000 ) ) ;
#4486 = FACE_OUTER_BOUND ( 'NONE', #916, .T. ) ;
#4487 = ORIENTED_EDGE ( 'NONE', *, *, #5880, .F. ) ;
#4488 = FACE_OUTER_BOUND ( 'NONE', #6368, .T. ) ;
#4489 = DIRECTION ( 'NONE',  ( -0.000000000000000000, -0.000000000000000000, -1.000000000000000000 ) ) ;
#4490 = VERTEX_POINT ( 'NONE', #273 ) ;
#4491 = DIRECTION ( 'NONE',  ( -0.000000000000000000, -0.000000000000000000, -1.000000000000000000 ) ) ;
#4492 = VERTEX_POINT ( 'NONE', #2433 ) ;
#4493 = ORIENTED_EDGE ( 'NONE', *, *, #3164, .F. ) ;
#4494 = EDGE_CURVE ( 'NONE', #3028, #6717, #5310, .T. ) ;
#4495 = DIRECTION ( 'NONE',  ( 0.000000000000000000, 0.000000000000000000, -1.000000000000000000 ) ) ;
#4496 = EDGE_CURVE ( 'NONE', #3583, #3887, #3054, .T. ) ;
#4497 = CARTESIAN_POINT ( 'NONE',  ( 3.295475105373457225, -0.8694471484751687962, -3.060156501862069334 ) ) ;
#4498 = EDGE_LOOP ( 'NONE', ( #4933, #4761, #3515, #2960 ) ) ;
#4499 = VERTEX_POINT ( 'NONE', #4660 ) ;
#4500 = CARTESIAN_POINT ( 'NONE',  ( -0.8499999999999999778, -2.600000000000000533, -2.650000000000000355 ) ) ;
#4501 = CARTESIAN_POINT ( 'NONE',  ( -3.700000000000021494, -4.000000000000000000, -6.049999999999997158 ) ) ;
#4502 = CARTESIAN_POINT ( 'NONE',  ( -0.8499999999999999778, 2.600000000000000533, -2.850000000000000089 ) ) ;
#4503 = COLOUR_RGB ( '',0.7921568627450980005, 0.8196078431372548767, 0.9333333333333333481 ) ;
#4504 = LINE ( 'NONE', #605, #2289 ) ;
#4505 = DIRECTION ( 'NONE',  ( -0.000000000000000000, -0.000000000000000000, -1.000000000000000000 ) ) ;
#4506 = CARTESIAN_POINT ( 'NONE',  ( 3.700000000000016609, -4.587538820250190774, -4.049999999999998934 ) ) ;
#4507 = VECTOR ( 'NONE', #5142, 1000.000000000000000 ) ;
#4508 = CARTESIAN_POINT ( 'NONE',  ( 1.149999999999999911, -2.900000000000000355, -3.200000000000000622 ) ) ;
#4509 = FACE_OUTER_BOUND ( 'NONE', #3179, .T. ) ;
#4510 = EDGE_CURVE ( 'NONE', #827, #2505, #4101, .T. ) ;
#4511 = CARTESIAN_POINT ( 'NONE',  ( -1.150000000000000133, -2.900000000000000355, -3.100000000000000977 ) ) ;
#4512 = VECTOR ( 'NONE', #1833, 1000.000000000000000 ) ;
#4513 = CIRCLE ( 'NONE', #5315, 0.6250000000000001110 ) ;
#4514 = CARTESIAN_POINT ( 'NONE',  ( 2.900000000000000355, -2.399999999999999467, -2.850000000000000089 ) ) ;
#4515 = CARTESIAN_POINT ( 'NONE',  ( 4.128237442572070925, -6.000935160798246848, -4.049999999999998934 ) ) ;
#4516 = EDGE_LOOP ( 'NONE', ( #2374, #1963, #1643, #2826 ) ) ;
#4517 = DIRECTION ( 'NONE',  ( -0.000000000000000000, -0.000000000000000000, -1.000000000000000000 ) ) ;
#4518 = CARTESIAN_POINT ( 'NONE',  ( 3.700000000000015277, 2.600000000000000533, -4.748279434898255325 ) ) ;
#4519 = ADVANCED_FACE ( 'NONE', ( #6394 ), #5247, .T. ) ;
#4520 = VECTOR ( 'NONE', #3952, 1000.000000000000000 ) ;
#4521 = CARTESIAN_POINT ( 'NONE',  ( -2.900000000000000799, -2.399999999999999467, -3.100000000000000977 ) ) ;
#4522 = CIRCLE ( 'NONE', #1790, 0.5000000000000017764 ) ;
#4523 = CARTESIAN_POINT ( 'NONE',  ( 3.041440302102032867, -0.7386327119934323893, -3.830730342022995671 ) ) ;
#4524 = EDGE_CURVE ( 'NONE', #2820, #4251, #3467, .T. ) ;
#4525 = VERTEX_POINT ( 'NONE', #1875 ) ;
#4526 = VECTOR ( 'NONE', #1745, 1000.000000000000000 ) ;
#4527 = VECTOR ( 'NONE', #6547, 1000.000000000000000 ) ;
#4528 = CARTESIAN_POINT ( 'NONE',  ( 2.924999999999999378, 2.300000000000001155, 0.4000000000000000222 ) ) ;
#4529 = DIRECTION ( 'NONE',  ( 0.000000000000000000, -1.000000000000000000, 0.000000000000000000 ) ) ;
#4530 = ADVANCED_FACE ( 'NONE', ( #5830 ), #5866, .T. ) ;
#4531 = ORIENTED_EDGE ( 'NONE', *, *, #3859, .T. ) ;
#4532 = LINE ( 'NONE', #1140, #5901 ) ;
#4533 = EDGE_LOOP ( 'NONE', ( #4140, #5867, #1330, #940 ) ) ;
#4534 = ORIENTED_EDGE ( 'NONE', *, *, #3753, .T. ) ;
#4535 = AXIS2_PLACEMENT_3D ( 'NONE', #809, #4121, #3044 ) ;
#4536 = DIRECTION ( 'NONE',  ( 1.000000000000000000, -4.486353817181402078E-16, 0.000000000000000000 ) ) ;
#4537 = CARTESIAN_POINT ( 'NONE',  ( 3.674349783048587614, -0.2166260169596211649, -3.060156501862068446 ) ) ;
#4538 = EDGE_CURVE ( 'NONE', #4114, #697, #3610, .T. ) ;
#4539 = ORIENTED_EDGE ( 'NONE', *, *, #2651, .T. ) ;
#4540 = CARTESIAN_POINT ( 'NONE',  ( 3.700000000000018829, 1.237797480254292446E-15, -5.371878022344837689 ) ) ;
#4541 = CIRCLE ( 'NONE', #412, 0.05000000000000012768 ) ;
#4542 = ORIENTED_EDGE ( 'NONE', *, *, #3559, .T. ) ;
#4543 = EDGE_CURVE ( 'NONE', #3696, #4892, #2611, .T. ) ;
#4544 = LINE ( 'NONE', #1731, #4520 ) ;
#4545 = CARTESIAN_POINT ( 'NONE',  ( -3.661775210869746999, -1.632126591231522150, -4.601325557152549095 ) ) ;
#4546 = VECTOR ( 'NONE', #2746, 1000.000000000000000 ) ;
#4547 = CARTESIAN_POINT ( 'NONE',  ( -3.700000000000021494, -0.5000000000000002220, -6.049999999999997158 ) ) ;
#4548 = DIRECTION ( 'NONE',  ( 0.000000000000000000, 0.000000000000000000, -1.000000000000000000 ) ) ;
#4549 = DIRECTION ( 'NONE',  ( -1.000000000000000000, -0.000000000000000000, -0.000000000000000000 ) ) ;
#4550 = EDGE_CURVE ( 'NONE', #6634, #298, #1449, .T. ) ;
#4551 = AXIS2_PLACEMENT_3D ( 'NONE', #6916, #6386, #3601 ) ;
#4552 = DIRECTION ( 'NONE',  ( 0.000000000000000000, 0.000000000000000000, 1.000000000000000000 ) ) ;
#4553 = DIRECTION ( 'NONE',  ( -0.000000000000000000, -0.000000000000000000, -1.000000000000000000 ) ) ;
#4554 = LINE ( 'NONE', #1739, #3008 ) ;
#4555 = AXIS2_PLACEMENT_3D ( 'NONE', #5334, #2043, #3626 ) ;
#4556 = DIRECTION ( 'NONE',  ( 0.000000000000000000, 0.000000000000000000, 1.000000000000000000 ) ) ;
#4557 =( NAMED_UNIT ( * ) SI_UNIT ( $, .STERADIAN. ) SOLID_ANGLE_UNIT ( ) );
#4558 = EDGE_CURVE ( 'NONE', #6241, #5386, #5131, .T. ) ;
#4559 = CARTESIAN_POINT ( 'NONE',  ( -1.350000000000000089, 0.000000000000000000, -3.100000000000000977 ) ) ;
#4560 = DIRECTION ( 'NONE',  ( -0.000000000000000000, -0.000000000000000000, -1.000000000000000000 ) ) ;
#4561 = CIRCLE ( 'NONE', #5492, 0.9000000000000014655 ) ;
#4562 = CARTESIAN_POINT ( 'NONE',  ( 3.116257737327599475, -0.9999999999999991118, -4.391147680321848767 ) ) ;
#4563 = ORIENTED_EDGE ( 'NONE', *, *, #4894, .F. ) ;
#4564 = EDGE_CURVE ( 'NONE', #4374, #6599, #466, .T. ) ;
#4565 = AXIS2_PLACEMENT_3D ( 'NONE', #4098, #4757, #6360 ) ;
#4566 = CARTESIAN_POINT ( 'NONE',  ( -3.000000000000000000, 1.600000000000000755, -2.850000000000000089 ) ) ;
#4567 = CARTESIAN_POINT ( 'NONE',  ( 3.000000000000000000, -3.000000000000000000, -2.850000000000000089 ) ) ;
#4568 = VERTEX_POINT ( 'NONE', #5510 ) ;
#4569 = DIRECTION ( 'NONE',  ( -0.000000000000000000, -0.000000000000000000, -1.000000000000000000 ) ) ;
#4570 = ORIENTED_EDGE ( 'NONE', *, *, #2719, .T. ) ;
#4571 = AXIS2_PLACEMENT_3D ( 'NONE', #6437, #6999, #1980 ) ;
#4572 = LINE ( 'NONE', #6754, #4432 ) ;
#4573 = EDGE_LOOP ( 'NONE', ( #1851, #2508, #6513, #416, #1757, #4158, #3348, #2366, #7178, #5529, #3980, #4876, #3605, #4668, #5422, #6458 ) ) ;
#4574 = CARTESIAN_POINT ( 'NONE',  ( 3.683546491039677129, -0.2083699475279142677, -3.854088286177020262 ) ) ;
#4575 = ORIENTED_EDGE ( 'NONE', *, *, #5871, .T. ) ;
#4576 = ADVANCED_FACE ( 'NONE', ( #6703 ), #2697, .T. ) ;
#4577 = CARTESIAN_POINT ( 'NONE',  ( -3.300000000000018030, -0.2052944619610003185, -5.231773687770131076 ) ) ;
#4578 = CARTESIAN_POINT ( 'NONE',  ( -3.700000000000011724, -2.000000000000000444, -4.274394068176243344 ) ) ;
#4579 = PLANE ( 'NONE',  #6784 ) ;
#4580 = PLANE ( 'NONE',  #2190 ) ;
#4581 = CARTESIAN_POINT ( 'NONE',  ( -3.200000000000000622, 3.000000000000000000, -0.1000000000000002554 ) ) ;
#4582 = CARTESIAN_POINT ( 'NONE',  ( 3.000000000000000000, -2.399999999999998579, -2.850000000000000089 ) ) ;
#4583 = FACE_OUTER_BOUND ( 'NONE', #2232, .T. ) ;
#4584 = ADVANCED_FACE ( 'NONE', ( #1469 ), #4995, .T. ) ;
#4585 = DIRECTION ( 'NONE',  ( 1.000000000000000000, 0.000000000000000000, 0.000000000000000000 ) ) ;
#4586 = EDGE_CURVE ( 'NONE', #6505, #4971, #3726, .T. ) ;
#4587 = CARTESIAN_POINT ( 'NONE',  ( 2.899999999999999467, -1.499999999999999334, -2.850000000000000089 ) ) ;
#4588 = CARTESIAN_POINT ( 'NONE',  ( 3.300000000000000711, 2.600000000000000977, -0.6000000000000008660 ) ) ;
#4589 = FACE_OUTER_BOUND ( 'NONE', #7104, .T. ) ;
#4590 = CARTESIAN_POINT ( 'NONE',  ( 1.350000000000000089, 2.900000000000000355, -3.200000000000000622 ) ) ;
#4591 = DIRECTION ( 'NONE',  ( 1.000000000000000000, 0.000000000000000000, 0.000000000000000000 ) ) ;
#4592 = CARTESIAN_POINT ( 'NONE',  ( 3.300000000000015810, -0.09418335084988772865, -4.391147680321848767 ) ) ;
#4593 = VERTEX_POINT ( 'NONE', #4829 ) ;
#4594 = DIRECTION ( 'NONE',  ( -8.673617379884043361E-16, 1.734723475976806700E-15, 1.000000000000000000 ) ) ;
#4595 = CARTESIAN_POINT ( 'NONE',  ( 3.700000000000010836, -1.999999999999998668, -2.849999999999997424 ) ) ;
#4596 = ORIENTED_EDGE ( 'NONE', *, *, #3049, .T. ) ;
#4597 = DIRECTION ( 'NONE',  ( 0.4472135954999583718, -0.8944271909999157444, 0.000000000000000000 ) ) ;
#4598 = ORIENTED_EDGE ( 'NONE', *, *, #6734, .F. ) ;
#4599 = DIRECTION ( 'NONE',  ( -1.000000000000000000, 0.000000000000000000, 0.000000000000000000 ) ) ;
#4600 = VERTEX_POINT ( 'NONE', #1086 ) ;
#4601 = CARTESIAN_POINT ( 'NONE',  ( -3.300000000000009148, -8.000000000000000000, -4.549999999999998934 ) ) ;
#4602 = ORIENTED_EDGE ( 'NONE', *, *, #7084, .F. ) ;
#4603 = CARTESIAN_POINT ( 'NONE',  ( -3.300000000000016254, -4.336808689942017736E-16, -4.858162128904228716 ) ) ;
#4604 = CARTESIAN_POINT ( 'NONE',  ( -3.631028864079374419, -1.626118514280028071, -3.854041602971548741 ) ) ;
#4605 = DIRECTION ( 'NONE',  ( 0.000000000000000000, 0.000000000000000000, -1.000000000000000000 ) ) ;
#4606 = CARTESIAN_POINT ( 'NONE',  ( -3.700000000000014388, -4.000000000000000000, -4.049999999999998934 ) ) ;
#4607 = DIRECTION ( 'NONE',  ( 0.000000000000000000, -0.000000000000000000, 1.000000000000000000 ) ) ;
#4608 = LINE ( 'NONE', #1666, #6178 ) ;
#4609 = CARTESIAN_POINT ( 'NONE',  ( 0.8499999999999999778, 0.4333333333333333481, -2.750000000000000000 ) ) ;
#4610 = DIRECTION ( 'NONE',  ( -0.000000000000000000, -0.000000000000000000, -1.000000000000000000 ) ) ;
#4611 = CARTESIAN_POINT ( 'NONE',  ( -3.000000000000000000, -3.000000000000000000, 0.4000000000000000222 ) ) ;
#4612 = AXIS2_PLACEMENT_3D ( 'NONE', #1534, #6525, #3759 ) ;
#4613 = EDGE_CURVE ( 'NONE', #795, #6393, #4402, .T. ) ;
#4614 = DIRECTION ( 'NONE',  ( 1.000000000000000000, -4.486353817181402078E-16, 0.000000000000000000 ) ) ;
#4615 = DIRECTION ( 'NONE',  ( 0.000000000000000000, 1.000000000000000000, 0.000000000000000000 ) ) ;
#4616 = DIRECTION ( 'NONE',  ( -1.000000000000000000, 0.000000000000000000, 0.000000000000000000 ) ) ;
#4617 = EDGE_CURVE ( 'NONE', #4921, #4251, #5817, .T. ) ;
#4618 = CARTESIAN_POINT ( 'NONE',  ( 3.657366486774653147, -5.832766962299167801, -4.049999999999998934 ) ) ;
#4619 = VECTOR ( 'NONE', #7166, 1000.000000000000000 ) ;
#4620 = VECTOR ( 'NONE', #6857, 1000.000000000000000 ) ;
#4621 = CARTESIAN_POINT ( 'NONE',  ( 3.300000000000010925, -1.999999999999999556, -2.849999999999999201 ) ) ;
#4622 = ORIENTED_EDGE ( 'NONE', *, *, #6223, .F. ) ;
#4623 = FACE_OUTER_BOUND ( 'NONE', #496, .T. ) ;
#4624 = CARTESIAN_POINT ( 'NONE',  ( 1.450000000000000178, 1.499999999999999334, -3.100000000000000977 ) ) ;
#4625 = ADVANCED_FACE ( 'NONE', ( #1013 ), #6576, .T. ) ;
#4626 = CIRCLE ( 'NONE', #2482, 0.8999999999999998002 ) ;
#4627 = EDGE_LOOP ( 'NONE', ( #7086, #5988, #6546, #1177 ) ) ;
#4628 = AXIS2_PLACEMENT_3D ( 'NONE', #4449, #1862, #3377 ) ;
#4629 = CARTESIAN_POINT ( 'NONE',  ( 3.199999999999999289, 3.000000000000001332, -0.1000000000000002554 ) ) ;
#4630 = ORIENTED_EDGE ( 'NONE', *, *, #5126, .F. ) ;
#4631 = EDGE_CURVE ( 'NONE', #732, #5117, #500, .T. ) ;
#4632 = EDGE_CURVE ( 'NONE', #202, #7051, #6662, .T. ) ;
#4633 = FACE_OUTER_BOUND ( 'NONE', #368, .T. ) ;
#4634 = VECTOR ( 'NONE', #2094, 1000.000000000000000 ) ;
#4635 = CIRCLE ( 'NONE', #4148, 0.6250000000000001110 ) ;
#4636 = ORIENTED_EDGE ( 'NONE', *, *, #5381, .F. ) ;
#4637 = EDGE_CURVE ( 'NONE', #2181, #5481, #5385, .T. ) ;
#4638 = CARTESIAN_POINT ( 'NONE',  ( 3.700000000000009059, -0.09371311001840368360, -2.849999999999997424 ) ) ;
#4639 = VERTEX_POINT ( 'NONE', #4875 ) ;
#4640 = CARTESIAN_POINT ( 'NONE',  ( -3.135054598115169622, -0.7393959462822999873, -4.391147680321848767 ) ) ;
#4641 = LINE ( 'NONE', #6940, #1245 ) ;
#4642 = AXIS2_PLACEMENT_3D ( 'NONE', #777, #3754, #456 ) ;
#4643 = EDGE_CURVE ( 'NONE', #1471, #4844, #2640, .T. ) ;
#4644 = DIRECTION ( 'NONE',  ( 0.000000000000000000, -1.000000000000000000, 0.000000000000000000 ) ) ;
#4645 = DIRECTION ( 'NONE',  ( 0.000000000000000000, -1.000000000000000000, 0.000000000000000000 ) ) ;
#4646 = ORIENTED_EDGE ( 'NONE', *, *, #520, .F. ) ;
#4647 = LINE ( 'NONE', #6910, #1217 ) ;
#4648 = CARTESIAN_POINT ( 'NONE',  ( -0.8499999999999997558, 0.4333333333333333481, -2.650000000000000355 ) ) ;
#4649 = VECTOR ( 'NONE', #3384, 1000.000000000000114 ) ;
#4650 = ADVANCED_FACE ( 'NONE', ( #7089 ), #2138, .T. ) ;
#4651 = DIRECTION ( 'NONE',  ( 0.000000000000000000, -1.000000000000000000, 0.000000000000000000 ) ) ;
#4652 = CARTESIAN_POINT ( 'NONE',  ( -3.254361941448101980, -1.131957227084809503, -2.849999999999996980 ) ) ;
#4653 = CYLINDRICAL_SURFACE ( 'NONE', #171, 0.05000000000000012768 ) ;
#4654 = CARTESIAN_POINT ( 'NONE',  ( -3.000000000000000000, -3.000000000000000000, 0.000000000000000000 ) ) ;
#4655 = ORIENTED_EDGE ( 'NONE', *, *, #1239, .F. ) ;
#4656 = DIRECTION ( 'NONE',  ( -5.987542637623614683E-15, -1.000000000000000000, 0.000000000000000000 ) ) ;
#4657 = DIRECTION ( 'NONE',  ( 0.000000000000000000, 0.000000000000000000, -1.000000000000000000 ) ) ;
#4658 = ORIENTED_EDGE ( 'NONE', *, *, #4524, .F. ) ;
#4659 = LINE ( 'NONE', #4528, #3982 ) ;
#4660 = CARTESIAN_POINT ( 'NONE',  ( 3.199999999999999289, 3.000000000000001776, -8.673617379884035472E-16 ) ) ;
#4661 = AXIS2_PLACEMENT_3D ( 'NONE', #4206, #4173, #5946 ) ;
#4662 = ORIENTED_EDGE ( 'NONE', *, *, #48, .T. ) ;
#4663 = DIRECTION ( 'NONE',  ( 2.602085213965208275E-15, 1.734723475976805517E-15, 1.000000000000000000 ) ) ;
#4664 = EDGE_LOOP ( 'NONE', ( #389, #2709, #3944, #5502 ) ) ;
#4665 = CARTESIAN_POINT ( 'NONE',  ( 2.900000000000000355, -1.599999999999999201, -3.100000000000000977 ) ) ;
#4666 = ADVANCED_FACE ( 'NONE', ( #2098 ), #2057, .F. ) ;
#4667 = AXIS2_PLACEMENT_3D ( 'NONE', #4708, #2908, #4149 ) ;
#4668 = ORIENTED_EDGE ( 'NONE', *, *, #3716, .T. ) ;
#4669 = EDGE_CURVE ( 'NONE', #3622, #3028, #969, .T. ) ;
#4670 = FACE_OUTER_BOUND ( 'NONE', #6930, .T. ) ;
#4671 = EDGE_LOOP ( 'NONE', ( #4163, #1677, #3830 ) ) ;
#4672 = VECTOR ( 'NONE', #5552, 1000.000000000000114 ) ;
#4673 = CARTESIAN_POINT ( 'NONE',  ( -3.283504851620970388, -1.796664292613104008, -3.363715893440616167 ) ) ;
#4674 = CARTESIAN_POINT ( 'NONE',  ( -3.683551088572483145, -1.756772294004485868, -4.601306728343174335 ) ) ;
#4675 = ORIENTED_EDGE ( 'NONE', *, *, #2866, .T. ) ;
#4676 = VECTOR ( 'NONE', #5264, 1000.000000000000000 ) ;
#4677 = DIRECTION ( 'NONE',  ( 0.000000000000000000, -1.000000000000000000, 0.000000000000000000 ) ) ;
#4678 = CARTESIAN_POINT ( 'NONE',  ( -1.149999999999999911, -2.900000000000000355, -2.850000000000000089 ) ) ;
#4679 = ORIENTED_EDGE ( 'NONE', *, *, #442, .F. ) ;
#4680 = DIRECTION ( 'NONE',  ( -1.000000000000000000, -4.517509052022934484E-16, 0.000000000000000000 ) ) ;
#4681 = DIRECTION ( 'NONE',  ( 0.000000000000000000, -1.000000000000000000, 0.000000000000000000 ) ) ;
#4682 =( BOUNDED_SURFACE ( )  B_SPLINE_SURFACE ( 2, 3, ( 
 ( #2704, #982, #6079, #4963 ),
 ( #2150, #1136, #2192, #3224 ),
 ( #5594, #393, #4456, #7216 ) ),
 .UNSPECIFIED., .F., .F., .F. ) 
 B_SPLINE_SURFACE_WITH_KNOTS ( ( 3, 3 ),
 ( 4, 4 ),
 ( 0.000000000000000000, 1.000000000000000000 ),
 ( 0.000000000000000000, 1.000000000000000000 ),
 .UNSPECIFIED. ) 
 GEOMETRIC_REPRESENTATION_ITEM ( )  RATIONAL_B_SPLINE_SURFACE ( (
 ( 1.000000000000000000, 0.3333333333333335369, 0.3333333333333335369, 1.000000000000000000),
 ( 1.000000000000000000, 0.3333333333333335369, 0.3333333333333335369, 1.000000000000000000),
 ( 1.000000000000000000, 0.3333333333333335369, 0.3333333333333335369, 1.000000000000000000) ) ) 
 REPRESENTATION_ITEM ( '' )  SURFACE ( )  );
#4683 =( BOUNDED_SURFACE ( )  B_SPLINE_SURFACE ( 2, 3, ( 
 ( #2573, #5423, #4279, #6535 ),
 ( #4405, #6023, #345, #3728 ),
 ( #3132, #5986, #935, #4998 ) ),
 .UNSPECIFIED., .F., .F., .F. ) 
 B_SPLINE_SURFACE_WITH_KNOTS ( ( 3, 3 ),
 ( 4, 4 ),
 ( 0.000000000000000000, 1.000000000000000000 ),
 ( 0.000000000000000000, 1.000000000000000000 ),
 .UNSPECIFIED. ) 
 GEOMETRIC_REPRESENTATION_ITEM ( )  RATIONAL_B_SPLINE_SURFACE ( (
 ( 1.000000000000000000, 0.3333333333333332038, 0.3333333333333332038, 1.000000000000000000),
 ( 1.000000000000000000, 0.3333333333333332038, 0.3333333333333332038, 1.000000000000000000),
 ( 1.000000000000000000, 0.3333333333333332038, 0.3333333333333332038, 1.000000000000000000) ) ) 
 REPRESENTATION_ITEM ( '' )  SURFACE ( )  );
#4684 = DIRECTION ( 'NONE',  ( 4.517509052022934484E-16, -1.000000000000000000, 0.000000000000000000 ) ) ;
#4685 = LINE ( 'NONE', #2388, #668 ) ;
#4686 = CARTESIAN_POINT ( 'NONE',  ( 0.000000000000000000, 0.000000000000000000, 0.4000000000000000222 ) ) ;
#4687 = CARTESIAN_POINT ( 'NONE',  ( -3.700000000000016609, -2.000000000000000888, -4.748279434898255325 ) ) ;
#4688 = VERTEX_POINT ( 'NONE', #4515 ) ;
#4689 = DIRECTION ( 'NONE',  ( 1.000000000000000000, 0.000000000000000000, 0.000000000000000000 ) ) ;
#4690 = CARTESIAN_POINT ( 'NONE',  ( 0.000000000000000000, 3.000000000000000000, -2.850000000000000089 ) ) ;
#4691 = ORIENTED_EDGE ( 'NONE', *, *, #7266, .F. ) ;
#4692 = ADVANCED_FACE ( 'NONE', ( #6845 ), #3332, .T. ) ;
#4693 = CARTESIAN_POINT ( 'NONE',  ( -1.149999999999999911, 3.000000000000000000, -2.850000000000000089 ) ) ;
#4694 = DIRECTION ( 'NONE',  ( -0.000000000000000000, -0.000000000000000000, -1.000000000000000000 ) ) ;
#4695 = ORIENTED_EDGE ( 'NONE', *, *, #3571, .T. ) ;
#4696 = DIRECTION ( 'NONE',  ( -1.000000000000000000, 0.000000000000000000, -3.469446951953601961E-15 ) ) ;
#4697 = ORIENTED_EDGE ( 'NONE', *, *, #1996, .T. ) ;
#4698 = CARTESIAN_POINT ( 'NONE',  ( -3.000000000000000000, -3.000000000000000000, 0.4000000000000000222 ) ) ;
#4699 = VERTEX_POINT ( 'NONE', #1742 ) ;
#4700 = FACE_OUTER_BOUND ( 'NONE', #4417, .T. ) ;
#4701 = EDGE_CURVE ( 'NONE', #1638, #3394, #878, .T. ) ;
#4702 = VERTEX_POINT ( 'NONE', #5623 ) ;
#4703 = CARTESIAN_POINT ( 'NONE',  ( -3.300000000000015810, -0.09418335084988922745, -4.391147680321848767 ) ) ;
#4704 = EDGE_CURVE ( 'NONE', #3778, #7033, #4809, .T. ) ;
#4705 = CARTESIAN_POINT ( 'NONE',  ( -3.700000000000015277, -1.121087672733814600, -5.229159837403211775 ) ) ;
#4706 = CARTESIAN_POINT ( 'NONE',  ( 3.700000000000019273, -1.957567721828833651, -5.021617185908048953 ) ) ;
#4707 = ORIENTED_EDGE ( 'NONE', *, *, #765, .T. ) ;
#4708 = CARTESIAN_POINT ( 'NONE',  ( 3.700000000000012612, -3.999999999999998224, -3.049999999999999378 ) ) ;
#4709 = ORIENTED_EDGE ( 'NONE', *, *, #1135, .T. ) ;
#4710 = LINE ( 'NONE', #2552, #3206 ) ;
#4711 = DIRECTION ( 'NONE',  ( 0.000000000000000000, 1.000000000000000000, 0.000000000000000000 ) ) ;
#4712 = EDGE_CURVE ( 'NONE', #6265, #902, #2221, .T. ) ;
#4713 = CARTESIAN_POINT ( 'NONE',  ( -1.450000000000000178, 0.000000000000000000, -3.100000000000000977 ) ) ;
#4714 = DIRECTION ( 'NONE',  ( 0.000000000000000000, 0.000000000000000000, -1.000000000000000000 ) ) ;
#4715 = CARTESIAN_POINT ( 'NONE',  ( 0.8499999999999999778, 0.4333333333333333481, -2.650000000000000355 ) ) ;
#4716 = DIRECTION ( 'NONE',  ( 1.000000000000000000, 0.000000000000000000, 0.000000000000000000 ) ) ;
#4717 = CARTESIAN_POINT ( 'NONE',  ( 0.8499999999999999778, -1.733333333333333171, -2.750000000000000000 ) ) ;
#4718 = ORIENTED_EDGE ( 'NONE', *, *, #6083, .T. ) ;
#4719 = FACE_OUTER_BOUND ( 'NONE', #1606, .T. ) ;
#4720 = DIRECTION ( 'NONE',  ( -0.000000000000000000, -0.000000000000000000, -1.000000000000000000 ) ) ;
#4721 = ORIENTED_EDGE ( 'NONE', *, *, #3847, .T. ) ;
#4722 = CARTESIAN_POINT ( 'NONE',  ( -2.900000000000000799, -2.399999999999999467, -3.100000000000000977 ) ) ;
#4723 = VERTEX_POINT ( 'NONE', #2773 ) ;
#4724 = CARTESIAN_POINT ( 'NONE',  ( -4.200000000000012612, -7.286606874731853978, -4.049999999999997158 ) ) ;
#4725 = EDGE_LOOP ( 'NONE', ( #5389, #5473, #1583, #5156, #3273 ) ) ;
#4726 = AXIS2_PLACEMENT_3D ( 'NONE', #1736, #646, #3324 ) ;
#4727 = VECTOR ( 'NONE', #1779, 1000.000000000000000 ) ;
#4728 = EDGE_CURVE ( 'NONE', #1027, #6091, #4886, .T. ) ;
#4729 = LINE ( 'NONE', #241, #1825 ) ;
#4730 = ORIENTED_EDGE ( 'NONE', *, *, #215, .F. ) ;
#4731 = COLOUR_RGB ( '',0.7921568627450980005, 0.8196078431372548767, 0.9333333333333333481 ) ;
#4732 = AXIS2_PLACEMENT_3D ( 'NONE', #1976, #5349, #6493 ) ;
#4733 = DIRECTION ( 'NONE',  ( 1.000000000000000000, 0.000000000000000000, 0.000000000000000000 ) ) ;
#4734 = EDGE_LOOP ( 'NONE', ( #5810, #5010, #2512, #3638 ) ) ;
#4735 = FACE_OUTER_BOUND ( 'NONE', #6347, .T. ) ;
#4736 = AXIS2_PLACEMENT_3D ( 'NONE', #2883, #2226, #37 ) ;
#4737 = VECTOR ( 'NONE', #1040, 1000.000000000000000 ) ;
#4738 = CARTESIAN_POINT ( 'NONE',  ( -3.376454728654989079, -1.303900694762708534, -3.060156501862067557 ) ) ;
#4739 = CARTESIAN_POINT ( 'NONE',  ( 3.631028864079375307, -1.626118514280026295, -3.854041602971548741 ) ) ;
#4740 = ORIENTED_EDGE ( 'NONE', *, *, #860, .F. ) ;
#4741 = ADVANCED_FACE ( 'NONE', ( #6189 ), #1126, .T. ) ;
#4742 = VECTOR ( 'NONE', #3807, 1000.000000000000000 ) ;
#4743 = APPLICATION_PROTOCOL_DEFINITION ( 'draft international standard', 'automotive_design', 1998, #1799 ) ;
#4744 = ORIENTED_EDGE ( 'NONE', *, *, #6455, .T. ) ;
#4745 = CARTESIAN_POINT ( 'NONE',  ( 3.000000000000000000, 3.000000000000000000, -3.200000000000000622 ) ) ;
#4746 = CARTESIAN_POINT ( 'NONE',  ( 3.000000000000000000, -3.000000000000000000, 0.000000000000000000 ) ) ;
#4747 = LINE ( 'NONE', #1494, #431 ) ;
#4748 = VECTOR ( 'NONE', #5715, 1000.000000000000000 ) ;
#4749 = CARTESIAN_POINT ( 'NONE',  ( -2.299999999999999378, -2.299999999999999378, 0.9000000000000002442 ) ) ;
#4750 = CARTESIAN_POINT ( 'NONE',  ( 3.700000000000016165, -4.000000000000000888, -5.049999999999998934 ) ) ;
#4751 = AXIS2_PLACEMENT_3D ( 'NONE', #2534, #4793, #237 ) ;
#4752 = CARTESIAN_POINT ( 'NONE',  ( 2.300000000000000266, 1.674999999999999822, 0.6500000000000001332 ) ) ;
#4753 = LINE ( 'NONE', #3630, #1542 ) ;
#4754 = ORIENTED_EDGE ( 'NONE', *, *, #3174, .T. ) ;
#4755 = CARTESIAN_POINT ( 'NONE',  ( -0.8499999999999999778, -2.600000000000000533, -2.850000000000000089 ) ) ;
#4756 = MANIFOLD_SOLID_BREP ( 'Boss-Extrude5', #6481 ) ;
#4757 = DIRECTION ( 'NONE',  ( 0.000000000000000000, 0.000000000000000000, -1.000000000000000000 ) ) ;
#4758 = AXIS2_PLACEMENT_3D ( 'NONE', #2924, #1200, #2363 ) ;
#4759 = VERTEX_POINT ( 'NONE', #1193 ) ;
#4760 = CARTESIAN_POINT ( 'NONE',  ( -1.149999999999999911, -2.900000000000000355, -3.100000000000000977 ) ) ;
#4761 = ORIENTED_EDGE ( 'NONE', *, *, #5059, .F. ) ;
#4762 = DIRECTION ( 'NONE',  ( 0.000000000000000000, 0.000000000000000000, -1.000000000000000000 ) ) ;
#4763 = EDGE_LOOP ( 'NONE', ( #2403, #3002, #277, #751 ) ) ;
#4764 = VECTOR ( 'NONE', #6355, 1000.000000000000000 ) ;
#4765 = CARTESIAN_POINT ( 'NONE',  ( 3.700000000000004174, -3.499999999999998224, -0.5999999999999977573 ) ) ;
#4766 = EDGE_CURVE ( 'NONE', #4210, #4356, #2879, .T. ) ;
#4767 = ORIENTED_EDGE ( 'NONE', *, *, #6027, .T. ) ;
#4768 = VECTOR ( 'NONE', #919, 1000.000000000000114 ) ;
#4769 = CARTESIAN_POINT ( 'NONE',  ( 1.350000000000000089, -3.000000000000000000, -2.850000000000000089 ) ) ;
#4770 = ORIENTED_EDGE ( 'NONE', *, *, #2240, .T. ) ;
#4771 = VECTOR ( 'NONE', #5802, 1000.000000000000000 ) ;
#4772 = CARTESIAN_POINT ( 'NONE',  ( -3.593016017317588240, -0.3813817795449034875, -3.060156501862068446 ) ) ;
#4773 = CARTESIAN_POINT ( 'NONE',  ( 3.700000000000021050, -1.763888888888888173, -5.371878022344835912 ) ) ;
#4774 = EDGE_LOOP ( 'NONE', ( #3019, #4938, #6751 ) ) ;
#4775 = VECTOR ( 'NONE', #2054, 1000.000000000000000 ) ;
#4776 = ORIENTED_EDGE ( 'NONE', *, *, #1688, .T. ) ;
#4777 = DIRECTION ( 'NONE',  ( 0.000000000000000000, 0.000000000000000000, 1.000000000000000000 ) ) ;
#4778 = LINE ( 'NONE', #3707, #58 ) ;
#4779 = DIRECTION ( 'NONE',  ( 0.000000000000000000, 0.000000000000000000, 1.000000000000000000 ) ) ;
#4780 = VECTOR ( 'NONE', #863, 1000.000000000000000 ) ;
#4781 = DIRECTION ( 'NONE',  ( 0.000000000000000000, 0.000000000000000000, 1.000000000000000000 ) ) ;
#4782 = ORIENTED_EDGE ( 'NONE', *, *, #5971, .T. ) ;
#4783 = DIRECTION ( 'NONE',  ( -4.343693137204245902E-16, 0.9615239476408233843, 0.2747211278973775705 ) ) ;
#4784 = VECTOR ( 'NONE', #1812, 1000.000000000000000 ) ;
#4785 = CARTESIAN_POINT ( 'NONE',  ( -3.121833710861378730, -0.4958465349151196522, -2.850000000000002753 ) ) ;
#4786 = LINE ( 'NONE', #7050, #6276 ) ;
#4787 = ORIENTED_EDGE ( 'NONE', *, *, #3753, .F. ) ;
#4788 = ADVANCED_FACE ( 'NONE', ( #1663 ), #102, .T. ) ;
#4789 = CYLINDRICAL_SURFACE ( 'NONE', #6185, 0.09999999999999982514 ) ;
#4790 = EDGE_CURVE ( 'NONE', #5481, #6856, #6290, .T. ) ;
#4791 = CARTESIAN_POINT ( 'NONE',  ( 3.300000000000019362, -1.905816649150110509, -5.371878022344844794 ) ) ;
#4792 = ORIENTED_EDGE ( 'NONE', *, *, #1178, .T. ) ;
#4793 = DIRECTION ( 'NONE',  ( 0.000000000000000000, 0.000000000000000000, 1.000000000000000000 ) ) ;
#4794 = VERTEX_POINT ( 'NONE', #132 ) ;
#4795 = DIRECTION ( 'NONE',  ( -1.000000000000000000, -2.093631781351319655E-15, 0.000000000000000000 ) ) ;
#4796 = VERTEX_POINT ( 'NONE', #4480 ) ;
#4797 = ADVANCED_FACE ( 'NONE', ( #6737 ), #3928, .T. ) ;
#4798 = ADVANCED_FACE ( 'NONE', ( #1321 ), #5786, .T. ) ;
#4799 = LINE ( 'NONE', #5284, #5249 ) ;
#4800 = VERTEX_POINT ( 'NONE', #164 ) ;
#4801 = DIRECTION ( 'NONE',  ( 0.000000000000000000, 0.000000000000000000, -1.000000000000000000 ) ) ;
#4802 = DIRECTION ( 'NONE',  ( -0.000000000000000000, -0.000000000000000000, -1.000000000000000000 ) ) ;
#4803 = ORIENTED_EDGE ( 'NONE', *, *, #832, .T. ) ;
#4804 = ORIENTED_EDGE ( 'NONE', *, *, #5154, .T. ) ;
#4805 = CARTESIAN_POINT ( 'NONE',  ( -3.700000000000016609, -1.471683892699812590, -5.231171085938932208 ) ) ;
#4806 = CARTESIAN_POINT ( 'NONE',  ( 2.899999999999999467, -1.499999999999999334, -2.850000000000000089 ) ) ;
#4807 = ORIENTED_EDGE ( 'NONE', *, *, #597, .F. ) ;
#4808 = SHAPE_DEFINITION_REPRESENTATION ( #5724, #5714 ) ;
#4809 =( BOUNDED_CURVE ( )  B_SPLINE_CURVE ( 3, ( #3374, #5688, #6777, #4063 ),
 .UNSPECIFIED., .F., .T. ) 
 B_SPLINE_CURVE_WITH_KNOTS ( ( 4, 4 ),
 ( 4.712388980384689674, 6.283185307179586232 ),
 .UNSPECIFIED. ) 
 CURVE ( )  GEOMETRIC_REPRESENTATION_ITEM ( )  RATIONAL_B_SPLINE_CURVE ( ( 1.000000000000000000, 0.8047378541243649375, 0.8047378541243649375, 1.000000000000000000 ) ) 
 REPRESENTATION_ITEM ( '' )  );
#4810 = ADVANCED_FACE ( 'NONE', ( #199 ), #2425, .T. ) ;
#4811 = ORIENTED_EDGE ( 'NONE', *, *, #2922, .T. ) ;
#4812 = EDGE_LOOP ( 'NONE', ( #3281, #4335, #4841, #6526 ) ) ;
#4813 = CARTESIAN_POINT ( 'NONE',  ( 2.899999999999999911, -2.499999999999999556, -2.850000000000000089 ) ) ;
#4814 = DIRECTION ( 'NONE',  ( 0.000000000000000000, 1.000000000000000000, 0.000000000000000000 ) ) ;
#4815 = LINE ( 'NONE', #6416, #2044 ) ;
#4816 = EDGE_CURVE ( 'NONE', #1679, #3614, #4122, .T. ) ;
#4817 = EDGE_CURVE ( 'NONE', #6117, #2892, #3566, .T. ) ;
#4818 = DIRECTION ( 'NONE',  ( 0.000000000000000000, 4.336808689942043768E-15, 1.000000000000000000 ) ) ;
#4819 = CARTESIAN_POINT ( 'NONE',  ( 2.600000000000000533, 3.100000000000000089, -2.200000000000000178 ) ) ;
#4820 = ORIENTED_EDGE ( 'NONE', *, *, #3900, .T. ) ;
#4821 = LINE ( 'NONE', #3247, #2771 ) ;
#4822 = DIRECTION ( 'NONE',  ( -0.3303504247281062178, -0.9438583563660173370, 0.000000000000000000 ) ) ;
#4823 = CARTESIAN_POINT ( 'NONE',  ( 1.408578643762689930, -1.541421356237309803, -3.200000000000000622 ) ) ;
#4824 = EDGE_LOOP ( 'NONE', ( #6405, #6233, #4936, #7146 ) ) ;
#4825 = LINE ( 'NONE', #7083, #6045 ) ;
#4826 = LINE ( 'NONE', #3805, #1361 ) ;
#4827 = VERTEX_POINT ( 'NONE', #5819 ) ;
#4828 = DIRECTION ( 'NONE',  ( 0.000000000000000000, 1.000000000000000000, 0.000000000000000000 ) ) ;
#4829 = CARTESIAN_POINT ( 'NONE',  ( 1.450000000000000178, 1.499999999999999334, -3.100000000000000977 ) ) ;
#4830 = EDGE_CURVE ( 'NONE', #7130, #1230, #7015, .T. ) ;
#4831 = ORIENTED_EDGE ( 'NONE', *, *, #217, .F. ) ;
#4832 = DIRECTION ( 'NONE',  ( -1.000000000000000000, 0.000000000000000000, 0.000000000000000000 ) ) ;
#4833 = CARTESIAN_POINT ( 'NONE',  ( 3.300000000000015810, -7.499999999999998224, -4.549999999999998934 ) ) ;
#4834 = ORIENTED_EDGE ( 'NONE', *, *, #2854, .F. ) ;
#4835 = CARTESIAN_POINT ( 'NONE',  ( 1.350000000000000089, -1.499999999999999778, -3.200000000000000622 ) ) ;
#4836 = VERTEX_POINT ( 'NONE', #2455 ) ;
#4837 = LINE ( 'NONE', #7062, #687 ) ;
#4838 = DIRECTION ( 'NONE',  ( -0.000000000000000000, -0.000000000000000000, -1.000000000000000000 ) ) ;
#4839 = EDGE_CURVE ( 'NONE', #2162, #2662, #4685, .T. ) ;
#4840 = CIRCLE ( 'NONE', #66, 0.09999999999999982514 ) ;
#4841 = ORIENTED_EDGE ( 'NONE', *, *, #3743, .F. ) ;
#4842 = AXIS2_PLACEMENT_3D ( 'NONE', #3844, #4267, #6105 ) ;
#4843 = CARTESIAN_POINT ( 'NONE',  ( -3.700000000000014388, -3.500000000000000000, -4.049999999999998934 ) ) ;
#4844 = VERTEX_POINT ( 'NONE', #2946 ) ;
#4845 = VERTEX_POINT ( 'NONE', #3081 ) ;
#4846 = CARTESIAN_POINT ( 'NONE',  ( -3.433892703588353967, -1.301082346714760751, -3.433518830182402226 ) ) ;
#4847 = AXIS2_PLACEMENT_3D ( 'NONE', #5500, #6012, #2049 ) ;
#4848 = CARTESIAN_POINT ( 'NONE',  ( 3.700000000000019718, -1.954550755983151644, -3.433768060727972582 ) ) ;
#4849 = AXIS2_PLACEMENT_3D ( 'NONE', #6579, #3133, #3769 ) ;
#4850 = ORIENTED_EDGE ( 'NONE', *, *, #3260, .F. ) ;
#4851 = VERTEX_POINT ( 'NONE', #5858 ) ;
#4852 = ORIENTED_EDGE ( 'NONE', *, *, #3997, .T. ) ;
#4853 = AXIS2_PLACEMENT_3D ( 'NONE', #6260, #1772, #4030 ) ;
#4854 = CARTESIAN_POINT ( 'NONE',  ( 3.300000000000013145, -7.999999999999998224, -4.549999999999998934 ) ) ;
#4855 = AXIS2_PLACEMENT_3D ( 'NONE', #3834, #7194, #3239 ) ;
#4856 = FACE_OUTER_BOUND ( 'NONE', #5511, .T. ) ;
#4857 = CARTESIAN_POINT ( 'NONE',  ( -6.729530725772094243E-16, 1.499999999999998668, -2.850000000000000089 ) ) ;
#4858 = EDGE_CURVE ( 'NONE', #3681, #3307, #5337, .T. ) ;
#4859 = AXIS2_PLACEMENT_3D ( 'NONE', #2257, #4485, #1711 ) ;
#4860 = AXIS2_PLACEMENT_3D ( 'NONE', #4686, #6950, #3568 ) ;
#4861 = FACE_OUTER_BOUND ( 'NONE', #4476, .T. ) ;
#4862 = DIRECTION ( 'NONE',  ( 8.673617379884030739E-15, 1.000000000000000000, 0.000000000000000000 ) ) ;
#4863 = VERTEX_POINT ( 'NONE', #4715 ) ;
#4864 = LINE ( 'NONE', #1579, #7257 ) ;
#4865 = CARTESIAN_POINT ( 'NONE',  ( -3.278597828075715537, -0.2027530115181711556, -2.850000000000001865 ) ) ;
#4866 = CARTESIAN_POINT ( 'NONE',  ( 1.450000000000000400, 2.500000000000001332, -3.100000000000000977 ) ) ;
#4867 = ORIENTED_EDGE ( 'NONE', *, *, #11, .F. ) ;
#4868 = AXIS2_PLACEMENT_3D ( 'NONE', #5857, #2945, #3014 ) ;
#4869 = DIRECTION ( 'NONE',  ( -0.3363363969981563173, -0.9417419115948373332, 0.000000000000000000 ) ) ;
#4870 = CARTESIAN_POINT ( 'NONE',  ( -2.925000000000000266, -2.299999999999999822, 0.000000000000000000 ) ) ;
#4871 = ORIENTED_EDGE ( 'NONE', *, *, #1389, .T. ) ;
#4872 = EDGE_CURVE ( 'NONE', #4225, #6410, #3690, .T. ) ;
#4873 = AXIS2_PLACEMENT_3D ( 'NONE', #3840, #1962, #3080 ) ;
#4874 = CARTESIAN_POINT ( 'NONE',  ( 2.900000000000000355, -1.599999999999999423, -3.200000000000000622 ) ) ;
#4875 = CARTESIAN_POINT ( 'NONE',  ( 2.925000000000000266, -2.299999999999999822, 0.6500000000000001332 ) ) ;
#4876 = ORIENTED_EDGE ( 'NONE', *, *, #413, .F. ) ;
#4877 = EDGE_CURVE ( 'NONE', #2497, #517, #4289, .T. ) ;
#4878 = CARTESIAN_POINT ( 'NONE',  ( -3.700000000000021494, -4.000000000000000000, -6.049999999999997158 ) ) ;
#4879 = DIRECTION ( 'NONE',  ( 0.000000000000000000, -0.000000000000000000, 1.000000000000000000 ) ) ;
#4880 = CARTESIAN_POINT ( 'NONE',  ( 3.700000000000004174, -3.499999999999998224, -0.5999999999999977573 ) ) ;
#4881 = AXIS2_PLACEMENT_3D ( 'NONE', #4444, #6112, #933 ) ;
#4882 = DIRECTION ( 'NONE',  ( 2.602085213965209064E-15, -1.734723475976804333E-15, -1.000000000000000000 ) ) ;
#4883 = VERTEX_POINT ( 'NONE', #3628 ) ;
#4884 = FACE_OUTER_BOUND ( 'NONE', #1502, .T. ) ;
#4885 = DIRECTION ( 'NONE',  ( 1.000000000000000000, 0.000000000000000000, 0.000000000000000000 ) ) ;
#4886 = CIRCLE ( 'NONE', #6209, 0.5000000000000004441 ) ;
#4887 = VERTEX_POINT ( 'NONE', #5886 ) ;
#4888 = CARTESIAN_POINT ( 'NONE',  ( 2.299999999999999822, -2.925000000000001155, 0.6500000000000001332 ) ) ;
#4889 = ORIENTED_EDGE ( 'NONE', *, *, #4349, .T. ) ;
#4890 = ORIENTED_EDGE ( 'NONE', *, *, #746, .F. ) ;
#4891 = ADVANCED_FACE ( 'NONE', ( #5238 ), #843, .T. ) ;
#4892 = VERTEX_POINT ( 'NONE', #4222 ) ;
#4893 = CARTESIAN_POINT ( 'NONE',  ( -3.700000000000011724, -2.786183360632266623E-16, -4.274394068176251338 ) ) ;
#4894 = EDGE_CURVE ( 'NONE', #6671, #4883, #713, .T. ) ;
#4895 = AXIS2_PLACEMENT_3D ( 'NONE', #3916, #2685, #2209 ) ;
#4896 = CARTESIAN_POINT ( 'NONE',  ( 3.700000000000015721, -0.5282753649587674794, -5.231169173262848027 ) ) ;
#4897 = VERTEX_POINT ( 'NONE', #884 ) ;
#4898 = ORIENTED_EDGE ( 'NONE', *, *, #1754, .T. ) ;
#4899 = ORIENTED_EDGE ( 'NONE', *, *, #5601, .T. ) ;
#4900 = AXIS2_PLACEMENT_3D ( 'NONE', #1371, #3615, #5870 ) ;
#4901 = CARTESIAN_POINT ( 'NONE',  ( -2.299999999999999822, 2.299999999999999822, 0.6500000000000001332 ) ) ;
#4902 = CARTESIAN_POINT ( 'NONE',  ( -2.900000000000000355, 2.400000000000000355, -2.850000000000000089 ) ) ;
#4903 = CARTESIAN_POINT ( 'NONE',  ( -2.299999999999999822, -2.299999999999999822, 0.9000000000000001332 ) ) ;
#4904 = EDGE_CURVE ( 'NONE', #1417, #2589, #5604, .T. ) ;
#4905 = VECTOR ( 'NONE', #4915, 1000.000000000000114 ) ;
#4906 = DIRECTION ( 'NONE',  ( -1.000000000000000000, -6.938893903907227392E-16, 0.000000000000000000 ) ) ;
#4907 = CARTESIAN_POINT ( 'NONE',  ( -1.450000000000000178, -1.499999999999999334, -3.158578643762690152 ) ) ;
#4908 = ORIENTED_EDGE ( 'NONE', *, *, #4586, .F. ) ;
#4909 = CARTESIAN_POINT ( 'NONE',  ( -1.350000000000000089, -3.000000000000000000, -2.850000000000000089 ) ) ;
#4910 = LINE ( 'NONE', #886, #4619 ) ;
#4911 = DIRECTION ( 'NONE',  ( -0.000000000000000000, -0.000000000000000000, -1.000000000000000000 ) ) ;
#4912 = VERTEX_POINT ( 'NONE', #2170 ) ;
#4913 = AXIS2_PLACEMENT_3D ( 'NONE', #5213, #5148, #1172 ) ;
#4914 = PLANE ( 'NONE',  #65 ) ;
#4915 = DIRECTION ( 'NONE',  ( 0.3303504247281062178, 0.9438583563660173370, 0.000000000000000000 ) ) ;
#4916 = ORIENTED_EDGE ( 'NONE', *, *, #3862, .F. ) ;
#4917 = VECTOR ( 'NONE', #2286, 1000.000000000000000 ) ;
#4918 = LINE ( 'NONE', #342, #4051 ) ;
#4919 = DIRECTION ( 'NONE',  ( 1.000000000000000000, -1.185394375250816330E-13, -2.891205793294673889E-15 ) ) ;
#4920 = EDGE_CURVE ( 'NONE', #3612, #4130, #6967, .T. ) ;
#4921 = VERTEX_POINT ( 'NONE', #2126 ) ;
#4922 = CARTESIAN_POINT ( 'NONE',  ( 3.121833710861380062, -1.504153465084880015, -2.850000000000002309 ) ) ;
#4923 = FACE_OUTER_BOUND ( 'NONE', #5439, .T. ) ;
#4924 = EDGE_LOOP ( 'NONE', ( #3482, #424, #760, #6826 ) ) ;
#4925 = DIRECTION ( 'NONE',  ( -1.000000000000000000, 0.000000000000000000, 0.000000000000000000 ) ) ;
#4926 = ORIENTED_EDGE ( 'NONE', *, *, #6711, .F. ) ;
#4927 = EDGE_CURVE ( 'NONE', #1270, #718, #5499, .T. ) ;
#4928 = CARTESIAN_POINT ( 'NONE',  ( 2.392722035830079958E-16, 1.599999999999999645, -3.200000000000000622 ) ) ;
#4929 = CARTESIAN_POINT ( 'NONE',  ( -1.449999999999999956, 2.400000000000003908, -3.200000000000000622 ) ) ;
#4930 = ORIENTED_EDGE ( 'NONE', *, *, #1161, .F. ) ;
#4931 = DIRECTION ( 'NONE',  ( 0.000000000000000000, 0.000000000000000000, -1.000000000000000000 ) ) ;
#4932 = ORIENTED_EDGE ( 'NONE', *, *, #5727, .T. ) ;
#4933 = ORIENTED_EDGE ( 'NONE', *, *, #4980, .T. ) ;
#4934 = CARTESIAN_POINT ( 'NONE',  ( -3.700000000000009504, -0.09371311001840530730, -3.060156501862067557 ) ) ;
#4935 = CARTESIAN_POINT ( 'NONE',  ( 3.700000000000017053, -0.8789334814492055781, -5.229161585548885327 ) ) ;
#4936 = ORIENTED_EDGE ( 'NONE', *, *, #2356, .F. ) ;
#4937 = EDGE_CURVE ( 'NONE', #1230, #1408, #7165, .T. ) ;
#4938 = ORIENTED_EDGE ( 'NONE', *, *, #2034, .F. ) ;
#4939 = EDGE_CURVE ( 'NONE', #3747, #5055, #2048, .T. ) ;
#4940 = ORIENTED_EDGE ( 'NONE', *, *, #2250, .T. ) ;
#4941 = CARTESIAN_POINT ( 'NONE',  ( -0.8499999999999999778, 0.4833333333333333925, -2.750000000000000000 ) ) ;
#4942 = FACE_OUTER_BOUND ( 'NONE', #2680, .T. ) ;
#4943 = CARTESIAN_POINT ( 'NONE',  ( -2.899999999999999911, -2.499999999999999112, -2.850000000000000089 ) ) ;
#4944 = EDGE_CURVE ( 'NONE', #5514, #7033, #7201, .T. ) ;
#4945 = FACE_OUTER_BOUND ( 'NONE', #2142, .T. ) ;
#4946 = DIRECTION ( 'NONE',  ( -1.000000000000000000, -6.938893903907227392E-16, 0.000000000000000000 ) ) ;
#4947 = DIRECTION ( 'NONE',  ( -0.000000000000000000, -0.000000000000000000, -1.000000000000000000 ) ) ;
#4948 = CARTESIAN_POINT ( 'NONE',  ( -3.300000000000010036, -0.09418335084988924133, -2.850000000000001865 ) ) ;
#4949 = CARTESIAN_POINT ( 'NONE',  ( 2.425000000000000266, -8.000000000000000000, -2.200000000000000178 ) ) ;
#4950 = VERTEX_POINT ( 'NONE', #417 ) ;
#4951 = LINE ( 'NONE', #3291, #4399 ) ;
#4952 = CARTESIAN_POINT ( 'NONE',  ( 0.8499999999999999778, -2.600000000000000533, -2.850000000000000089 ) ) ;
#4953 = CARTESIAN_POINT ( 'NONE',  ( 4.200000000000018829, -7.286606874731853978, -5.049999999999997158 ) ) ;
#4954 = DIRECTION ( 'NONE',  ( 1.000000000000000000, 5.981805089575197183E-16, 0.000000000000000000 ) ) ;
#4955 = ORIENTED_EDGE ( 'NONE', *, *, #5823, .T. ) ;
#4956 = CARTESIAN_POINT ( 'NONE',  ( 1.800000000000000266, 2.204364238465236069E-16, 0.4000000000000000222 ) ) ;
#4957 = CARTESIAN_POINT ( 'NONE',  ( -3.729129044202595278, -7.118438676232775819, -5.049999999999998934 ) ) ;
#4958 = ORIENTED_EDGE ( 'NONE', *, *, #5569, .T. ) ;
#4959 = CARTESIAN_POINT ( 'NONE',  ( 3.700000000000004174, -3.499999999999998668, -0.5999999999999973133 ) ) ;
#4960 = DIRECTION ( 'NONE',  ( -1.000000000000000000, 0.000000000000000000, -2.891205793294673889E-15 ) ) ;
#4961 = ORIENTED_EDGE ( 'NONE', *, *, #1399, .F. ) ;
#4962 = EDGE_CURVE ( 'NONE', #2681, #697, #1418, .T. ) ;
#4963 = CARTESIAN_POINT ( 'NONE',  ( -2.299999999999999822, 1.674999999999999378, 0.6500000000000001332 ) ) ;
#4964 = CARTESIAN_POINT ( 'NONE',  ( 8.972707634362802184E-16, -1.500000000000001110, -3.100000000000000977 ) ) ;
#4965 = ORIENTED_EDGE ( 'NONE', *, *, #2120, .T. ) ;
#4966 = DIRECTION ( 'NONE',  ( -0.000000000000000000, -0.000000000000000000, -1.000000000000000000 ) ) ;
#4967 = ORIENTED_EDGE ( 'NONE', *, *, #4076, .F. ) ;
#4968 = ORIENTED_EDGE ( 'NONE', *, *, #4441, .F. ) ;
#4969 = DIRECTION ( 'NONE',  ( 0.000000000000000000, 0.000000000000000000, -1.000000000000000000 ) ) ;
#4970 = CARTESIAN_POINT ( 'NONE',  ( 3.424963227244800734, -1.000067653802884537, -3.853402706704910585 ) ) ;
#4971 = VERTEX_POINT ( 'NONE', #2646 ) ;
#4972 = ORIENTED_EDGE ( 'NONE', *, *, #5582, .F. ) ;
#4973 = VERTEX_POINT ( 'NONE', #7240 ) ;
#4974 = CYLINDRICAL_SURFACE ( 'NONE', #3660, 0.09999999999999982514 ) ;
#4975 = CARTESIAN_POINT ( 'NONE',  ( -1.674999999999999822, -2.299999999999999822, 0.000000000000000000 ) ) ;
#4976 = AXIS2_PLACEMENT_3D ( 'NONE', #2128, #5931, #2602 ) ;
#4977 = AXIS2_PLACEMENT_3D ( 'NONE', #5282, #6929, #211 ) ;
#4978 = DIRECTION ( 'NONE',  ( 0.000000000000000000, -1.000000000000000000, 3.523657060577896116E-15 ) ) ;
#4979 = EDGE_CURVE ( 'NONE', #2985, #3418, #4864, .T. ) ;
#4980 = EDGE_CURVE ( 'NONE', #3450, #5979, #4061, .T. ) ;
#4981 = VECTOR ( 'NONE', #2063, 1000.000000000000000 ) ;
#4982 = CARTESIAN_POINT ( 'NONE',  ( -2.425000000000000266, -8.000000000000000000, -3.060232526704262934 ) ) ;
#4983 = DIRECTION ( 'NONE',  ( -0.000000000000000000, -0.000000000000000000, -1.000000000000000000 ) ) ;
#4984 = CARTESIAN_POINT ( 'NONE',  ( -2.299999999999999822, 2.299999999999999822, 0.6500000000000001332 ) ) ;
#4985 = CARTESIAN_POINT ( 'NONE',  ( 3.700000000000010836, -1.999999999999972244, -2.850000000000037392 ) ) ;
#4986 = FACE_OUTER_BOUND ( 'NONE', #3981, .T. ) ;
#4987 = ORIENTED_EDGE ( 'NONE', *, *, #5476, .T. ) ;
#4988 = LINE ( 'NONE', #3802, #1906 ) ;
#4989 = EDGE_CURVE ( 'NONE', #5089, #4950, #188, .T. ) ;
#4990 = AXIS2_PLACEMENT_3D ( 'NONE', #2460, #1388, #4097 ) ;
#4991 = VECTOR ( 'NONE', #7185, 1000.000000000000000 ) ;
#4992 = DIRECTION ( 'NONE',  ( -0.000000000000000000, -0.000000000000000000, -1.000000000000000000 ) ) ;
#4993 = EDGE_CURVE ( 'NONE', #6624, #2749, #5374, .T. ) ;
#4994 = FACE_OUTER_BOUND ( 'NONE', #1823, .T. ) ;
#4995 = PLANE ( 'NONE',  #4881 ) ;
#4996 = VECTOR ( 'NONE', #1506, 1000.000000000000000 ) ;
#4997 = ORIENTED_EDGE ( 'NONE', *, *, #5843, .T. ) ;
#4998 = CARTESIAN_POINT ( 'NONE',  ( 2.300000000000000266, 2.299999999999999378, 0.9000000000000001332 ) ) ;
#4999 = CARTESIAN_POINT ( 'NONE',  ( 2.973145600891812457, 2.636572800445906584, 0.9000000000000002442 ) ) ;
#5000 = SURFACE_SIDE_STYLE ('',( #2738 ) ) ;
#5001 = SURFACE_STYLE_USAGE ( .BOTH. , #471 ) ;
#5002 = CYLINDRICAL_SURFACE ( 'NONE', #3115, 0.4999999999999991673 ) ;
#5003 = AXIS2_PLACEMENT_3D ( 'NONE', #2580, #1216, #5951 ) ;
#5004 = VERTEX_POINT ( 'NONE', #959 ) ;
#5005 = DIRECTION ( 'NONE',  ( -1.000000000000000000, 0.000000000000000000, 0.000000000000000000 ) ) ;
#5006 = LINE ( 'NONE', #1061, #4419 ) ;
#5007 = VERTEX_POINT ( 'NONE', #1002 ) ;
#5008 = DIRECTION ( 'NONE',  ( -0.000000000000000000, -0.000000000000000000, -1.000000000000000000 ) ) ;
#5009 = ORIENTED_EDGE ( 'NONE', *, *, #6941, .F. ) ;
#5010 = ORIENTED_EDGE ( 'NONE', *, *, #660, .F. ) ;
#5011 = VECTOR ( 'NONE', #6890, 1000.000000000000000 ) ;
#5012 = EDGE_CURVE ( 'NONE', #19, #4454, #492, .T. ) ;
#5013 = DIRECTION ( 'NONE',  ( 1.000000000000000000, -8.972707634362798240E-16, 0.000000000000000000 ) ) ;
#5014 = CARTESIAN_POINT ( 'NONE',  ( 3.700000000000015721, -1.121087672733812823, -5.229159837403211775 ) ) ;
#5015 = ORIENTED_EDGE ( 'NONE', *, *, #168, .F. ) ;
#5016 = VECTOR ( 'NONE', #6068, 1000.000000000000000 ) ;
#5017 = VERTEX_POINT ( 'NONE', #4909 ) ;
#5018 = ORIENTED_EDGE ( 'NONE', *, *, #3164, .T. ) ;
#5019 = DIRECTION ( 'NONE',  ( -1.000000000000000000, 0.000000000000000000, 0.000000000000000000 ) ) ;
#5020 = LINE ( 'NONE', #5532, #2008 ) ;
#5021 = AXIS2_PLACEMENT_3D ( 'NONE', #3114, #2594, #3043 ) ;
#5022 = CARTESIAN_POINT ( 'NONE',  ( 2.299999999999999822, 2.299999999999999822, 0.6500000000000001332 ) ) ;
#5023 = EDGE_CURVE ( 'NONE', #6970, #3677, #2089, .T. ) ;
#5024 = CIRCLE ( 'NONE', #7269, 0.6250000000000001110 ) ;
#5025 = CARTESIAN_POINT ( 'NONE',  ( -3.000000000000000000, 2.900000000000000355, -3.100000000000000977 ) ) ;
#5026 = DIRECTION ( 'NONE',  ( -1.000000000000000000, -4.517509052022934484E-16, -0.000000000000000000 ) ) ;
#5027 = DIRECTION ( 'NONE',  ( -1.000000000000000000, 0.000000000000000000, 0.000000000000000000 ) ) ;
#5028 = PLANE ( 'NONE',  #259 ) ;
#5029 = VERTEX_POINT ( 'NONE', #5537 ) ;
#5030 = CYLINDRICAL_SURFACE ( 'NONE', #3674, 0.6250000000000001110 ) ;
#5031 = CIRCLE ( 'NONE', #203, 0.05000000000000012768 ) ;
#5032 = CARTESIAN_POINT ( 'NONE',  ( 0.000000000000000000, 0.000000000000000000, 0.000000000000000000 ) ) ;
#5033 = CARTESIAN_POINT ( 'NONE',  ( 2.425000000000000266, -8.000000000000000000, -1.900000000000000133 ) ) ;
#5034 = EDGE_CURVE ( 'NONE', #4011, #4851, #4821, .T. ) ;
#5035 = CARTESIAN_POINT ( 'NONE',  ( 1.674999999999998934, 2.300000000000000266, 0.4000000000000000222 ) ) ;
#5036 = VERTEX_POINT ( 'NONE', #4353 ) ;
#5037 = DIRECTION ( 'NONE',  ( 0.3363363969981568724, -0.9417419115948372221, 0.000000000000000000 ) ) ;
#5038 = PLANE ( 'NONE',  #3073 ) ;
#5039 = DIRECTION ( 'NONE',  ( -1.000000000000000000, -4.517509052022934484E-16, -3.491481338843133355E-15 ) ) ;
#5040 = ADVANCED_FACE ( 'NONE', ( #7079 ), #6652, .T. ) ;
#5041 = SPHERICAL_SURFACE ( 'NONE', #3658, 0.1000000000000000056 ) ;
#5042 = CARTESIAN_POINT ( 'NONE',  ( 3.011975336173138729, -0.9999999999999991118, -3.830730342022995671 ) ) ;
#5043 = AXIS2_PLACEMENT_3D ( 'NONE', #1761, #1281, #2418 ) ;
#5044 = EDGE_LOOP ( 'NONE', ( #7072, #6490, #3358, #6608 ) ) ;
#5045 = DIRECTION ( 'NONE',  ( 0.000000000000000000, 0.000000000000000000, 1.000000000000000000 ) ) ;
#5046 = FACE_OUTER_BOUND ( 'NONE', #3876, .T. ) ;
#5047 = ORIENTED_EDGE ( 'NONE', *, *, #4282, .T. ) ;
#5048 = DIRECTION ( 'NONE',  ( -1.000000000000000000, -6.439293542825907934E-15, 5.585196838722983974E-30 ) ) ;
#5049 = ORIENTED_EDGE ( 'NONE', *, *, #5955, .F. ) ;
#5050 = ORIENTED_EDGE ( 'NONE', *, *, #808, .F. ) ;
#5051 = VECTOR ( 'NONE', #4645, 1000.000000000000000 ) ;
#5052 = CARTESIAN_POINT ( 'NONE',  ( 2.900000000000000355, -2.399999999999999467, -3.100000000000000977 ) ) ;
#5053 = CARTESIAN_POINT ( 'NONE',  ( 3.254651492154264414, -0.8683835334878821088, -2.849999999999999201 ) ) ;
#5054 = ORIENTED_EDGE ( 'NONE', *, *, #359, .T. ) ;
#5055 = VERTEX_POINT ( 'NONE', #1045 ) ;
#5056 = CARTESIAN_POINT ( 'NONE',  ( -2.299999999999999822, -2.299999999999999822, 0.000000000000000000 ) ) ;
#5057 = CARTESIAN_POINT ( 'NONE',  ( -3.300000000000010481, -0.09418335084988924133, -2.990104334574712919 ) ) ;
#5058 = CARTESIAN_POINT ( 'NONE',  ( 3.300000000000003375, -3.499999999999999112, -0.5999999999999989786 ) ) ;
#5059 = EDGE_CURVE ( 'NONE', #7033, #5979, #2723, .T. ) ;
#5060 = DIRECTION ( 'NONE',  ( -1.000000000000000000, 0.000000000000000000, 0.000000000000000000 ) ) ;
#5061 = CARTESIAN_POINT ( 'NONE',  ( 3.700000000000016609, -4.587538820250190774, -4.049999999999998934 ) ) ;
#5062 = LINE ( 'NONE', #6694, #5945 ) ;
#5063 = CYLINDRICAL_SURFACE ( 'NONE', #1676, 0.09999999999999939493 ) ;
#5064 = DIRECTION ( 'NONE',  ( 0.000000000000000000, 0.000000000000000000, -1.000000000000000000 ) ) ;
#5065 = ADVANCED_FACE ( 'NONE', ( #3157 ), #5679, .T. ) ;
#5066 = FACE_BOUND ( 'NONE', #7242, .T. ) ;
#5067 = ADVANCED_FACE ( 'NONE', ( #3400 ), #3428, .T. ) ;
#5068 = DIRECTION ( 'NONE',  ( -0.4472135954999579277, -0.8944271909999158554, 0.000000000000000000 ) ) ;
#5069 = DIRECTION ( 'NONE',  ( -6.071532165918819308E-15, -1.000000000000000000, 0.000000000000000000 ) ) ;
#5070 = ORIENTED_EDGE ( 'NONE', *, *, #6457, .F. ) ;
#5071 = LINE ( 'NONE', #2880, #5113 ) ;
#5072 = DIRECTION ( 'NONE',  ( -0.3363363969981563173, -0.9417419115948373332, 0.000000000000000000 ) ) ;
#5073 = DIRECTION ( 'NONE',  ( -0.000000000000000000, -0.000000000000000000, -1.000000000000000000 ) ) ;
#5074 = DIRECTION ( 'NONE',  ( -1.000000000000000000, 0.000000000000000000, 0.000000000000000000 ) ) ;
#5075 = CARTESIAN_POINT ( 'NONE',  ( 3.300000000000010481, 1.057097118173371162E-15, -2.990104334574712919 ) ) ;
#5076 = ADVANCED_FACE ( 'NONE', ( #2287 ), #3321, .T. ) ;
#5077 = VERTEX_POINT ( 'NONE', #5167 ) ;
#5078 = EDGE_CURVE ( 'NONE', #7051, #7263, #5062, .T. ) ;
#5079 = CARTESIAN_POINT ( 'NONE',  ( -3.000000000000000000, 3.000000000000000000, 0.4000000000000000222 ) ) ;
#5080 = DIRECTION ( 'NONE',  ( -1.000000000000000000, 0.000000000000000000, 0.000000000000000000 ) ) ;
#5081 = VERTEX_POINT ( 'NONE', #2803 ) ;
#5082 = LINE ( 'NONE', #4012, #2731 ) ;
#5083 = ORIENTED_EDGE ( 'NONE', *, *, #5206, .F. ) ;
#5084 = EDGE_LOOP ( 'NONE', ( #987, #1951, #2565, #735 ) ) ;
#5085 = DIRECTION ( 'NONE',  ( -0.9417419115948372221, -0.3363363969981568724, 0.000000000000000000 ) ) ;
#5086 = CARTESIAN_POINT ( 'NONE',  ( 3.671761229044312458, -0.2179417263067571220, -2.850000000000000089 ) ) ;
#5087 = VERTEX_POINT ( 'NONE', #6730 ) ;
#5088 = EDGE_CURVE ( 'NONE', #5081, #4897, #5722, .T. ) ;
#5089 = VERTEX_POINT ( 'NONE', #4506 ) ;
#5090 = DIRECTION ( 'NONE',  ( 1.000000000000000000, -5.987542637623615472E-15, 5.585196838722984675E-30 ) ) ;
#5091 = CARTESIAN_POINT ( 'NONE',  ( -3.700000000000015721, -1.637575289437060766, -5.231602688021017578 ) ) ;
#5092 = DIRECTION ( 'NONE',  ( -1.000000000000000000, 0.000000000000000000, 0.000000000000000000 ) ) ;
#5093 = LINE ( 'NONE', #1578, #1837 ) ;
#5094 = DIRECTION ( 'NONE',  ( 0.4472135954999583163, -0.8944271909999156334, 0.000000000000000000 ) ) ;
#5095 = CIRCLE ( 'NONE', #5443, 0.09999999999999982514 ) ;
#5096 = AXIS2_PLACEMENT_3D ( 'NONE', #3533, #1358, #5758 ) ;
#5097 = FACE_OUTER_BOUND ( 'NONE', #6431, .T. ) ;
#5098 = DIRECTION ( 'NONE',  ( -1.000000000000000000, 0.000000000000000000, 0.000000000000000000 ) ) ;
#5099 = EDGE_CURVE ( 'NONE', #7154, #3657, #1735, .T. ) ;
#5100 = CARTESIAN_POINT ( 'NONE',  ( 3.700000000000012612, -8.000000000000000000, -4.549999999999998934 ) ) ;
#5101 = AXIS2_PLACEMENT_3D ( 'NONE', #4880, #386, #1090 ) ;
#5102 = VECTOR ( 'NONE', #3613, 1000.000000000000000 ) ;
#5103 = CARTESIAN_POINT ( 'NONE',  ( 3.649061435579257218, -1.741316489862833050, -2.850000000000000089 ) ) ;
#5104 = DIRECTION ( 'NONE',  ( 0.000000000000000000, 0.000000000000000000, 1.000000000000000000 ) ) ;
#5105 = CARTESIAN_POINT ( 'NONE',  ( 3.000000000000000000, -1.599999999999999867, -3.100000000000000977 ) ) ;
#5106 = FACE_OUTER_BOUND ( 'NONE', #3548, .T. ) ;
#5107 = VECTOR ( 'NONE', #6689, 1000.000000000000000 ) ;
#5108 = CARTESIAN_POINT ( 'NONE',  ( -1.450000000000000178, -2.500000000000003997, -3.158578643762690152 ) ) ;
#5109 = VECTOR ( 'NONE', #3659, 1000.000000000000000 ) ;
#5110 = CARTESIAN_POINT ( 'NONE',  ( 3.121833710861379174, -0.4958465349151182644, -2.850000000000000089 ) ) ;
#5111 = VERTEX_POINT ( 'NONE', #3365 ) ;
#5112 = AXIS2_PLACEMENT_3D ( 'NONE', #6452, #6922, #1841 ) ;
#5113 = VECTOR ( 'NONE', #6705, 1000.000000000000000 ) ;
#5114 = EDGE_CURVE ( 'NONE', #865, #5087, #1821, .T. ) ;
#5115 = DIRECTION ( 'NONE',  ( 0.000000000000000000, 0.000000000000000000, -1.000000000000000000 ) ) ;
#5116 = CARTESIAN_POINT ( 'NONE',  ( 1.149999999999999911, 3.000000000000000000, -2.850000000000000089 ) ) ;
#5117 = VERTEX_POINT ( 'NONE', #6250 ) ;
#5118 = DIRECTION ( 'NONE',  ( -1.000000000000000000, 0.000000000000000000, 0.000000000000000000 ) ) ;
#5119 = VERTEX_POINT ( 'NONE', #1762 ) ;
#5120 = ORIENTED_EDGE ( 'NONE', *, *, #2439, .T. ) ;
#5121 = AXIS2_PLACEMENT_3D ( 'NONE', #3923, #6184, #6219 ) ;
#5122 = PLANE ( 'NONE',  #3971 ) ;
#5123 = ORIENTED_EDGE ( 'NONE', *, *, #4496, .T. ) ;
#5124 = DIRECTION ( 'NONE',  ( -1.000000000000000000, 5.987542637623614683E-15, -5.585196838722983974E-30 ) ) ;
#5125 = AXIS2_PLACEMENT_3D ( 'NONE', #6348, #4838, #5776 ) ;
#5126 = EDGE_CURVE ( 'NONE', #2071, #407, #6801, .T. ) ;
#5127 = ORIENTED_EDGE ( 'NONE', *, *, #4096, .T. ) ;
#5128 = CARTESIAN_POINT ( 'NONE',  ( -3.300000000000010036, -0.09418335084988924133, -2.849999999999999201 ) ) ;
#5129 = ADVANCED_FACE ( 'NONE', ( #6771 ), #5574, .F. ) ;
#5130 = CARTESIAN_POINT ( 'NONE',  ( -3.700000000000010836, -2.000000000000000888, -3.854081064452107519 ) ) ;
#5131 = CIRCLE ( 'NONE', #762, 0.4999999999999998335 ) ;
#5132 = CARTESIAN_POINT ( 'NONE',  ( -1.050000000000000044, 0.000000000000000000, -2.850000000000000089 ) ) ;
#5133 = CARTESIAN_POINT ( 'NONE',  ( 3.300000000000012701, 2.600000000000000533, -4.050000000000000711 ) ) ;
#5134 = CARTESIAN_POINT ( 'NONE',  ( 3.437244651700126497, -5.168916494400136230, -5.049999999999998934 ) ) ;
#5135 = VECTOR ( 'NONE', #5174, 1000.000000000000000 ) ;
#5136 = CARTESIAN_POINT ( 'NONE',  ( 1.149999999999999911, 2.900000000000000355, -2.850000000000000089 ) ) ;
#5137 = CARTESIAN_POINT ( 'NONE',  ( 3.700000000000023270, -3.999999999999998224, -6.049999999999997158 ) ) ;
#5138 = CARTESIAN_POINT ( 'NONE',  ( 1.674999999999998934, 2.300000000000000266, 0.4000000000000000222 ) ) ;
#5139 = AXIS2_PLACEMENT_3D ( 'NONE', #3995, #2318, #6217 ) ;
#5140 = CARTESIAN_POINT ( 'NONE',  ( 3.700000000000010836, -1.999999999999972244, -2.850000000000037392 ) ) ;
#5141 = DIRECTION ( 'NONE',  ( 1.000000000000000000, -5.987542637623615472E-15, 5.585196838722984675E-30 ) ) ;
#5142 = DIRECTION ( 'NONE',  ( 1.000000000000000000, 0.000000000000000000, 0.000000000000000000 ) ) ;
#5143 = AXIS2_PLACEMENT_3D ( 'NONE', #4044, #5704, #666 ) ;
#5144 = CARTESIAN_POINT ( 'NONE',  ( 2.243176908590700546E-16, 1.499999999999999556, -3.100000000000000977 ) ) ;
#5145 = CARTESIAN_POINT ( 'NONE',  ( 3.300000000000012701, -1.905816649150110509, -3.363715893440616611 ) ) ;
#5146 = EDGE_LOOP ( 'NONE', ( #3447, #1651, #1491, #4871 ) ) ;
#5147 = VECTOR ( 'NONE', #1050, 1000.000000000000000 ) ;
#5148 = DIRECTION ( 'NONE',  ( 0.000000000000000000, 0.000000000000000000, 1.000000000000000000 ) ) ;
#5149 = LINE ( 'NONE', #1777, #4649 ) ;
#5150 = EDGE_LOOP ( 'NONE', ( #3415, #6238, #1545, #4338 ) ) ;
#5151 = CARTESIAN_POINT ( 'NONE',  ( 3.300000000000021139, -0.4999999999999979461, -6.049999999999998046 ) ) ;
#5152 = ORIENTED_EDGE ( 'NONE', *, *, #3431, .T. ) ;
#5153 = AXIS2_PLACEMENT_3D ( 'NONE', #86, #1209, #669 ) ;
#5154 = EDGE_CURVE ( 'NONE', #3777, #5117, #6682, .T. ) ;
#5155 = CARTESIAN_POINT ( 'NONE',  ( -2.299999999999999822, -2.299999999999999822, 0.6500000000000001332 ) ) ;
#5156 = ORIENTED_EDGE ( 'NONE', *, *, #7098, .T. ) ;
#5157 = CARTESIAN_POINT ( 'NONE',  ( 3.687752137055941848, -0.2048160270238170433, -4.274396475417888475 ) ) ;
#5158 = VECTOR ( 'NONE', #3118, 1000.000000000000000 ) ;
#5159 = ORIENTED_EDGE ( 'NONE', *, *, #6887, .T. ) ;
#5160 = CARTESIAN_POINT ( 'NONE',  ( -3.230608367692935801, -1.500646483344228344, -4.391147680321848767 ) ) ;
#5161 = B_SPLINE_CURVE_WITH_KNOTS ( 'NONE', 3,
 ( #1433, #897, #2660, #5512, #6115, #1054, #3813, #4922, #3261, #7176, #468 ),
 .UNSPECIFIED., .F., .F.,
 ( 4, 1, 1, 1, 1, 1, 1, 1, 4 ),
 ( 0.000000000000000000, 0.0003168404827136673055, 0.0003737868504530693792, 0.0009967649345415184169, 0.001121360551359208355, 0.001245956168176898292, 0.001868934252265347330, 0.001925880620004749621, 0.002242721102718416709 ),
 .UNSPECIFIED. ) ;
#5162 = CARTESIAN_POINT ( 'NONE',  ( -3.693567373595603165, -1.760542711589305087, -5.021609743288669492 ) ) ;
#5163 =( BOUNDED_CURVE ( )  B_SPLINE_CURVE ( 3, ( #3379, #1167, #5108, #4004 ),
 .UNSPECIFIED., .F., .T. ) 
 B_SPLINE_CURVE_WITH_KNOTS ( ( 4, 4 ),
 ( 4.712388980384689674, 6.283185307179586232 ),
 .UNSPECIFIED. ) 
 CURVE ( )  GEOMETRIC_REPRESENTATION_ITEM ( )  RATIONAL_B_SPLINE_CURVE ( ( 1.000000000000000000, 0.8047378541243649375, 0.8047378541243649375, 1.000000000000000000 ) ) 
 REPRESENTATION_ITEM ( '' )  );
#5164 = EDGE_CURVE ( 'NONE', #1407, #1380, #2872, .T. ) ;
#5165 = ADVANCED_FACE ( 'NONE', ( #1079 ), #94, .F. ) ;
#5166 = FACE_OUTER_BOUND ( 'NONE', #6470, .T. ) ;
#5167 = CARTESIAN_POINT ( 'NONE',  ( 3.300000000000012257, -3.499999999999999112, -3.050000000000000711 ) ) ;
#5168 = DIRECTION ( 'NONE',  ( 1.000000000000000000, 0.000000000000000000, 0.000000000000000000 ) ) ;
#5169 = DIRECTION ( 'NONE',  ( -0.000000000000000000, -1.000000000000000000, -0.000000000000000000 ) ) ;
#5170 = CARTESIAN_POINT ( 'NONE',  ( 3.700000000000011724, -1.999999999999999112, -3.854081064452107519 ) ) ;
#5171 = EDGE_CURVE ( 'NONE', #4702, #3636, #535, .T. ) ;
#5172 = CARTESIAN_POINT ( 'NONE',  ( -3.300000000000014477, -7.200000000000000178, -5.049999999999998934 ) ) ;
#5173 = ADVANCED_FACE ( 'NONE', ( #574 ), #679, .T. ) ;
#5174 = DIRECTION ( 'NONE',  ( 4.517509052022926596E-16, -1.000000000000000000, 2.168404344971008868E-16 ) ) ;
#5175 = CARTESIAN_POINT ( 'NONE',  ( 1.584339825534188062, 0.000000000000000000, 7.300000000000000711 ) ) ;
#5176 = FACE_OUTER_BOUND ( 'NONE', #3909, .T. ) ;
#5177 = LINE ( 'NONE', #6818, #7099 ) ;
#5178 = CARTESIAN_POINT ( 'NONE',  ( 3.283504851620970832, -0.2033357073868958809, -3.363715893440616611 ) ) ;
#5179 = EDGE_CURVE ( 'NONE', #1359, #7230, #1766, .T. ) ;
#5180 = EDGE_LOOP ( 'NONE', ( #5875, #1, #3219, #2627, #7254, #6598, #695, #2847, #2861, #5123, #44, #3254 ) ) ;
#5181 = DIRECTION ( 'NONE',  ( 1.000000000000000000, 0.000000000000000000, 0.000000000000000000 ) ) ;
#5182 = CARTESIAN_POINT ( 'NONE',  ( 1.350000000000000089, 1.599999999999999423, -3.200000000000000622 ) ) ;
#5183 = ORIENTED_EDGE ( 'NONE', *, *, #3859, .F. ) ;
#5184 = LINE ( 'NONE', #142, #4250 ) ;
#5185 = ORIENTED_EDGE ( 'NONE', *, *, #3075, .T. ) ;
#5186 = CARTESIAN_POINT ( 'NONE',  ( 4.600000000000016520, -4.587538820250189886, -5.049999999999998934 ) ) ;
#5187 = ADVANCED_FACE ( 'NONE', ( #3496 ), #5751, .T. ) ;
#5188 = ORIENTED_EDGE ( 'NONE', *, *, #4712, .F. ) ;
#5189 = DIRECTION ( 'NONE',  ( -1.000000000000000000, 0.000000000000000000, 0.000000000000000000 ) ) ;
#5190 = ORIENTED_EDGE ( 'NONE', *, *, #3194, .F. ) ;
#5191 = CARTESIAN_POINT ( 'NONE',  ( -3.300000000000011813, -4.336808689942017736E-16, -3.363715893440616611 ) ) ;
#5192 = EDGE_CURVE ( 'NONE', #5596, #5029, #6317, .T. ) ;
#5193 = CARTESIAN_POINT ( 'NONE',  ( -3.700000000000018829, -1.954550755983153421, -3.433768060727972582 ) ) ;
#5194 = CARTESIAN_POINT ( 'NONE',  ( -2.299999999999999822, -2.299999999999999822, 0.000000000000000000 ) ) ;
#5195 = CARTESIAN_POINT ( 'NONE',  ( 3.300000000000012257, -3.999999999999998224, -3.050000000000000711 ) ) ;
#5196 = DIRECTION ( 'NONE',  ( -1.000000000000000000, 4.486353817181402078E-16, 0.000000000000000000 ) ) ;
#5197 = ORIENTED_EDGE ( 'NONE', *, *, #7173, .T. ) ;
#5198 = CARTESIAN_POINT ( 'NONE',  ( -3.000000000000000000, 3.000000000000000000, -3.100000000000000977 ) ) ;
#5199 = CARTESIAN_POINT ( 'NONE',  ( 3.700000000000016165, -3.999999999999998224, -4.049999999999998934 ) ) ;
#5200 = CYLINDRICAL_SURFACE ( 'NONE', #3810, 0.09999999999999982514 ) ;
#5201 = CARTESIAN_POINT ( 'NONE',  ( 1.350000000000000089, 2.500000000000001332, -3.200000000000000622 ) ) ;
#5202 = AXIS2_PLACEMENT_3D ( 'NONE', #5341, #6919, #5821 ) ;
#5203 = CARTESIAN_POINT ( 'NONE',  ( -4.128237442572069149, -6.000935160798248624, -4.049999999999998934 ) ) ;
#5204 = CARTESIAN_POINT ( 'NONE',  ( 2.075000000000000178, -8.000000000000000000, -2.200000000000000178 ) ) ;
#5205 = CARTESIAN_POINT ( 'NONE',  ( -3.300000000000014477, -7.286606874731849537, -5.049999999999999822 ) ) ;
#5206 = EDGE_CURVE ( 'NONE', #546, #5089, #6870, .T. ) ;
#5207 = LINE ( 'NONE', #5307, #6292 ) ;
#5208 = EDGE_CURVE ( 'NONE', #3307, #3147, #5368, .T. ) ;
#5209 = AXIS2_PLACEMENT_3D ( 'NONE', #2553, #953, #3113 ) ;
#5210 = VECTOR ( 'NONE', #3683, 1000.000000000000000 ) ;
#5211 = CARTESIAN_POINT ( 'NONE',  ( 3.700000000000000622, 1.671478349248485739E-15, -0.09999999999998808453 ) ) ;
#5212 = ORIENTED_EDGE ( 'NONE', *, *, #2478, .T. ) ;
#5213 = CARTESIAN_POINT ( 'NONE',  ( -3.657366486774650483, -5.832766962299169577, -4.049999999999998934 ) ) ;
#5214 = CARTESIAN_POINT ( 'NONE',  ( -2.900000000000000355, 1.600000000000000755, -3.100000000000000977 ) ) ;
#5215 = VECTOR ( 'NONE', #6327, 1000.000000000000000 ) ;
#5216 = ORIENTED_EDGE ( 'NONE', *, *, #6286, .T. ) ;
#5217 = VECTOR ( 'NONE', #907, 1000.000000000000000 ) ;
#5218 = LINE ( 'NONE', #721, #6496 ) ;
#5219 = ORIENTED_EDGE ( 'NONE', *, *, #3452, .T. ) ;
#5220 = CARTESIAN_POINT ( 'NONE',  ( 1.450000000000000178, -2.900000000000000355, -2.850000000000000089 ) ) ;
#5221 = AXIS2_PLACEMENT_3D ( 'NONE', #2614, #7131, #1546 ) ;
#5222 = ORIENTED_EDGE ( 'NONE', *, *, #2423, .T. ) ;
#5223 = CARTESIAN_POINT ( 'NONE',  ( 2.600000000000000533, -7.500000000000000000, -1.900000000000000133 ) ) ;
#5224 = ORIENTED_EDGE ( 'NONE', *, *, #5206, .T. ) ;
#5225 = VECTOR ( 'NONE', #1163, 1000.000000000000000 ) ;
#5226 = CARTESIAN_POINT ( 'NONE',  ( -3.286933477046821928, -0.2037428474490202146, -3.830730342022995227 ) ) ;
#5227 = CARTESIAN_POINT ( 'NONE',  ( -3.700000000000011280, -1.956018306750909819, -4.274394068176243344 ) ) ;
#5228 = VERTEX_POINT ( 'NONE', #228 ) ;
#5229 = VECTOR ( 'NONE', #4605, 1000.000000000000000 ) ;
#5230 = CARTESIAN_POINT ( 'NONE',  ( -1.350000000000000089, 3.000000000000000000, -3.100000000000000977 ) ) ;
#5231 = EDGE_LOOP ( 'NONE', ( #4458, #6149 ) ) ;
#5232 = DIRECTION ( 'NONE',  ( 2.905088075659517683E-15, -0.5547001962252291474, 0.8320502943378437211 ) ) ;
#5233 = FACE_OUTER_BOUND ( 'NONE', #1207, .T. ) ;
#5234 = VECTOR ( 'NONE', #4277, 1000.000000000000000 ) ;
#5235 = EDGE_CURVE ( 'NONE', #509, #7267, #5884, .T. ) ;
#5236 = AXIS2_PLACEMENT_3D ( 'NONE', #4984, #5929, #3715 ) ;
#5237 = DIRECTION ( 'NONE',  ( 5.330660681387049794E-15, 1.000000000000000000, 0.000000000000000000 ) ) ;
#5238 = FACE_OUTER_BOUND ( 'NONE', #2066, .T. ) ;
#5239 = CARTESIAN_POINT ( 'NONE',  ( -3.000000000000000000, 0.000000000000000000, -2.850000000000000089 ) ) ;
#5240 = CARTESIAN_POINT ( 'NONE',  ( -3.700000000000010836, -3.500000000000000000, -3.049999999999999378 ) ) ;
#5241 = ORIENTED_EDGE ( 'NONE', *, *, #6342, .F. ) ;
#5242 = DIRECTION ( 'NONE',  ( 1.000000000000000000, 6.938893903907203923E-15, -3.469446951953601961E-15 ) ) ;
#5243 = CARTESIAN_POINT ( 'NONE',  ( 3.300000000000018918, -1.498409241742702847, -5.231773687770130188 ) ) ;
#5244 = EDGE_LOOP ( 'NONE', ( #3655, #4662, #6643, #4359 ) ) ;
#5245 = EDGE_CURVE ( 'NONE', #4794, #1368, #6976, .T. ) ;
#5246 = DIRECTION ( 'NONE',  ( -1.495451272393801514E-16, -1.000000000000000000, 0.000000000000000000 ) ) ;
#5247 = SPHERICAL_SURFACE ( 'NONE', #1580, 0.1000000000000000056 ) ;
#5248 = ADVANCED_FACE ( 'NONE', ( #258 ), #1412, .T. ) ;
#5249 = VECTOR ( 'NONE', #1850, 1000.000000000000000 ) ;
#5250 = ORIENTED_EDGE ( 'NONE', *, *, #4962, .F. ) ;
#5251 = LINE ( 'NONE', #7029, #6873 ) ;
#5252 = EDGE_LOOP ( 'NONE', ( #2419, #3631, #3811, #5937 ) ) ;
#5253 = CARTESIAN_POINT ( 'NONE',  ( 2.900000000000000355, 1.600000000000000089, -3.200000000000000622 ) ) ;
#5254 = VECTOR ( 'NONE', #67, 1000.000000000000000 ) ;
#5255 = VERTEX_POINT ( 'NONE', #5408 ) ;
#5256 = CARTESIAN_POINT ( 'NONE',  ( 3.700000000000017941, 1.283667572167140392E-15, -5.021617185908054282 ) ) ;
#5257 = EDGE_CURVE ( 'NONE', #3048, #5297, #4219, .T. ) ;
#5258 = ORIENTED_EDGE ( 'NONE', *, *, #4154, .F. ) ;
#5259 = VECTOR ( 'NONE', #1639, 1000.000000000000000 ) ;
#5260 = CARTESIAN_POINT ( 'NONE',  ( -3.162683124596869177, -1.502836447387380314, -3.363715893440616611 ) ) ;
#5261 = CARTESIAN_POINT ( 'NONE',  ( -3.643760476893855849, -0.8779546981471503253, -5.020662763942602247 ) ) ;
#5262 = ORIENTED_EDGE ( 'NONE', *, *, #88, .T. ) ;
#5263 = AXIS2_PLACEMENT_3D ( 'NONE', #2432, #957, #208 ) ;
#5264 = DIRECTION ( 'NONE',  ( 1.000000000000000000, 0.000000000000000000, -3.491481338843133355E-15 ) ) ;
#5265 = ORIENTED_EDGE ( 'NONE', *, *, #4632, .T. ) ;
#5266 = CARTESIAN_POINT ( 'NONE',  ( 2.600000000000000533, -7.500000000000000000, -2.200000000000000178 ) ) ;
#5267 = CARTESIAN_POINT ( 'NONE',  ( -1.899999999999999689, -7.500000000000000000, -1.900000000000000133 ) ) ;
#5268 = LINE ( 'NONE', #4713, #194 ) ;
#5269 = EDGE_CURVE ( 'NONE', #6036, #3677, #7022, .T. ) ;
#5270 = LINE ( 'NONE', #2979, #1221 ) ;
#5271 = CARTESIAN_POINT ( 'NONE',  ( -3.300000000000012257, -7.500000000000000000, -4.549999999999998934 ) ) ;
#5272 = CARTESIAN_POINT ( 'NONE',  ( -3.300000000000017586, 2.709888451158950051, -5.132889013954586410 ) ) ;
#5273 = LINE ( 'NONE', #5240, #837 ) ;
#5274 = VERTEX_POINT ( 'NONE', #879 ) ;
#5275 = CARTESIAN_POINT ( 'NONE',  ( -3.000000000000000000, -2.399999999999998579, -3.100000000000000977 ) ) ;
#5276 = EDGE_CURVE ( 'NONE', #3756, #3149, #6562, .T. ) ;
#5277 = DIRECTION ( 'NONE',  ( 0.000000000000000000, -1.000000000000000000, 0.000000000000000000 ) ) ;
#5278 = ORIENTED_EDGE ( 'NONE', *, *, #6990, .F. ) ;
#5279 = CARTESIAN_POINT ( 'NONE',  ( 3.700000000000015277, 3.000000000000000888, -4.748279434898255325 ) ) ;
#5280 = ORIENTED_EDGE ( 'NONE', *, *, #5464, .T. ) ;
#5281 = EDGE_CURVE ( 'NONE', #5007, #3442, #4747, .T. ) ;
#5282 = CARTESIAN_POINT ( 'NONE',  ( 0.000000000000000000, 0.000000000000000000, 0.000000000000000000 ) ) ;
#5283 = ORIENTED_EDGE ( 'NONE', *, *, #2198, .F. ) ;
#5284 = CARTESIAN_POINT ( 'NONE',  ( 1.050000000000000044, 2.900000000000000355, -2.850000000000000089 ) ) ;
#5285 = EDGE_CURVE ( 'NONE', #2747, #3412, #7012, .T. ) ;
#5286 = ORIENTED_EDGE ( 'NONE', *, *, #6679, .F. ) ;
#5287 = FACE_OUTER_BOUND ( 'NONE', #6961, .T. ) ;
#5288 = ORIENTED_EDGE ( 'NONE', *, *, #4154, .T. ) ;
#5289 = CARTESIAN_POINT ( 'NONE',  ( -3.202900065305541499, -1.260050911846115840, -4.858162128904227828 ) ) ;
#5290 = EDGE_CURVE ( 'NONE', #1883, #546, #3751, .T. ) ;
#5291 = CARTESIAN_POINT ( 'NONE',  ( -3.700000000000018829, -0.5277777777777783452, -5.371878022344830583 ) ) ;
#5292 = EDGE_CURVE ( 'NONE', #5842, #5928, #2554, .T. ) ;
#5293 = EDGE_CURVE ( 'NONE', #7204, #4723, #6538, .T. ) ;
#5294 = CARTESIAN_POINT ( 'NONE',  ( -3.700000000000009948, -4.158455393585500385E-16, -2.850000000000028511 ) ) ;
#5295 = EDGE_LOOP ( 'NONE', ( #1293, #6829, #5362, #4236 ) ) ;
#5296 = PLANE ( 'NONE',  #4667 ) ;
#5297 = VERTEX_POINT ( 'NONE', #1382 ) ;
#5298 = DIRECTION ( 'NONE',  ( 1.000000000000000000, -1.127570259384920572E-13, -1.734723475976800981E-15 ) ) ;
#5299 = DIRECTION ( 'NONE',  ( 1.000000000000000000, 0.000000000000000000, 0.000000000000000000 ) ) ;
#5300 = CARTESIAN_POINT ( 'NONE',  ( 1.899999999999999689, -7.500000000000000000, -2.200000000000000178 ) ) ;
#5301 = DIRECTION ( 'NONE',  ( 5.782411586589324901E-15, -1.000000000000000000, -2.891205793294662451E-15 ) ) ;
#5302 = CARTESIAN_POINT ( 'NONE',  ( -3.582219468606518742, -0.3831343926248216847, -2.849999999999998312 ) ) ;
#5303 = CARTESIAN_POINT ( 'NONE',  ( 1.149999999999999911, -2.900000000000000355, -3.100000000000000977 ) ) ;
#5304 = CARTESIAN_POINT ( 'NONE',  ( -3.751540677934133594, -5.866400601998985387, -4.049999999999998934 ) ) ;
#5305 = ORIENTED_EDGE ( 'NONE', *, *, #4396, .F. ) ;
#5306 = EDGE_CURVE ( 'NONE', #6059, #6241, #4259, .T. ) ;
#5307 = CARTESIAN_POINT ( 'NONE',  ( 1.899999999999999689, 3.100000000000000089, -1.900000000000000133 ) ) ;
#5308 = CARTESIAN_POINT ( 'NONE',  ( 3.300000000000018474, -1.259259259259258412, -5.231773687770130188 ) ) ;
#5309 = ORIENTED_EDGE ( 'NONE', *, *, #4790, .T. ) ;
#5310 = LINE ( 'NONE', #3680, #2877 ) ;
#5311 = ORIENTED_EDGE ( 'NONE', *, *, #1667, .F. ) ;
#5312 = DIRECTION ( 'NONE',  ( 0.000000000000000000, 0.000000000000000000, -1.000000000000000000 ) ) ;
#5313 = ORIENTED_EDGE ( 'NONE', *, *, #4035, .F. ) ;
#5314 = AXIS2_PLACEMENT_3D ( 'NONE', #5575, #3961, #608 ) ;
#5315 = AXIS2_PLACEMENT_3D ( 'NONE', #6960, #5833, #3056 ) ;
#5316 = DIRECTION ( 'NONE',  ( -0.000000000000000000, -0.000000000000000000, -1.000000000000000000 ) ) ;
#5317 = EDGE_CURVE ( 'NONE', #667, #3418, #3371, .T. ) ;
#5318 = ORIENTED_EDGE ( 'NONE', *, *, #5948, .F. ) ;
#5319 = VECTOR ( 'NONE', #6800, 1000.000000000000000 ) ;
#5320 = AXIS2_PLACEMENT_3D ( 'NONE', #1381, #3624, #2451 ) ;
#5321 = CARTESIAN_POINT ( 'NONE',  ( -3.352432279564659723, -6.983904117433513470, -5.049999999999998934 ) ) ;
#5322 = VERTEX_POINT ( 'NONE', #2517 ) ;
#5323 = CIRCLE ( 'NONE', #6507, 1.800000000000000266 ) ;
#5324 = VECTOR ( 'NONE', #5953, 1000.000000000000114 ) ;
#5325 = CARTESIAN_POINT ( 'NONE',  ( -3.344139186151719567, -0.6948026880367446090, -2.850000000000001865 ) ) ;
#5326 = CARTESIAN_POINT ( 'NONE',  ( 3.691437579568225935, -1.858825984276806231, -2.849999999999994760 ) ) ;
#5327 = ORIENTED_EDGE ( 'NONE', *, *, #4200, .F. ) ;
#5328 = EDGE_CURVE ( 'NONE', #6779, #3922, #4153, .T. ) ;
#5329 = AXIS2_PLACEMENT_3D ( 'NONE', #3468, #1764, #6252 ) ;
#5330 = EDGE_CURVE ( 'NONE', #5916, #5640, #4309, .T. ) ;
#5331 = ORIENTED_EDGE ( 'NONE', *, *, #1101, .F. ) ;
#5332 = FACE_OUTER_BOUND ( 'NONE', #502, .T. ) ;
#5333 = DIRECTION ( 'NONE',  ( -0.000000000000000000, -0.000000000000000000, -1.000000000000000000 ) ) ;
#5334 = CARTESIAN_POINT ( 'NONE',  ( -4.600000000000014744, -4.587538820250191662, -5.049999999999998934 ) ) ;
#5335 = AXIS2_PLACEMENT_3D ( 'NONE', #5132, #5060, #24 ) ;
#5336 = CARTESIAN_POINT ( 'NONE',  ( 1.350000000000000089, 2.900000000000000355, -3.100000000000000977 ) ) ;
#5337 = LINE ( 'NONE', #4750, #4764 ) ;
#5338 = AXIS2_PLACEMENT_3D ( 'NONE', #112, #5637, #1266 ) ;
#5339 = EDGE_CURVE ( 'NONE', #1876, #5596, #5268, .T. ) ;
#5340 = LINE ( 'NONE', #3843, #4137 ) ;
#5341 = CARTESIAN_POINT ( 'NONE',  ( -6.460349496741234770E-15, -2.400000000000007017, -3.100000000000000977 ) ) ;
#5342 = ORIENTED_EDGE ( 'NONE', *, *, #673, .T. ) ;
#5343 = LINE ( 'NONE', #2528, #2279 ) ;
#5344 = PLANE ( 'NONE',  #6435 ) ;
#5345 = AXIS2_PLACEMENT_3D ( 'NONE', #5421, #379, #6620 ) ;
#5346 = VERTEX_POINT ( 'NONE', #1961 ) ;
#5347 = PLANE ( 'NONE',  #6523 ) ;
#5348 = ORIENTED_EDGE ( 'NONE', *, *, #6762, .F. ) ;
#5349 = DIRECTION ( 'NONE',  ( 0.000000000000000000, 0.000000000000000000, 1.000000000000000000 ) ) ;
#5350 = EDGE_LOOP ( 'NONE', ( #3176, #5327, #2442 ) ) ;
#5351 = VECTOR ( 'NONE', #5611, 1000.000000000000000 ) ;
#5352 = DIRECTION ( 'NONE',  ( -1.000000000000000000, -0.000000000000000000, -0.000000000000000000 ) ) ;
#5353 = EDGE_LOOP ( 'NONE', ( #1204, #553, #14, #4776 ) ) ;
#5354 = AXIS2_PLACEMENT_3D ( 'NONE', #2033, #1488, #3742 ) ;
#5355 = DIRECTION ( 'NONE',  ( 2.602085213965209064E-15, -1.734723475976804333E-15, -1.000000000000000000 ) ) ;
#5356 = LINE ( 'NONE', #864, #180 ) ;
#5357 = ORIENTED_EDGE ( 'NONE', *, *, #2282, .F. ) ;
#5358 = VERTEX_POINT ( 'NONE', #5923 ) ;
#5359 = VECTOR ( 'NONE', #6626, 1000.000000000000000 ) ;
#5360 = CARTESIAN_POINT ( 'NONE',  ( -3.625786212530447639, -1.469475477398183072, -4.601379507412809211 ) ) ;
#5361 = DIRECTION ( 'NONE',  ( -1.000000000000000000, 0.000000000000000000, 0.000000000000000000 ) ) ;
#5362 = ORIENTED_EDGE ( 'NONE', *, *, #3032, .F. ) ;
#5363 = VECTOR ( 'NONE', #3470, 1000.000000000000000 ) ;
#5364 = ORIENTED_EDGE ( 'NONE', *, *, #5727, .F. ) ;
#5365 = ORIENTED_EDGE ( 'NONE', *, *, #5570, .F. ) ;
#5366 = DIRECTION ( 'NONE',  ( 0.000000000000000000, 0.000000000000000000, 1.000000000000000000 ) ) ;
#5367 = PLANE ( 'NONE',  #4248 ) ;
#5368 = LINE ( 'NONE', #6446, #2889 ) ;
#5369 = VECTOR ( 'NONE', #3383, 1000.000000000000000 ) ;
#5370 = EDGE_CURVE ( 'NONE', #5761, #943, #4815, .T. ) ;
#5371 = FACE_OUTER_BOUND ( 'NONE', #5350, .T. ) ;
#5372 = CARTESIAN_POINT ( 'NONE',  ( -3.300000000000014477, -7.199999999999999289, -4.049999999999998934 ) ) ;
#5373 = EDGE_LOOP ( 'NONE', ( #950, #360, #5920, #5974 ) ) ;
#5374 = LINE ( 'NONE', #3757, #3960 ) ;
#5375 = CIRCLE ( 'NONE', #5849, 0.6250000000000001110 ) ;
#5376 = CARTESIAN_POINT ( 'NONE',  ( 0.000000000000000000, 3.000000000000000000, 0.000000000000000000 ) ) ;
#5377 = CARTESIAN_POINT ( 'NONE',  ( 2.300000000000000711, -2.299999999999998934, 0.4000000000000000222 ) ) ;
#5378 = ORIENTED_EDGE ( 'NONE', *, *, #6306, .T. ) ;
#5379 = LINE ( 'NONE', #1503, #4634 ) ;
#5380 = CARTESIAN_POINT ( 'NONE',  ( -4.104580082274609687, -5.609160164549192196, -5.049999999999998934 ) ) ;
#5381 = EDGE_CURVE ( 'NONE', #6244, #5383, #3474, .T. ) ;
#5382 = EDGE_CURVE ( 'NONE', #866, #4836, #2799, .T. ) ;
#5383 = VERTEX_POINT ( 'NONE', #6726 ) ;
#5384 = DIRECTION ( 'NONE',  ( 0.000000000000000000, 0.000000000000000000, 1.000000000000000000 ) ) ;
#5385 = LINE ( 'NONE', #2180, #2510 ) ;
#5386 = VERTEX_POINT ( 'NONE', #7236 ) ;
#5387 = CARTESIAN_POINT ( 'NONE',  ( -3.000000000000000000, 1.301042606982605321E-15, 0.000000000000000000 ) ) ;
#5388 = DIRECTION ( 'NONE',  ( 0.000000000000000000, 0.000000000000000000, 1.000000000000000000 ) ) ;
#5389 = ORIENTED_EDGE ( 'NONE', *, *, #395, .F. ) ;
#5390 = ADVANCED_FACE ( 'NONE', ( #6175 ), #7196, .T. ) ;
#5391 = DIRECTION ( 'NONE',  ( 0.000000000000000000, 0.000000000000000000, 1.000000000000000000 ) ) ;
#5392 = ORIENTED_EDGE ( 'NONE', *, *, #4613, .F. ) ;
#5393 = CARTESIAN_POINT ( 'NONE',  ( -3.700000000000002398, -3.500000000000000444, -0.5999999999999976463 ) ) ;
#5394 = DIRECTION ( 'NONE',  ( -1.000000000000000000, 0.000000000000000000, 0.000000000000000000 ) ) ;
#5395 = ORIENTED_EDGE ( 'NONE', *, *, #6838, .T. ) ;
#5396 = CARTESIAN_POINT ( 'NONE',  ( 3.700000000000015277, 3.000000000000000888, -4.748279434898255325 ) ) ;
#5397 = ORIENTED_EDGE ( 'NONE', *, *, #4494, .T. ) ;
#5398 = ADVANCED_FACE ( 'NONE', ( #2718 ), #3242, .F. ) ;
#5399 = EDGE_LOOP ( 'NONE', ( #5671, #2401, #2308, #595 ) ) ;
#5400 = CARTESIAN_POINT ( 'NONE',  ( -3.700000000000019718, -1.287037037037038534, -5.371878022344836801 ) ) ;
#5401 = DIRECTION ( 'NONE',  ( 3.491481338843133355E-15, 1.577279855319300948E-30, -1.000000000000000000 ) ) ;
#5402 = ORIENTED_EDGE ( 'NONE', *, *, #6838, .F. ) ;
#5403 = ORIENTED_EDGE ( 'NONE', *, *, #5919, .T. ) ;
#5404 = EDGE_CURVE ( 'NONE', #7154, #1524, #7135, .T. ) ;
#5405 = VERTEX_POINT ( 'NONE', #4943 ) ;
#5406 = CARTESIAN_POINT ( 'NONE',  ( 0.8499999999999999778, 2.600000000000000533, -2.850000000000000089 ) ) ;
#5407 = CARTESIAN_POINT ( 'NONE',  ( 2.900000000000000355, -2.399999999999999467, -2.850000000000000089 ) ) ;
#5408 = CARTESIAN_POINT ( 'NONE',  ( 2.925000000000000266, 2.299999999999999822, 0.000000000000000000 ) ) ;
#5409 = DIRECTION ( 'NONE',  ( -0.000000000000000000, -0.000000000000000000, -1.000000000000000000 ) ) ;
#5410 = CYLINDRICAL_SURFACE ( 'NONE', #4322, 0.09999999999999982514 ) ;
#5411 = ORIENTED_EDGE ( 'NONE', *, *, #968, .T. ) ;
#5412 = CARTESIAN_POINT ( 'NONE',  ( 2.299999999999999378, -2.636572800445907916, 0.9000000000000001332 ) ) ;
#5413 = DIRECTION ( 'NONE',  ( 0.3303504247281062178, -0.9438583563660173370, 0.000000000000000000 ) ) ;
#5414 = CARTESIAN_POINT ( 'NONE',  ( 3.300000000000019806, -4.999999990127918653E-07, -5.371878022344844794 ) ) ;
#5415 = EDGE_LOOP ( 'NONE', ( #50, #1431, #7078 ) ) ;
#5416 = LINE ( 'NONE', #1049, #527 ) ;
#5417 = CARTESIAN_POINT ( 'NONE',  ( -1.149999999999999911, -2.900000000000000355, -3.200000000000000622 ) ) ;
#5418 = ORIENTED_EDGE ( 'NONE', *, *, #6099, .F. ) ;
#5419 = DIRECTION ( 'NONE',  ( -0.000000000000000000, -0.000000000000000000, -1.000000000000000000 ) ) ;
#5420 = EDGE_CURVE ( 'NONE', #4897, #6244, #1112, .T. ) ;
#5421 = CARTESIAN_POINT ( 'NONE',  ( -4.200000000000012612, -7.286606874731853978, -4.049999999999996270 ) ) ;
#5422 = ORIENTED_EDGE ( 'NONE', *, *, #6053, .T. ) ;
#5423 = CARTESIAN_POINT ( 'NONE',  ( 1.049999999999999822, 1.675000000000000266, 0.6499999999999999112 ) ) ;
#5424 = CARTESIAN_POINT ( 'NONE',  ( 3.700000000000000178, 2.105159218242693824E-15, -0.09999999999998791800 ) ) ;
#5425 = LINE ( 'NONE', #6707, #3538 ) ;
#5426 = ADVANCED_FACE ( 'NONE', ( #6765 ), #22, .T. ) ;
#5427 = LINE ( 'NONE', #6625, #2143 ) ;
#5428 = PRESENTATION_LAYER_ASSIGNMENT (  '', '', ( #2122 ) ) ;
#5429 = DIRECTION ( 'NONE',  ( -3.491481338843133355E-15, -1.577279855319300948E-30, 1.000000000000000000 ) ) ;
#5430 = VERTEX_POINT ( 'NONE', #6690 ) ;
#5431 = ADVANCED_FACE ( 'NONE', ( #1618 ), #4301, .T. ) ;
#5432 = CARTESIAN_POINT ( 'NONE',  ( -1.450000000000000178, 0.000000000000000000, -2.850000000000000089 ) ) ;
#5433 = CARTESIAN_POINT ( 'NONE',  ( 2.075000000000000178, -8.000000000000000000, -2.200000000000000178 ) ) ;
#5434 = VECTOR ( 'NONE', #583, 1000.000000000000000 ) ;
#5435 = ORIENTED_EDGE ( 'NONE', *, *, #8, .F. ) ;
#5436 = AXIS2_PLACEMENT_3D ( 'NONE', #7081, #5539, #495 ) ;
#5437 = CARTESIAN_POINT ( 'NONE',  ( 2.299999999999999822, 2.925000000000000711, 0.6500000000000001332 ) ) ;
#5438 = EDGE_LOOP ( 'NONE', ( #4997, #6503, #6752 ) ) ;
#5439 = EDGE_LOOP ( 'NONE', ( #3672, #2406, #2659, #1235 ) ) ;
#5440 = EDGE_CURVE ( 'NONE', #4892, #1483, #954, .T. ) ;
#5441 = ORIENTED_EDGE ( 'NONE', *, *, #365, .F. ) ;
#5442 = CARTESIAN_POINT ( 'NONE',  ( -3.700000000000009948, -4.336808689942017736E-16, -2.849999999999997868 ) ) ;
#5443 = AXIS2_PLACEMENT_3D ( 'NONE', #3885, #2288, #536 ) ;
#5444 = CARTESIAN_POINT ( 'NONE',  ( 3.625465885078906325, -0.5303152829326954754, -4.601379746497314294 ) ) ;
#5445 = VECTOR ( 'NONE', #4680, 1000.000000000000000 ) ;
#5446 = ORIENTED_EDGE ( 'NONE', *, *, #256, .T. ) ;
#5447 = ORIENTED_EDGE ( 'NONE', *, *, #2237, .F. ) ;
#5448 = EDGE_LOOP ( 'NONE', ( #2450, #1985, #915, #5892 ) ) ;
#5449 = LINE ( 'NONE', #486, #5905 ) ;
#5450 = CIRCLE ( 'NONE', #1557, 0.09999999999999982514 ) ;
#5451 = DIRECTION ( 'NONE',  ( 0.000000000000000000, 1.000000000000000000, 0.000000000000000000 ) ) ;
#5452 = CARTESIAN_POINT ( 'NONE',  ( -2.299999999999999822, -2.925000000000000266, 0.6500000000000001332 ) ) ;
#5453 = CIRCLE ( 'NONE', #4990, 0.6250000000000001110 ) ;
#5454 = VECTOR ( 'NONE', #2841, 1000.000000000000000 ) ;
#5455 = CARTESIAN_POINT ( 'NONE',  ( -1.800000000000000266, 0.000000000000000000, 0.000000000000000000 ) ) ;
#5456 = FACE_OUTER_BOUND ( 'NONE', #6988, .T. ) ;
#5457 = ORIENTED_EDGE ( 'NONE', *, *, #1808, .F. ) ;
#5458 = DIRECTION ( 'NONE',  ( 3.491481338843133355E-15, 1.577279855319300948E-30, -1.000000000000000000 ) ) ;
#5459 = DIRECTION ( 'NONE',  ( 1.000000000000000000, 6.938893903907227392E-16, 0.000000000000000000 ) ) ;
#5460 = DIRECTION ( 'NONE',  ( -0.000000000000000000, -0.000000000000000000, -1.000000000000000000 ) ) ;
#5461 = ORIENTED_EDGE ( 'NONE', *, *, #6990, .T. ) ;
#5462 = VECTOR ( 'NONE', #1354, 1000.000000000000000 ) ;
#5463 = LINE ( 'NONE', #2006, #3664 ) ;
#5464 = EDGE_CURVE ( 'NONE', #4892, #1787, #1349, .T. ) ;
#5465 = LINE ( 'NONE', #1969, #2527 ) ;
#5466 = VERTEX_POINT ( 'NONE', #5568 ) ;
#5467 = AXIS2_PLACEMENT_3D ( 'NONE', #2762, #2870, #5677 ) ;
#5468 = LINE ( 'NONE', #2056, #279 ) ;
#5469 = CARTESIAN_POINT ( 'NONE',  ( -2.900000000000000355, 0.000000000000000000, -3.200000000000000622 ) ) ;
#5470 = ORIENTED_EDGE ( 'NONE', *, *, #4189, .F. ) ;
#5471 = DIRECTION ( 'NONE',  ( 0.000000000000000000, 0.000000000000000000, 1.000000000000000000 ) ) ;
#5472 = DIRECTION ( 'NONE',  ( -0.000000000000000000, -0.000000000000000000, -1.000000000000000000 ) ) ;
#5473 = ORIENTED_EDGE ( 'NONE', *, *, #3966, .T. ) ;
#5474 = VECTOR ( 'NONE', #78, 1000.000000000000000 ) ;
#5475 = CARTESIAN_POINT ( 'NONE',  ( -1.408578643762689930, 1.541421356237309359, -3.200000000000000622 ) ) ;
#5476 = EDGE_CURVE ( 'NONE', #2196, #4863, #2798, .T. ) ;
#5477 = VERTEX_POINT ( 'NONE', #7160 ) ;
#5478 = EDGE_CURVE ( 'NONE', #1840, #5954, #5486, .T. ) ;
#5479 = LINE ( 'NONE', #4928, #207 ) ;
#5480 = CARTESIAN_POINT ( 'NONE',  ( 2.899999999999999467, 1.500000000000000000, -2.850000000000000089 ) ) ;
#5481 = VERTEX_POINT ( 'NONE', #5058 ) ;
#5482 = CARTESIAN_POINT ( 'NONE',  ( -3.700000000000012168, -7.500000000000002665, -4.049999999999998934 ) ) ;
#5483 = ORIENTED_EDGE ( 'NONE', *, *, #4637, .T. ) ;
#5484 = VERTEX_POINT ( 'NONE', #4502 ) ;
#5485 = CARTESIAN_POINT ( 'NONE',  ( -3.696433950078047204, -0.1979260160679794101, -5.021628620305819801 ) ) ;
#5486 = CIRCLE ( 'NONE', #4175, 0.6250000000000001110 ) ;
#5487 = CARTESIAN_POINT ( 'NONE',  ( 3.506841186714636294, -0.8747010928229258520, -4.274193137236153461 ) ) ;
#5488 = ORIENTED_EDGE ( 'NONE', *, *, #5404, .T. ) ;
#5489 = EDGE_CURVE ( 'NONE', #271, #4207, #2641, .T. ) ;
#5490 = ORIENTED_EDGE ( 'NONE', *, *, #3573, .T. ) ;
#5491 = ORIENTED_EDGE ( 'NONE', *, *, #4927, .T. ) ;
#5492 = AXIS2_PLACEMENT_3D ( 'NONE', #5550, #4882, #4960 ) ;
#5493 = DIRECTION ( 'NONE',  ( 0.000000000000000000, 1.000000000000000000, 0.000000000000000000 ) ) ;
#5494 = DIRECTION ( 'NONE',  ( -1.000000000000000000, 2.691812290308839669E-15, 0.000000000000000000 ) ) ;
#5495 = CARTESIAN_POINT ( 'NONE',  ( -1.450000000000000178, 2.500000000000001332, -3.100000000000000977 ) ) ;
#5496 = VECTOR ( 'NONE', #1009, 1000.000000000000000 ) ;
#5497 = CARTESIAN_POINT ( 'NONE',  ( -6.729530725772094243E-16, 1.499999999999998668, -2.850000000000000089 ) ) ;
#5498 = DIRECTION ( 'NONE',  ( 0.000000000000000000, 0.000000000000000000, 1.000000000000000000 ) ) ;
#5499 = LINE ( 'NONE', #1532, #2997 ) ;
#5500 = CARTESIAN_POINT ( 'NONE',  ( -2.900000000000000355, -3.000000000000000000, -3.100000000000000977 ) ) ;
#5501 = CYLINDRICAL_SURFACE ( 'NONE', #261, 0.09999999999999982514 ) ;
#5502 = ORIENTED_EDGE ( 'NONE', *, *, #2358, .F. ) ;
#5503 = AXIS2_PLACEMENT_3D ( 'NONE', #436, #6712, #9 ) ;
#5504 = CARTESIAN_POINT ( 'NONE',  ( -3.437244651700125164, -5.168916494400138895, -4.049999999999998934 ) ) ;
#5505 = EDGE_CURVE ( 'NONE', #5255, #2654, #4179, .T. ) ;
#5506 = LINE ( 'NONE', #7126, #4775 ) ;
#5507 = EDGE_LOOP ( 'NONE', ( #1278, #3183, #3861, #3903 ) ) ;
#5508 = MECHANICAL_DESIGN_GEOMETRIC_PRESENTATION_REPRESENTATION (  '', ( #1486 ), #5838 ) ;
#5509 = FACE_OUTER_BOUND ( 'NONE', #1520, .T. ) ;
#5510 = CARTESIAN_POINT ( 'NONE',  ( -3.000000000000000000, -2.399999999999998579, -2.850000000000000089 ) ) ;
#5511 = EDGE_LOOP ( 'NONE', ( #5593, #1283, #4575, #5265, #182, #896, #5224, #3308, #1563, #1487, #216, #3739, #4542, #1106, #3301, #1811, #2931, #4598 ) ) ;
#5512 = CARTESIAN_POINT ( 'NONE',  ( 3.121833710861379174, -0.4958465349151182644, -2.850000000000002753 ) ) ;
#5513 = CARTESIAN_POINT ( 'NONE',  ( 3.300000000000016254, -4.587538820250190774, -4.049999999999998934 ) ) ;
#5514 = VERTEX_POINT ( 'NONE', #5676 ) ;
#5515 = FACE_OUTER_BOUND ( 'NONE', #485, .T. ) ;
#5516 = DIRECTION ( 'NONE',  ( -1.000000000000000000, -4.517509052022934484E-16, -3.491481338843133355E-15 ) ) ;
#5517 = EDGE_LOOP ( 'NONE', ( #4770, #1990, #2890, #1339, #173, #4352 ) ) ;
#5518 = DIRECTION ( 'NONE',  ( -1.000000000000000000, 0.000000000000000000, 0.000000000000000000 ) ) ;
#5519 = CARTESIAN_POINT ( 'NONE',  ( -1.674999999999999822, 2.299999999999999822, 0.000000000000000000 ) ) ;
#5520 = ORIENTED_EDGE ( 'NONE', *, *, #3984, .T. ) ;
#5521 = DIRECTION ( 'NONE',  ( 0.000000000000000000, 0.000000000000000000, -1.000000000000000000 ) ) ;
#5522 = ORIENTED_EDGE ( 'NONE', *, *, #3330, .F. ) ;
#5523 = ORIENTED_EDGE ( 'NONE', *, *, #2356, .T. ) ;
#5524 = EDGE_CURVE ( 'NONE', #2038, #6521, #6834, .T. ) ;
#5525 = CARTESIAN_POINT ( 'NONE',  ( -3.700000000000018829, -0.09089848803369647567, -3.433768060727969029 ) ) ;
#5526 = CARTESIAN_POINT ( 'NONE',  ( 3.344139186151720011, -0.6948026880367431657, -2.850000000000001865 ) ) ;
#5527 = ORIENTED_EDGE ( 'NONE', *, *, #1898, .F. ) ;
#5528 = ADVANCED_FACE ( 'NONE', ( #2867 ), #1246, .T. ) ;
#5529 = ORIENTED_EDGE ( 'NONE', *, *, #4558, .F. ) ;
#5530 = ORIENTED_EDGE ( 'NONE', *, *, #3049, .F. ) ;
#5531 = FACE_OUTER_BOUND ( 'NONE', #6044, .T. ) ;
#5532 = CARTESIAN_POINT ( 'NONE',  ( 0.8499999999999999778, 0.4333333333333333481, -2.650000000000000355 ) ) ;
#5533 = EDGE_CURVE ( 'NONE', #3636, #6119, #4641, .T. ) ;
#5534 = CARTESIAN_POINT ( 'NONE',  ( -2.299999999999999822, -1.674999999999999822, 0.6500000000000001332 ) ) ;
#5535 = LINE ( 'NONE', #6835, #5703 ) ;
#5536 = DIRECTION ( 'NONE',  ( 0.000000000000000000, 0.000000000000000000, -1.000000000000000000 ) ) ;
#5537 = CARTESIAN_POINT ( 'NONE',  ( -2.899999999999999467, -1.499999999999999112, -3.100000000000000977 ) ) ;
#5538 = CARTESIAN_POINT ( 'NONE',  ( 2.925000000000000266, -2.299999999999999822, 0.000000000000000000 ) ) ;
#5539 = DIRECTION ( 'NONE',  ( -1.000000000000000000, -6.439293542825908723E-15, 5.585196838722984675E-30 ) ) ;
#5540 = ORIENTED_EDGE ( 'NONE', *, *, #6585, .T. ) ;
#5541 = DIRECTION ( 'NONE',  ( 0.000000000000000000, 0.000000000000000000, -1.000000000000000000 ) ) ;
#5542 = CARTESIAN_POINT ( 'NONE',  ( 3.300000000000015810, -4.000000000000000888, -5.049999999999998934 ) ) ;
#5543 = ADVANCED_FACE ( 'NONE', ( #2968 ), #6146, .T. ) ;
#5544 = DIRECTION ( 'NONE',  ( 8.673617379884051249E-15, -1.000000000000000000, 0.000000000000000000 ) ) ;
#5545 = EDGE_LOOP ( 'NONE', ( #994, #4281, #1861, #2957 ) ) ;
#5546 = CARTESIAN_POINT ( 'NONE',  ( 1.450000000000000178, -1.499999999999999778, -2.850000000000000089 ) ) ;
#5547 = CARTESIAN_POINT ( 'NONE',  ( 2.299999999999999822, 2.925000000000000711, 0.6500000000000001332 ) ) ;
#5548 = EDGE_LOOP ( 'NONE', ( #2202, #6183, #2448, #6865 ) ) ;
#5549 =( NAMED_UNIT ( * ) SI_UNIT ( $, .STERADIAN. ) SOLID_ANGLE_UNIT ( ) );
#5550 = CARTESIAN_POINT ( 'NONE',  ( 4.200000000000016165, -7.286606874731852201, -4.049999999999997158 ) ) ;
#5551 = ORIENTED_EDGE ( 'NONE', *, *, #1715, .F. ) ;
#5552 = DIRECTION ( 'NONE',  ( 0.3303504247281062178, -0.9438583563660173370, 0.000000000000000000 ) ) ;
#5553 = CARTESIAN_POINT ( 'NONE',  ( -3.700000000000014388, -3.500000000000000000, -4.049999999999998934 ) ) ;
#5554 = ORIENTED_EDGE ( 'NONE', *, *, #3397, .T. ) ;
#5555 = CARTESIAN_POINT ( 'NONE',  ( -2.900000000000000355, 2.400000000000000355, -2.850000000000000089 ) ) ;
#5556 = EDGE_LOOP ( 'NONE', ( #3688, #3950, #2069 ) ) ;
#5557 = ORIENTED_EDGE ( 'NONE', *, *, #765, .F. ) ;
#5558 = EDGE_CURVE ( 'NONE', #2990, #1324, #6038, .T. ) ;
#5559 = CARTESIAN_POINT ( 'NONE',  ( -3.700000000000018829, -0.3611111111111118821, -5.371878022344833248 ) ) ;
#5560 = CARTESIAN_POINT ( 'NONE',  ( 3.295212096815360425, -1.130862375711691348, -3.060156501862066669 ) ) ;
#5561 = ORIENTED_EDGE ( 'NONE', *, *, #5285, .F. ) ;
#5562 = ORIENTED_EDGE ( 'NONE', *, *, #4260, .F. ) ;
#5563 = ORIENTED_EDGE ( 'NONE', *, *, #4817, .T. ) ;
#5564 = DIRECTION ( 'NONE',  ( -1.000000000000000000, 0.000000000000000000, 3.523657060577910710E-15 ) ) ;
#5565 = CARTESIAN_POINT ( 'NONE',  ( -3.121833710861378730, -0.4958465349151196522, -2.850000000000000089 ) ) ;
#5566 = VECTOR ( 'NONE', #5753, 1000.000000000000000 ) ;
#5567 = VECTOR ( 'NONE', #4569, 1000.000000000000000 ) ;
#5568 = CARTESIAN_POINT ( 'NONE',  ( -3.300000000000016254, 2.999999999999999112, -4.748279434898257101 ) ) ;
#5569 = EDGE_CURVE ( 'NONE', #1441, #4072, #6543, .T. ) ;
#5570 = EDGE_CURVE ( 'NONE', #5111, #2749, #6593, .T. ) ;
#5571 = AXIS2_PLACEMENT_3D ( 'NONE', #1041, #4428, #5646 ) ;
#5572 = CARTESIAN_POINT ( 'NONE',  ( 0.8499999999999999778, -1.733333333333333171, -2.650000000000000355 ) ) ;
#5573 = DIRECTION ( 'NONE',  ( 0.000000000000000000, 0.000000000000000000, 1.000000000000000000 ) ) ;
#5574 = CYLINDRICAL_SURFACE ( 'NONE', #880, 0.6250000000000001110 ) ;
#5575 = CARTESIAN_POINT ( 'NONE',  ( 3.700000000000012612, -3.499999999999998224, -3.049999999999999378 ) ) ;
#5576 = VERTEX_POINT ( 'NONE', #4377 ) ;
#5577 = PLANE ( 'NONE',  #5917 ) ;
#5578 = CIRCLE ( 'NONE', #5112, 0.09999999999999982514 ) ;
#5579 = VECTOR ( 'NONE', #6918, 1000.000000000000000 ) ;
#5580 = CARTESIAN_POINT ( 'NONE',  ( -1.149999999999999911, -3.000000000000000000, -2.850000000000000089 ) ) ;
#5581 = APPLICATION_CONTEXT ( 'automotive_design' ) ;
#5582 = EDGE_CURVE ( 'NONE', #7, #865, #7224, .T. ) ;
#5583 = DIRECTION ( 'NONE',  ( 1.000000000000000000, 2.093631781351319655E-15, 0.000000000000000000 ) ) ;
#5584 = DIRECTION ( 'NONE',  ( -0.8944271909999159664, 0.4472135954999579832, 0.000000000000000000 ) ) ;
#5585 = VECTOR ( 'NONE', #4553, 1000.000000000000000 ) ;
#5586 = ORIENTED_EDGE ( 'NONE', *, *, #5880, .T. ) ;
#5587 = DIRECTION ( 'NONE',  ( -3.252606517456511724E-15, 0.000000000000000000, -1.000000000000000000 ) ) ;
#5588 = CARTESIAN_POINT ( 'NONE',  ( 2.299999999999999378, 1.963427199554093505, 0.9000000000000001332 ) ) ;
#5589 = DIRECTION ( 'NONE',  ( 1.000000000000000000, 0.000000000000000000, 0.000000000000000000 ) ) ;
#5590 = CARTESIAN_POINT ( 'NONE',  ( 1.149999999999999911, -2.900000000000000355, -3.100000000000000977 ) ) ;
#5591 = CARTESIAN_POINT ( 'NONE',  ( 3.300000000000010481, -0.09418335084988774253, -2.990104334574712919 ) ) ;
#5592 = VECTOR ( 'NONE', #1280, 1000.000000000000000 ) ;
#5593 = ORIENTED_EDGE ( 'NONE', *, *, #96, .F. ) ;
#5594 = CARTESIAN_POINT ( 'NONE',  ( -2.299999999999999822, 2.299999999999999822, 0.9000000000000001332 ) ) ;
#5595 = DIRECTION ( 'NONE',  ( -1.000000000000000000, 0.000000000000000000, 0.000000000000000000 ) ) ;
#5596 = VERTEX_POINT ( 'NONE', #2158 ) ;
#5597 = CARTESIAN_POINT ( 'NONE',  ( 3.300000000000013145, -7.999999999999998224, -4.549999999999998934 ) ) ;
#5598 = VERTEX_POINT ( 'NONE', #6088 ) ;
#5599 = EDGE_LOOP ( 'NONE', ( #1478, #3853, #5645, #7181 ) ) ;
#5600 = CARTESIAN_POINT ( 'NONE',  ( -2.900000000000000355, -1.599999999999999201, -2.850000000000000089 ) ) ;
#5601 = EDGE_CURVE ( 'NONE', #6897, #4382, #5949, .T. ) ;
#5602 = CARTESIAN_POINT ( 'NONE',  ( 3.545508591715254010, -1.295177270888955734, -4.274269452903463495 ) ) ;
#5603 = ORIENTED_EDGE ( 'NONE', *, *, #46, .F. ) ;
#5604 = CIRCLE ( 'NONE', #5236, 0.6250000000000001110 ) ;
#5605 = EDGE_CURVE ( 'NONE', #7057, #1011, #6637, .T. ) ;
#5606 = ORIENTED_EDGE ( 'NONE', *, *, #5505, .T. ) ;
#5607 = CARTESIAN_POINT ( 'NONE',  ( -1.584339825534188062, -2.041694297304994044E-16, 7.300000000000000711 ) ) ;
#5608 = CARTESIAN_POINT ( 'NONE',  ( -2.876494900217184458, -0.7372879175349927872, -2.850000000000000089 ) ) ;
#5609 = EDGE_CURVE ( 'NONE', #326, #5598, #6681, .T. ) ;
#5610 = VECTOR ( 'NONE', #2486, 1000.000000000000000 ) ;
#5611 = DIRECTION ( 'NONE',  ( 0.000000000000000000, -1.000000000000000000, 3.523657060577896116E-15 ) ) ;
#5612 = AXIS2_PLACEMENT_3D ( 'NONE', #628, #1681, #4536 ) ;
#5613 = DIRECTION ( 'NONE',  ( 1.000000000000000000, 0.000000000000000000, 0.000000000000000000 ) ) ;
#5614 = CARTESIAN_POINT ( 'NONE',  ( 3.700000000000012612, -3.999999999999998224, -3.049999999999999378 ) ) ;
#5615 = DIRECTION ( 'NONE',  ( -1.000000000000000000, 0.000000000000000000, 0.000000000000000000 ) ) ;
#5616 = DIRECTION ( 'NONE',  ( 0.000000000000000000, 1.000000000000000000, 0.000000000000000000 ) ) ;
#5617 = ADVANCED_FACE ( 'NONE', ( #6718 ), #3353, .T. ) ;
#5618 = DIRECTION ( 'NONE',  ( 0.000000000000000000, 0.000000000000000000, 1.000000000000000000 ) ) ;
#5619 = ADVANCED_FACE ( 'NONE', ( #3907 ), #6305, .T. ) ;
#5620 = AXIS2_PLACEMENT_3D ( 'NONE', #6285, #610, #5684 ) ;
#5621 = DIRECTION ( 'NONE',  ( -4.517509052022813197E-16, 1.000000000000000000, -3.469446951953602356E-15 ) ) ;
#5622 = DIRECTION ( 'NONE',  ( 2.917253218490784384E-16, -8.168309011774197064E-16, -1.000000000000000000 ) ) ;
#5623 = CARTESIAN_POINT ( 'NONE',  ( -1.450000000000000178, 1.500000000000000000, -2.850000000000000089 ) ) ;
#5624 = AXIS2_PLACEMENT_3D ( 'NONE', #1558, #3821, #5005 ) ;
#5625 = EDGE_LOOP ( 'NONE', ( #2026, #177, #3222, #3727 ) ) ;
#5626 = DIRECTION ( 'NONE',  ( -0.000000000000000000, -0.000000000000000000, -1.000000000000000000 ) ) ;
#5627 = CARTESIAN_POINT ( 'NONE',  ( 2.300000000000000266, 2.300000000000000266, 0.9000000000000002442 ) ) ;
#5628 = DIRECTION ( 'NONE',  ( 1.000000000000000000, -8.972707634362798240E-16, 0.000000000000000000 ) ) ;
#5629 = EDGE_CURVE ( 'NONE', #5979, #6788, #2186, .T. ) ;
#5630 = CARTESIAN_POINT ( 'NONE',  ( -2.900000000000000799, -2.399999999999999467, -3.100000000000000977 ) ) ;
#5631 = EDGE_CURVE ( 'NONE', #699, #5255, #6269, .T. ) ;
#5632 = EDGE_CURVE ( 'NONE', #3199, #5119, #16, .T. ) ;
#5633 = CARTESIAN_POINT ( 'NONE',  ( 2.828233073500719730, -0.9999999999999991118, -2.850000000000000977 ) ) ;
#5634 = PRESENTATION_LAYER_ASSIGNMENT (  '', '', ( #1486 ) ) ;
#5635 = ORIENTED_EDGE ( 'NONE', *, *, #7013, .F. ) ;
#5636 = CARTESIAN_POINT ( 'NONE',  ( 3.300000000000015810, 3.000000000000000444, -4.748279434898257101 ) ) ;
#5637 = DIRECTION ( 'NONE',  ( 8.673617379884049672E-15, -1.000000000000000000, 0.000000000000000000 ) ) ;
#5638 = EDGE_LOOP ( 'NONE', ( #855, #6723, #3702, #5378 ) ) ;
#5639 = DIRECTION ( 'NONE',  ( 0.000000000000000000, -1.000000000000000000, 0.000000000000000000 ) ) ;
#5640 = VERTEX_POINT ( 'NONE', #3946 ) ;
#5641 = VERTEX_POINT ( 'NONE', #724 ) ;
#5642 = DIRECTION ( 'NONE',  ( 0.000000000000000000, 0.000000000000000000, 1.000000000000000000 ) ) ;
#5643 = CARTESIAN_POINT ( 'NONE',  ( 3.631374384824479939, -0.3742237463772736250, -3.854040662255686644 ) ) ;
#5644 = ORIENTED_EDGE ( 'NONE', *, *, #1775, .F. ) ;
#5645 = ORIENTED_EDGE ( 'NONE', *, *, #6813, .F. ) ;
#5646 = DIRECTION ( 'NONE',  ( -1.000000000000000000, 0.000000000000000000, 0.000000000000000000 ) ) ;
#5647 = CARTESIAN_POINT ( 'NONE',  ( -3.648658427701410467, -1.629462344874299529, -4.274380914349391603 ) ) ;
#5648 = LINE ( 'NONE', #1760, #3462 ) ;
#5649 = CARTESIAN_POINT ( 'NONE',  ( -2.299999999999998934, 2.636572800445907916, 0.9000000000000001332 ) ) ;
#5650 = CARTESIAN_POINT ( 'NONE',  ( 3.795015528100092794, -4.990031056200153081, -4.049999999999998934 ) ) ;
#5651 = DIRECTION ( 'NONE',  ( -0.000000000000000000, -0.000000000000000000, -1.000000000000000000 ) ) ;
#5652 = DIRECTION ( 'NONE',  ( -0.3363363969981563173, -0.9417419115948373332, 0.000000000000000000 ) ) ;
#5653 = DIRECTION ( 'NONE',  ( -1.000000000000000000, 0.000000000000000000, 0.000000000000000000 ) ) ;
#5654 = CARTESIAN_POINT ( 'NONE',  ( 2.299999999999999822, -2.299999999999999822, 0.9000000000000001332 ) ) ;
#5655 = SURFACE_SIDE_STYLE ('',( #545 ) ) ;
#5656 = EDGE_LOOP ( 'NONE', ( #6642, #302, #6655, #2625 ) ) ;
#5657 = DIRECTION ( 'NONE',  ( 1.000000000000000000, -4.486353817181402078E-16, 0.000000000000000000 ) ) ;
#5658 = SURFACE_STYLE_USAGE ( .BOTH. , #5000 ) ;
#5659 = DIRECTION ( 'NONE',  ( 0.000000000000000000, 0.000000000000000000, 1.000000000000000000 ) ) ;
#5660 = CARTESIAN_POINT ( 'NONE',  ( 3.300000000000013589, 1.057097118173372345E-15, -3.830730342022995227 ) ) ;
#5661 = VERTEX_POINT ( 'NONE', #3983 ) ;
#5662 = EDGE_CURVE ( 'NONE', #2853, #3622, #2236, .T. ) ;
#5663 = LINE ( 'NONE', #6822, #2065 ) ;
#5664 = DIRECTION ( 'NONE',  ( -1.000000000000000000, -2.691812290308837303E-15, 0.000000000000000000 ) ) ;
#5665 = EDGE_CURVE ( 'NONE', #4593, #1017, #1238, .T. ) ;
#5666 = ORIENTED_EDGE ( 'NONE', *, *, #7037, .F. ) ;
#5667 = CARTESIAN_POINT ( 'NONE',  ( 0.8499999999999999778, -0.4333333333333333481, -2.650000000000000355 ) ) ;
#5668 = VERTEX_POINT ( 'NONE', #6896 ) ;
#5669 = ORIENTED_EDGE ( 'NONE', *, *, #3571, .F. ) ;
#5670 = PLANE ( 'NONE',  #5612 ) ;
#5671 = ORIENTED_EDGE ( 'NONE', *, *, #3300, .F. ) ;
#5672 = DIRECTION ( 'NONE',  ( 0.000000000000000000, 1.000000000000000000, 0.000000000000000000 ) ) ;
#5673 = ADVANCED_FACE ( 'NONE', ( #5739 ), #6794, .T. ) ;
#5674 = ORIENTED_EDGE ( 'NONE', *, *, #5772, .T. ) ;
#5675 = CARTESIAN_POINT ( 'NONE',  ( -3.278597828075716869, -0.2027530115181711556, -2.849999999999999201 ) ) ;
#5676 = CARTESIAN_POINT ( 'NONE',  ( 1.450000000000000178, -2.900000000000000355, -3.100000000000000977 ) ) ;
#5677 = DIRECTION ( 'NONE',  ( -1.000000000000000000, 5.204170427930403139E-15, -3.469446951953601961E-15 ) ) ;
#5678 = CARTESIAN_POINT ( 'NONE',  ( 1.450000000000000400, 2.500000000000001332, -2.850000000000000089 ) ) ;
#5679 = PLANE ( 'NONE',  #1456 ) ;
#5680 = VECTOR ( 'NONE', #5616, 1000.000000000000000 ) ;
#5681 = AXIS2_PLACEMENT_3D ( 'NONE', #4518, #5039, #1710 ) ;
#5682 = DIRECTION ( 'NONE',  ( -1.000000000000000000, 0.000000000000000000, 0.000000000000000000 ) ) ;
#5683 = DIRECTION ( 'NONE',  ( -0.000000000000000000, -0.000000000000000000, -1.000000000000000000 ) ) ;
#5684 = DIRECTION ( 'NONE',  ( 0.000000000000000000, 0.000000000000000000, -1.000000000000000000 ) ) ;
#5685 = AXIS2_PLACEMENT_3D ( 'NONE', #4902, #6048, #5967 ) ;
#5686 = AXIS2_PLACEMENT_3D ( 'NONE', #2501, #4762, #1946 ) ;
#5687 = LINE ( 'NONE', #612, #406 ) ;
#5688 = CARTESIAN_POINT ( 'NONE',  ( 1.408578643762689930, -2.458578643762694416, -3.200000000000000622 ) ) ;
#5689 = ADVANCED_FACE ( 'NONE', ( #4633 ), #2928, .T. ) ;
#5690 = LINE ( 'NONE', #1128, #5454 ) ;
#5691 = DIRECTION ( 'NONE',  ( 1.000000000000000000, 0.000000000000000000, 0.000000000000000000 ) ) ;
#5692 = VECTOR ( 'NONE', #1907, 1000.000000000000000 ) ;
#5693 = LINE ( 'NONE', #2329, #5215 ) ;
#5694 = CARTESIAN_POINT ( 'NONE',  ( 3.300000000000010036, 1.057097118173370965E-15, -2.849999999999999201 ) ) ;
#5695 = ORIENTED_EDGE ( 'NONE', *, *, #6934, .T. ) ;
#5696 = CIRCLE ( 'NONE', #6060, 0.05000000000000012768 ) ;
#5697 = DIRECTION ( 'NONE',  ( 0.000000000000000000, 0.000000000000000000, -1.000000000000000000 ) ) ;
#5698 = CARTESIAN_POINT ( 'NONE',  ( -3.700000000000009059, -8.000000000000003553, -4.549999999999998934 ) ) ;
#5699 = ORIENTED_EDGE ( 'NONE', *, *, #1113, .T. ) ;
#5700 = CARTESIAN_POINT ( 'NONE',  ( -2.075000000000000178, -8.000000000000000000, -3.060232526704262934 ) ) ;
#5701 = ORIENTED_EDGE ( 'NONE', *, *, #5735, .T. ) ;
#5702 = ADVANCED_FACE ( 'NONE', ( #4014 ), #5670, .F. ) ;
#5703 = VECTOR ( 'NONE', #6728, 999.9999999999998863 ) ;
#5704 = DIRECTION ( 'NONE',  ( 0.000000000000000000, 0.000000000000000000, 1.000000000000000000 ) ) ;
#5705 = ADVANCED_FACE ( 'NONE', ( #4075, #3451 ), #5122, .T. ) ;
#5706 = VERTEX_POINT ( 'NONE', #144 ) ;
#5707 = CARTESIAN_POINT ( 'NONE',  ( -3.300000000000014921, -4.587538820250192551, -4.049999999999998934 ) ) ;
#5708 = AXIS2_PLACEMENT_3D ( 'NONE', #1173, #5664, #694 ) ;
#5709 = ORIENTED_EDGE ( 'NONE', *, *, #6601, .F. ) ;
#5710 = CARTESIAN_POINT ( 'NONE',  ( -3.300000000000018474, -1.905816649150112285, -5.371878022344844794 ) ) ;
#5711 = EDGE_CURVE ( 'NONE', #3872, #6428, #2520, .T. ) ;
#5712 = CARTESIAN_POINT ( 'NONE',  ( -3.692222468107805966, -1.859399599620012555, -3.060156501862070666 ) ) ;
#5713 = STYLED_ITEM ( 'NONE', ( #2839 ), #4756 ) ;
#5714 = ADVANCED_BREP_SHAPE_REPRESENTATION ( 'CUI_DEVICES_TS11-674-105-BK-260-RA-D', ( #7255, #36, #4756, #2555, #5976 ), #3709 ) ;
#5715 = DIRECTION ( 'NONE',  ( -1.000000000000000000, -4.517509052022934484E-16, -3.491481338843133355E-15 ) ) ;
#5716 = DIRECTION ( 'NONE',  ( 0.4472135954999583718, -0.8944271909999157444, 0.000000000000000000 ) ) ;
#5717 = AXIS2_PLACEMENT_3D ( 'NONE', #3809, #7208, #7129 ) ;
#5718 = DIRECTION ( 'NONE',  ( -0.4472135954999579277, -0.8944271909999158554, 0.000000000000000000 ) ) ;
#5719 = LINE ( 'NONE', #6841, #169 ) ;
#5720 = EDGE_CURVE ( 'NONE', #3009, #5119, #304, .T. ) ;
#5721 = DIRECTION ( 'NONE',  ( 0.000000000000000000, 1.000000000000000000, 0.000000000000000000 ) ) ;
#5722 = CIRCLE ( 'NONE', #6318, 0.4999999999999993339 ) ;
#5723 = CARTESIAN_POINT ( 'NONE',  ( 3.746809205874645166, -5.788045602749172680, -4.049999999999998934 ) ) ;
#5724 = PRODUCT_DEFINITION_SHAPE ( 'NONE', 'NONE',  #3077 ) ;
#5725 = DIRECTION ( 'NONE',  ( 1.000000000000000000, 0.000000000000000000, 0.000000000000000000 ) ) ;
#5726 = PRESENTATION_STYLE_ASSIGNMENT (( #5658 ) ) ;
#5727 = EDGE_CURVE ( 'NONE', #4600, #5956, #4572, .T. ) ;
#5728 = VECTOR ( 'NONE', #5013, 1000.000000000000000 ) ;
#5729 = CARTESIAN_POINT ( 'NONE',  ( -3.700000000000018829, -4.336808689942017736E-16, -5.371878022344831471 ) ) ;
#5730 = CARTESIAN_POINT ( 'NONE',  ( 3.286933477046822816, -1.796257152550980063, -3.830730342022994783 ) ) ;
#5731 = ORIENTED_EDGE ( 'NONE', *, *, #1982, .T. ) ;
#5732 = AXIS2_PLACEMENT_3D ( 'NONE', #6582, #5391, #6028 ) ;
#5733 = DIRECTION ( 'NONE',  ( -3.878959614448868930E-16, -7.757919228897725042E-16, -1.000000000000000000 ) ) ;
#5734 = LINE ( 'NONE', #2888, #5474 ) ;
#5735 = EDGE_CURVE ( 'NONE', #2466, #827, #4305, .T. ) ;
#5736 = ORIENTED_EDGE ( 'NONE', *, *, #6917, .T. ) ;
#5737 = FACE_OUTER_BOUND ( 'NONE', #4304, .T. ) ;
#5738 = VERTEX_POINT ( 'NONE', #598 ) ;
#5739 = FACE_OUTER_BOUND ( 'NONE', #117, .T. ) ;
#5740 = EDGE_CURVE ( 'NONE', #2464, #7187, #5024, .T. ) ;
#5741 = VERTEX_POINT ( 'NONE', #6861 ) ;
#5742 = DIRECTION ( 'NONE',  ( 0.000000000000000000, 0.000000000000000000, 1.000000000000000000 ) ) ;
#5743 = CIRCLE ( 'NONE', #5263, 0.09999999999999982514 ) ;
#5744 = VERTEX_POINT ( 'NONE', #1783 ) ;
#5745 = EDGE_CURVE ( 'NONE', #3147, #1407, #6095, .T. ) ;
#5746 = CARTESIAN_POINT ( 'NONE',  ( -3.300000000000018474, -1.259259259259260189, -5.371878022344843906 ) ) ;
#5747 = DIRECTION ( 'NONE',  ( -0.000000000000000000, -0.000000000000000000, -1.000000000000000000 ) ) ;
#5748 = ADVANCED_FACE ( 'NONE', ( #2438 ), #6933, .F. ) ;
#5749 = CARTESIAN_POINT ( 'NONE',  ( -1.050000000000000044, 2.900000000000000355, -2.850000000000000089 ) ) ;
#5750 = PRESENTATION_STYLE_ASSIGNMENT (( #3524 ) ) ;
#5751 = SPHERICAL_SURFACE ( 'NONE', #1138, 0.1000000000000000056 ) ;
#5752 = FACE_OUTER_BOUND ( 'NONE', #4824, .T. ) ;
#5753 = DIRECTION ( 'NONE',  ( 0.000000000000000000, 3.523657060577896116E-15, 1.000000000000000000 ) ) ;
#5754 = CARTESIAN_POINT ( 'NONE',  ( -3.000000000000000000, -2.900000000000000355, -3.100000000000000977 ) ) ;
#5755 = DIRECTION ( 'NONE',  ( -1.000000000000000000, 0.000000000000000000, 0.000000000000000000 ) ) ;
#5756 = DIRECTION ( 'NONE',  ( -0.000000000000000000, -0.000000000000000000, -1.000000000000000000 ) ) ;
#5757 = DIRECTION ( 'NONE',  ( -1.000000000000000000, -4.517509052022934484E-16, -3.491481338843133355E-15 ) ) ;
#5758 = DIRECTION ( 'NONE',  ( 1.000000000000000000, 0.000000000000000000, 0.000000000000000000 ) ) ;
#5759 = CYLINDRICAL_SURFACE ( 'NONE', #1897, 0.5000000000000017764 ) ;
#5760 = LINE ( 'NONE', #3536, #443 ) ;
#5761 = VERTEX_POINT ( 'NONE', #858 ) ;
#5762 = UNCERTAINTY_MEASURE_WITH_UNIT (LENGTH_MEASURE( 1.000000000000000082E-05 ), #1195, 'distance_accuracy_value', 'NONE');
#5763 = DIRECTION ( 'NONE',  ( -1.000000000000000000, -0.000000000000000000, -0.000000000000000000 ) ) ;
#5764 = CARTESIAN_POINT ( 'NONE',  ( 3.700000000000023270, -3.999999999999998224, -6.049999999999997158 ) ) ;
#5765 = ORIENTED_EDGE ( 'NONE', *, *, #7140, .T. ) ;
#5766 = CARTESIAN_POINT ( 'NONE',  ( -1.050000000000000044, 0.000000000000000000, -2.850000000000000089 ) ) ;
#5767 = VERTEX_POINT ( 'NONE', #4135 ) ;
#5768 = CARTESIAN_POINT ( 'NONE',  ( 0.000000000000000000, 0.000000000000000000, -2.850000000000000089 ) ) ;
#5769 = ORIENTED_EDGE ( 'NONE', *, *, #6256, .T. ) ;
#5770 = CARTESIAN_POINT ( 'NONE',  ( 3.700000000000016165, -0.1958792758983939619, -5.231804981911395203 ) ) ;
#5771 = VERTEX_POINT ( 'NONE', #2959 ) ;
#5772 = EDGE_CURVE ( 'NONE', #4973, #4490, #6962, .T. ) ;
#5773 = CARTESIAN_POINT ( 'NONE',  ( -3.300000000000018030, -0.5015907582572965984, -5.371878022344844794 ) ) ;
#5774 = CARTESIAN_POINT ( 'NONE',  ( -3.677906667518520578, -1.753934642099855834, -4.274392501309006498 ) ) ;
#5775 = ORIENTED_EDGE ( 'NONE', *, *, #1113, .F. ) ;
#5776 = DIRECTION ( 'NONE',  ( -1.000000000000000000, 0.000000000000000000, 0.000000000000000000 ) ) ;
#5777 = CARTESIAN_POINT ( 'NONE',  ( -2.300000000000000266, 2.299999999999999378, 0.9000000000000001332 ) ) ;
#5778 = VERTEX_POINT ( 'NONE', #1916 ) ;
#5779 = CARTESIAN_POINT ( 'NONE',  ( 2.899999999999999911, 2.500000000000000000, -2.850000000000000089 ) ) ;
#5780 = DIRECTION ( 'NONE',  ( -0.8944271909999159664, 0.4472135954999579832, 0.000000000000000000 ) ) ;
#5781 = ADVANCED_FACE ( 'NONE', ( #823 ), #181, .T. ) ;
#5782 = EDGE_CURVE ( 'NONE', #6130, #4114, #4799, .T. ) ;
#5783 = AXIS2_PLACEMENT_3D ( 'NONE', #3408, #5626, #2775 ) ;
#5784 = PLANE ( 'NONE',  #70 ) ;
#5785 = VECTOR ( 'NONE', #6326, 1000.000000000000000 ) ;
#5786 = CYLINDRICAL_SURFACE ( 'NONE', #5936, 0.6250000000000001110 ) ;
#5787 = CARTESIAN_POINT ( 'NONE',  ( -1.149999999999999911, 2.900000000000000355, -3.100000000000000977 ) ) ;
#5788 = DIRECTION ( 'NONE',  ( -1.000000000000000000, 0.000000000000000000, 0.000000000000000000 ) ) ;
#5789 = ORIENTED_EDGE ( 'NONE', *, *, #1389, .F. ) ;
#5790 = DIRECTION ( 'NONE',  ( 0.000000000000000000, 0.000000000000000000, 1.000000000000000000 ) ) ;
#5791 = AXIS2_PLACEMENT_3D ( 'NONE', #4833, #6872, #1797 ) ;
#5792 = CARTESIAN_POINT ( 'NONE',  ( 3.300000000000018474, -0.09418335084988774253, -5.371878022344844794 ) ) ;
#5793 = EDGE_CURVE ( 'NONE', #5576, #317, #4729, .T. ) ;
#5794 = EDGE_LOOP ( 'NONE', ( #6239, #2633, #6686, #5070 ) ) ;
#5795 = CARTESIAN_POINT ( 'NONE',  ( 2.392722035830079958E-16, 1.599999999999999645, -3.100000000000000977 ) ) ;
#5796 = CARTESIAN_POINT ( 'NONE',  ( -1.450000000000000178, 2.900000000000000355, -2.850000000000000089 ) ) ;
#5797 = STYLED_ITEM ( 'NONE', ( #1475 ), #2555 ) ;
#5798 = ORIENTED_EDGE ( 'NONE', *, *, #482, .T. ) ;
#5799 = AXIS2_PLACEMENT_3D ( 'NONE', #1992, #3596, #4151 ) ;
#5800 = DIRECTION ( 'NONE',  ( 1.000000000000000000, 0.000000000000000000, -2.891205793294673889E-15 ) ) ;
#5801 = ORIENTED_EDGE ( 'NONE', *, *, #3701, .F. ) ;
#5802 = DIRECTION ( 'NONE',  ( -1.000000000000000000, -4.486353817181400106E-16, -0.000000000000000000 ) ) ;
#5803 = VERTEX_POINT ( 'NONE', #2405 ) ;
#5804 = CARTESIAN_POINT ( 'NONE',  ( 3.696433950078047204, -0.1979260160679777170, -5.021628620305819801 ) ) ;
#5805 = VERTEX_POINT ( 'NONE', #5253 ) ;
#5806 = AXIS2_PLACEMENT_3D ( 'NONE', #4360, #967, #6619 ) ;
#5807 = CARTESIAN_POINT ( 'NONE',  ( -3.300000000000018030, -1.259259259259260189, -5.231773687770130188 ) ) ;
#5808 = EDGE_CURVE ( 'NONE', #5017, #1505, #278, .T. ) ;
#5809 = CARTESIAN_POINT ( 'NONE',  ( -3.347349097313216504, -1.000085739001677743, -3.433315822229837888 ) ) ;
#5810 = ORIENTED_EDGE ( 'NONE', *, *, #3312, .F. ) ;
#5811 =( NAMED_UNIT ( * ) PLANE_ANGLE_UNIT ( ) SI_UNIT ( $, .RADIAN. ) );
#5812 = ADVANCED_FACE ( 'NONE', ( #3546 ), #1436, .F. ) ;
#5813 = ORIENTED_EDGE ( 'NONE', *, *, #2179, .F. ) ;
#5814 = DIRECTION ( 'NONE',  ( 0.000000000000000000, 1.000000000000000000, 0.000000000000000000 ) ) ;
#5815 = CARTESIAN_POINT ( 'NONE',  ( 1.450000000000000178, 2.900000000000000355, -2.850000000000000089 ) ) ;
#5816 = AXIS2_PLACEMENT_3D ( 'NONE', #3346, #4370, #2784 ) ;
#5817 = CIRCLE ( 'NONE', #6669, 0.09999999999999982514 ) ;
#5818 = PLANE ( 'NONE',  #4642 ) ;
#5819 = CARTESIAN_POINT ( 'NONE',  ( 4.104580082274611463, -5.609160164549189531, -4.049999999999998934 ) ) ;
#5820 = FACE_BOUND ( 'NONE', #5999, .T. ) ;
#5821 = DIRECTION ( 'NONE',  ( -2.691812290308838880E-15, -1.000000000000000000, 0.000000000000000000 ) ) ;
#5822 = ORIENTED_EDGE ( 'NONE', *, *, #2865, .F. ) ;
#5823 = EDGE_CURVE ( 'NONE', #5346, #5514, #7060, .T. ) ;
#5824 = LINE ( 'NONE', #3632, #5692 ) ;
#5825 = AXIS2_PLACEMENT_3D ( 'NONE', #5650, #4435, #5716 ) ;
#5826 = CARTESIAN_POINT ( 'NONE',  ( 0.8499999999999999778, 1.683333333333333348, -2.750000000000000000 ) ) ;
#5827 = ORIENTED_EDGE ( 'NONE', *, *, #5919, .F. ) ;
#5828 = UNCERTAINTY_MEASURE_WITH_UNIT (LENGTH_MEASURE( 1.000000000000000082E-05 ), #69, 'distance_accuracy_value', 'NONE');
#5829 = EDGE_CURVE ( 'NONE', #1638, #2023, #2778, .T. ) ;
#5830 = FACE_OUTER_BOUND ( 'NONE', #5994, .T. ) ;
#5831 = VECTOR ( 'NONE', #3818, 1000.000000000000000 ) ;
#5832 = VERTEX_POINT ( 'NONE', #1978 ) ;
#5833 = DIRECTION ( 'NONE',  ( 0.000000000000000000, 0.000000000000000000, 1.000000000000000000 ) ) ;
#5834 = EDGE_LOOP ( 'NONE', ( #1958, #951, #4787, #4622 ) ) ;
#5835 = EDGE_CURVE ( 'NONE', #1366, #2636, #1396, .T. ) ;
#5836 = EDGE_CURVE ( 'NONE', #5805, #1755, #6367, .T. ) ;
#5837 = DIRECTION ( 'NONE',  ( -1.000000000000000000, 0.000000000000000000, 0.000000000000000000 ) ) ;
#5838 =( GEOMETRIC_REPRESENTATION_CONTEXT ( 3 ) GLOBAL_UNCERTAINTY_ASSIGNED_CONTEXT ( ( #2656 ) ) GLOBAL_UNIT_ASSIGNED_CONTEXT ( ( #2937, #5811, #769 ) ) REPRESENTATION_CONTEXT ( 'NONE', 'WORKASPACE' ) );
#5839 = AXIS2_PLACEMENT_3D ( 'NONE', #2461, #4720, #205 ) ;
#5840 = ORIENTED_EDGE ( 'NONE', *, *, #1144, .F. ) ;
#5841 = FACE_OUTER_BOUND ( 'NONE', #4404, .T. ) ;
#5842 = VERTEX_POINT ( 'NONE', #1300 ) ;
#5843 = EDGE_CURVE ( 'NONE', #361, #1505, #1600, .T. ) ;
#5844 = CIRCLE ( 'NONE', #6925, 0.09999999999999982514 ) ;
#5845 = CARTESIAN_POINT ( 'NONE',  ( -3.300000000000018030, -1.498409241742704401, -5.231773687770130188 ) ) ;
#5846 = CARTESIAN_POINT ( 'NONE',  ( -3.565513906344174089, -0.5325853521364820597, -3.853941561104275326 ) ) ;
#5847 = CARTESIAN_POINT ( 'NONE',  ( 3.700000000000016609, -1.874011505843004910, -5.231775586871186157 ) ) ;
#5848 = ORIENTED_EDGE ( 'NONE', *, *, #629, .F. ) ;
#5849 = AXIS2_PLACEMENT_3D ( 'NONE', #1187, #4983, #2213 ) ;
#5850 = ADVANCED_FACE ( 'NONE', ( #2467 ), #6434, .T. ) ;
#5851 = DIRECTION ( 'NONE',  ( 0.000000000000000000, 0.000000000000000000, -1.000000000000000000 ) ) ;
#5852 = ORIENTED_EDGE ( 'NONE', *, *, #6913, .T. ) ;
#5853 = CARTESIAN_POINT ( 'NONE',  ( -4.200000000000015277, -7.286606874731855754, -5.049999999999997158 ) ) ;
#5854 = CARTESIAN_POINT ( 'NONE',  ( -3.437244651700124276, -5.168916494400138006, -4.049999999999998934 ) ) ;
#5855 = CARTESIAN_POINT ( 'NONE',  ( -3.200000000000000622, 4.336808689942017736E-16, -0.09999999999998968048 ) ) ;
#5856 =( BOUNDED_CURVE ( )  B_SPLINE_CURVE ( 3, ( #2644, #3797, #4907, #367 ),
 .UNSPECIFIED., .F., .T. ) 
 B_SPLINE_CURVE_WITH_KNOTS ( ( 4, 4 ),
 ( 4.712388980384689674, 6.283185307179586232 ),
 .UNSPECIFIED. ) 
 CURVE ( )  GEOMETRIC_REPRESENTATION_ITEM ( )  RATIONAL_B_SPLINE_CURVE ( ( 1.000000000000000000, 0.8047378541243649375, 0.8047378541243649375, 1.000000000000000000 ) ) 
 REPRESENTATION_ITEM ( '' )  );
#5857 = CARTESIAN_POINT ( 'NONE',  ( 3.700000000000015277, 2.600000000000000533, -4.748279434898255325 ) ) ;
#5858 = CARTESIAN_POINT ( 'NONE',  ( -0.8499999999999999778, 1.733333333333333171, -2.750000000000000000 ) ) ;
#5859 = FACE_OUTER_BOUND ( 'NONE', #7113, .T. ) ;
#5860 = FACE_OUTER_BOUND ( 'NONE', #5834, .T. ) ;
#5861 = EDGE_LOOP ( 'NONE', ( #5965, #1039 ) ) ;
#5862 = CARTESIAN_POINT ( 'NONE',  ( 0.000000000000000000, 0.000000000000000000, 0.4000000000000000222 ) ) ;
#5863 = EDGE_CURVE ( 'NONE', #461, #1336, #6687, .T. ) ;
#5864 = CARTESIAN_POINT ( 'NONE',  ( -3.795015528100091906, -4.990031056200156634, -5.049999999999998934 ) ) ;
#5865 = EDGE_LOOP ( 'NONE', ( #2952, #2547, #475, #2471 ) ) ;
#5866 = SPHERICAL_SURFACE ( 'NONE', #4059, 0.1000000000000000056 ) ;
#5867 = ORIENTED_EDGE ( 'NONE', *, *, #5629, .T. ) ;
#5868 = DIRECTION ( 'NONE',  ( 0.000000000000000000, 1.000000000000000000, 0.000000000000000000 ) ) ;
#5869 = ORIENTED_EDGE ( 'NONE', *, *, #3874, .T. ) ;
#5870 = DIRECTION ( 'NONE',  ( -1.000000000000000000, 0.000000000000000000, 0.000000000000000000 ) ) ;
#5871 = EDGE_CURVE ( 'NONE', #2621, #202, #2504, .T. ) ;
#5872 = EDGE_LOOP ( 'NONE', ( #3786, #7271, #5250, #1134 ) ) ;
#5873 = EDGE_CURVE ( 'NONE', #7143, #5668, #3858, .T. ) ;
#5874 = CARTESIAN_POINT ( 'NONE',  ( 0.000000000000000000, 0.000000000000000000, 0.000000000000000000 ) ) ;
#5875 = ORIENTED_EDGE ( 'NONE', *, *, #1925, .T. ) ;
#5876 = PRODUCT_DEFINITION_FORMATION_WITH_SPECIFIED_SOURCE ( 'ANY', '', #2893, .NOT_KNOWN. ) ;
#5877 = CARTESIAN_POINT ( 'NONE',  ( -3.700000000000016609, -0.7118385812726744089, -5.230156396081302894 ) ) ;
#5878 = CARTESIAN_POINT ( 'NONE',  ( 3.700000000000019718, -2.000000000000000888, -3.433768060727972582 ) ) ;
#5879 = ORIENTED_EDGE ( 'NONE', *, *, #5245, .T. ) ;
#5880 = EDGE_CURVE ( 'NONE', #5077, #5358, #7258, .T. ) ;
#5881 = ORIENTED_EDGE ( 'NONE', *, *, #4669, .F. ) ;
#5882 = LINE ( 'NONE', #4745, #6500 ) ;
#5883 = LINE ( 'NONE', #6474, #51 ) ;
#5884 = LINE ( 'NONE', #6517, #1018 ) ;
#5885 = CARTESIAN_POINT ( 'NONE',  ( -3.000000000000000000, 1.600000000000000755, -2.850000000000000089 ) ) ;
#5886 = CARTESIAN_POINT ( 'NONE',  ( 2.600000000000000533, -7.500000000000000000, -1.900000000000000133 ) ) ;
#5887 = LINE ( 'NONE', #5239, #2016 ) ;
#5888 = FACE_OUTER_BOUND ( 'NONE', #6343, .T. ) ;
#5889 = ORIENTED_EDGE ( 'NONE', *, *, #3007, .F. ) ;
#5890 = CARTESIAN_POINT ( 'NONE',  ( -3.000000000000000000, 2.493664996716661776E-15, 0.4000000000000094036 ) ) ;
#5891 = DIRECTION ( 'NONE',  ( 4.517509052022813197E-16, -1.000000000000000000, 3.469446951953602356E-15 ) ) ;
#5892 = ORIENTED_EDGE ( 'NONE', *, *, #6558, .T. ) ;
#5893 = AXIS2_PLACEMENT_3D ( 'NONE', #3473, #6882, #2295 ) ;
#5894 = B_SPLINE_CURVE_WITH_KNOTS ( 'NONE', 2,
 ( #3463, #2025, #677 ),
 .UNSPECIFIED., .F., .F.,
 ( 3, 3 ),
 ( 0.000000000000000000, 1.000000000000000000 ),
 .UNSPECIFIED. ) ;
#5895 = EDGE_CURVE ( 'NONE', #3740, #3313, #4561, .T. ) ;
#5896 = DIRECTION ( 'NONE',  ( 3.491481338843133355E-15, 2.168404344971008868E-16, 1.000000000000000000 ) ) ;
#5897 = ORIENTED_EDGE ( 'NONE', *, *, #247, .T. ) ;
#5898 = CARTESIAN_POINT ( 'NONE',  ( -2.900000000000000355, 1.600000000000000089, -3.200000000000000622 ) ) ;
#5899 = ORIENTED_EDGE ( 'NONE', *, *, #8, .T. ) ;
#5900 = VECTOR ( 'NONE', #7010, 1000.000000000000114 ) ;
#5901 = VECTOR ( 'NONE', #2465, 1000.000000000000000 ) ;
#5902 = CARTESIAN_POINT ( 'NONE',  ( 1.450000000000000178, 1.599999999999999423, -3.200000000000000622 ) ) ;
#5903 = ORIENTED_EDGE ( 'NONE', *, *, #6083, .F. ) ;
#5904 = AXIS2_PLACEMENT_3D ( 'NONE', #4618, #6293, #1131 ) ;
#5905 = VECTOR ( 'NONE', #4383, 1000.000000000000000 ) ;
#5906 = DIRECTION ( 'NONE',  ( -1.000000000000000000, 0.000000000000000000, 0.000000000000000000 ) ) ;
#5907 = CARTESIAN_POINT ( 'NONE',  ( -3.700000000000013500, -7.286606874731852201, -5.049999999999998934 ) ) ;
#5908 = ORIENTED_EDGE ( 'NONE', *, *, #6199, .F. ) ;
#5909 = ADVANCED_FACE ( 'NONE', ( #1057 ), #6709, .T. ) ;
#5910 = ORIENTED_EDGE ( 'NONE', *, *, #6804, .T. ) ;
#5911 = ADVANCED_FACE ( 'NONE', ( #3771 ), #7180, .T. ) ;
#5912 = VECTOR ( 'NONE', #7245, 1000.000000000000000 ) ;
#5913 = AXIS2_PLACEMENT_3D ( 'NONE', #7091, #4832, #5471 ) ;
#5914 = CARTESIAN_POINT ( 'NONE',  ( -3.625465885078905881, -0.5303152829326970297, -4.601379746497314294 ) ) ;
#5915 = CARTESIAN_POINT ( 'NONE',  ( 3.685051546484063412, -1.635703364144516891, -5.021554705230492743 ) ) ;
#5916 = VERTEX_POINT ( 'NONE', #388 ) ;
#5917 = AXIS2_PLACEMENT_3D ( 'NONE', #647, #2350, #539 ) ;
#5918 = ORIENTED_EDGE ( 'NONE', *, *, #6199, .T. ) ;
#5919 = EDGE_CURVE ( 'NONE', #5761, #866, #2702, .T. ) ;
#5920 = ORIENTED_EDGE ( 'NONE', *, *, #4178, .T. ) ;
#5921 = DIRECTION ( 'NONE',  ( -1.000000000000000000, 0.000000000000000000, 0.000000000000000000 ) ) ;
#5922 = LINE ( 'NONE', #6561, #6871 ) ;
#5923 = CARTESIAN_POINT ( 'NONE',  ( 3.300000000000015810, -3.499999999999999112, -4.050000000000000711 ) ) ;
#5924 = AXIS2_PLACEMENT_3D ( 'NONE', #4220, #7076, #4906 ) ;
#5925 = DIRECTION ( 'NONE',  ( 1.000000000000000000, 0.000000000000000000, 0.000000000000000000 ) ) ;
#5926 = DIRECTION ( 'NONE',  ( 0.000000000000000000, 0.000000000000000000, 1.000000000000000000 ) ) ;
#5927 = EDGE_CURVE ( 'NONE', #5641, #4114, #2311, .T. ) ;
#5928 = VERTEX_POINT ( 'NONE', #7137 ) ;
#5929 = DIRECTION ( 'NONE',  ( -0.000000000000000000, -0.000000000000000000, -1.000000000000000000 ) ) ;
#5930 = VECTOR ( 'NONE', #3736, 1000.000000000000000 ) ;
#5931 = DIRECTION ( 'NONE',  ( -0.000000000000000000, -0.000000000000000000, -1.000000000000000000 ) ) ;
#5932 = CARTESIAN_POINT ( 'NONE',  ( -0.8499999999999999778, 2.600000000000000533, -2.650000000000000355 ) ) ;
#5933 = EDGE_LOOP ( 'NONE', ( #754, #5283, #7042, #344 ) ) ;
#5934 = LINE ( 'NONE', #5980, #1108 ) ;
#5935 = DIRECTION ( 'NONE',  ( -1.000000000000000000, -0.000000000000000000, -0.000000000000000000 ) ) ;
#5936 = AXIS2_PLACEMENT_3D ( 'NONE', #1287, #7048, #1356 ) ;
#5937 = ORIENTED_EDGE ( 'NONE', *, *, #1369, .T. ) ;
#5938 = LINE ( 'NONE', #5983, #4996 ) ;
#5939 = EDGE_CURVE ( 'NONE', #4971, #1505, #3710, .T. ) ;
#5940 = FACE_OUTER_BOUND ( 'NONE', #6831, .T. ) ;
#5941 = ORIENTED_EDGE ( 'NONE', *, *, #2856, .F. ) ;
#5942 = DIRECTION ( 'NONE',  ( 1.000000000000000000, 0.000000000000000000, -3.491481338843133355E-15 ) ) ;
#5943 = PLANE ( 'NONE',  #6174 ) ;
#5944 = ORIENTED_EDGE ( 'NONE', *, *, #2576, .F. ) ;
#5945 = VECTOR ( 'NONE', #3919, 1000.000000000000000 ) ;
#5946 = DIRECTION ( 'NONE',  ( 0.000000000000000000, 0.000000000000000000, -1.000000000000000000 ) ) ;
#5947 = ORIENTED_EDGE ( 'NONE', *, *, #365, .T. ) ;
#5948 = EDGE_CURVE ( 'NONE', #3778, #1471, #2188, .T. ) ;
#5949 = CIRCLE ( 'NONE', #676, 0.5000000000000004441 ) ;
#5950 = FACE_OUTER_BOUND ( 'NONE', #3385, .T. ) ;
#5951 = DIRECTION ( 'NONE',  ( 1.000000000000000000, 0.000000000000000000, 0.000000000000000000 ) ) ;
#5952 = ORIENTED_EDGE ( 'NONE', *, *, #6017, .F. ) ;
#5953 = DIRECTION ( 'NONE',  ( -0.4472135954999579277, -0.8944271909999158554, 0.000000000000000000 ) ) ;
#5954 = VERTEX_POINT ( 'NONE', #7214 ) ;
#5955 = EDGE_CURVE ( 'NONE', #5964, #5430, #939, .T. ) ;
#5956 = VERTEX_POINT ( 'NONE', #2146 ) ;
#5957 = VECTOR ( 'NONE', #3762, 1000.000000000000000 ) ;
#5958 = CARTESIAN_POINT ( 'NONE',  ( -3.376759760754480144, -0.6964661213341752921, -3.060156501862070666 ) ) ;
#5959 = ADVANCED_FACE ( 'NONE', ( #2741 ), #5002, .T. ) ;
#5960 = CARTESIAN_POINT ( 'NONE',  ( -0.8499999999999999778, -0.4833333333333334481, -2.799999999999999378 ) ) ;
#5961 = ORIENTED_EDGE ( 'NONE', *, *, #705, .T. ) ;
#5962 = EDGE_CURVE ( 'NONE', #6191, #1876, #815, .T. ) ;
#5963 = CIRCLE ( 'NONE', #5624, 0.6250000000000001110 ) ;
#5964 = VERTEX_POINT ( 'NONE', #4452 ) ;
#5965 = ORIENTED_EDGE ( 'NONE', *, *, #6617, .F. ) ;
#5966 = PLANE ( 'NONE',  #2149 ) ;
#5967 = DIRECTION ( 'NONE',  ( -1.000000000000000000, 0.000000000000000000, 0.000000000000000000 ) ) ;
#5968 = CARTESIAN_POINT ( 'NONE',  ( 3.437244651700126497, -5.168916494400136230, -4.049999999999998934 ) ) ;
#5969 = AXIS2_PLACEMENT_3D ( 'NONE', #4069, #6786, #2398 ) ;
#5970 = EDGE_CURVE ( 'NONE', #1570, #6399, #4410, .T. ) ;
#5971 = EDGE_CURVE ( 'NONE', #1755, #1988, #1020, .T. ) ;
#5972 = SPHERICAL_SURFACE ( 'NONE', #3567, 0.1000000000000000056 ) ;
#5973 = CARTESIAN_POINT ( 'NONE',  ( -2.299999999999999822, -2.299999999999999822, 0.000000000000000000 ) ) ;
#5974 = ORIENTED_EDGE ( 'NONE', *, *, #1085, .T. ) ;
#5975 = CARTESIAN_POINT ( 'NONE',  ( 4.600000000000016520, -4.587538820250189886, -4.049999999999998934 ) ) ;
#5976 = AXIS2_PLACEMENT_3D ( 'NONE', #1379, #2479, #2548 ) ;
#5977 = CARTESIAN_POINT ( 'NONE',  ( 2.600000000000000533, -7.500000000000000000, -3.060232526704262934 ) ) ;
#5978 = LINE ( 'NONE', #1582, #3061 ) ;
#5979 = VERTEX_POINT ( 'NONE', #433 ) ;
#5980 = CARTESIAN_POINT ( 'NONE',  ( -0.8499999999999999778, 2.600000000000000533, -2.799999999999999378 ) ) ;
#5981 = DIRECTION ( 'NONE',  ( -1.000000000000000000, -6.938893903907227392E-16, 0.000000000000000000 ) ) ;
#5982 = ORIENTED_EDGE ( 'NONE', *, *, #3792, .T. ) ;
#5983 = CARTESIAN_POINT ( 'NONE',  ( 3.700000000000017497, -7.200000000000001066, -5.049999999999998934 ) ) ;
#5984 = DIRECTION ( 'NONE',  ( -0.000000000000000000, -0.000000000000000000, -1.000000000000000000 ) ) ;
#5985 = ORIENTED_EDGE ( 'NONE', *, *, #4669, .T. ) ;
#5986 = CARTESIAN_POINT ( 'NONE',  ( 2.300000000000000266, 2.300000000000001599, 0.9000000000000003553 ) ) ;
#5987 = DIRECTION ( 'NONE',  ( 0.000000000000000000, -1.000000000000000000, 0.000000000000000000 ) ) ;
#5988 = ORIENTED_EDGE ( 'NONE', *, *, #2332, .F. ) ;
#5989 = DIRECTION ( 'NONE',  ( 5.585196838722948941E-30, -1.734723475976801572E-15, -1.000000000000000000 ) ) ;
#5990 = DIRECTION ( 'NONE',  ( 0.000000000000000000, -1.000000000000000000, 0.000000000000000000 ) ) ;
#5991 = EDGE_LOOP ( 'NONE', ( #2270, #5997, #6339, #3101 ) ) ;
#5992 = DIRECTION ( 'NONE',  ( 0.000000000000000000, -0.000000000000000000, 1.000000000000000000 ) ) ;
#5993 = CARTESIAN_POINT ( 'NONE',  ( 3.352432279564662831, -6.983904117433511693, -5.049999999999998934 ) ) ;
#5994 = EDGE_LOOP ( 'NONE', ( #986, #2222, #179 ) ) ;
#5995 = CARTESIAN_POINT ( 'NONE',  ( -6.729530725772116725E-15, -2.500000000000007105, -2.850000000000000089 ) ) ;
#5996 = EDGE_LOOP ( 'NONE', ( #4930, #3270, #1831, #4184 ) ) ;
#5997 = ORIENTED_EDGE ( 'NONE', *, *, #7235, .T. ) ;
#5998 =( BOUNDED_CURVE ( )  B_SPLINE_CURVE ( 3, ( #4866, #6483, #2648, #6611 ),
 .UNSPECIFIED., .F., .F. ) 
 B_SPLINE_CURVE_WITH_KNOTS ( ( 4, 4 ),
 ( 3.141592653589793116, 4.712388980384689674 ),
 .UNSPECIFIED. ) 
 CURVE ( )  GEOMETRIC_REPRESENTATION_ITEM ( )  RATIONAL_B_SPLINE_CURVE ( ( 1.000000000000000000, 0.8047378541243649375, 0.8047378541243649375, 1.000000000000000000 ) ) 
 REPRESENTATION_ITEM ( '' )  );
#5999 = EDGE_LOOP ( 'NONE', ( #223, #3188 ) ) ;
#6000 = CARTESIAN_POINT ( 'NONE',  ( -3.678903385430622119, -0.2119667387870331765, -3.433772875211241526 ) ) ;
#6001 = CARTESIAN_POINT ( 'NONE',  ( 3.677906667518521466, -1.753934642099854058, -4.274392501309006498 ) ) ;
#6002 = ORIENTED_EDGE ( 'NONE', *, *, #3431, .F. ) ;
#6003 = ORIENTED_EDGE ( 'NONE', *, *, #2325, .T. ) ;
#6004 = EDGE_LOOP ( 'NONE', ( #3832, #770, #6635 ) ) ;
#6005 = FACE_OUTER_BOUND ( 'NONE', #438, .T. ) ;
#6006 = FACE_OUTER_BOUND ( 'NONE', #7251, .T. ) ;
#6007 = CARTESIAN_POINT ( 'NONE',  ( -2.300000000000000711, -2.300000000000000711, 0.9000000000000002442 ) ) ;
#6008 = DIRECTION ( 'NONE',  ( 4.517509052022934484E-16, -1.000000000000000000, 3.523657060577896116E-15 ) ) ;
#6009 = DIRECTION ( 'NONE',  ( -0.000000000000000000, -0.000000000000000000, -1.000000000000000000 ) ) ;
#6010 = ORIENTED_EDGE ( 'NONE', *, *, #6297, .T. ) ;
#6011 = CARTESIAN_POINT ( 'NONE',  ( 1.450000000000000178, -2.500000000000001332, -3.100000000000000977 ) ) ;
#6012 = DIRECTION ( 'NONE',  ( 0.000000000000000000, -1.000000000000000000, 0.000000000000000000 ) ) ;
#6013 = CARTESIAN_POINT ( 'NONE',  ( 1.350000000000000089, -1.600000000000000311, -3.200000000000000622 ) ) ;
#6014 = ORIENTED_EDGE ( 'NONE', *, *, #5740, .T. ) ;
#6015 = EDGE_CURVE ( 'NONE', #852, #6152, #4285, .T. ) ;
#6016 = CARTESIAN_POINT ( 'NONE',  ( -3.700000000000016609, 2.599999999999999645, -4.748279434898255325 ) ) ;
#6017 = EDGE_CURVE ( 'NONE', #1408, #2147, #1476, .T. ) ;
#6018 = DIRECTION ( 'NONE',  ( -0.000000000000000000, -0.000000000000000000, -1.000000000000000000 ) ) ;
#6019 = EDGE_LOOP ( 'NONE', ( #3203, #1064, #3407, #6697 ) ) ;
#6020 = LINE ( 'NONE', #425, #1331 ) ;
#6021 = DIRECTION ( 'NONE',  ( 1.000000000000000000, 0.000000000000000000, 0.000000000000000000 ) ) ;
#6022 = ORIENTED_EDGE ( 'NONE', *, *, #3213, .F. ) ;
#6023 = CARTESIAN_POINT ( 'NONE',  ( 1.626854399108186078, 1.963427199554094615, 0.9000000000000003553 ) ) ;
#6024 = CARTESIAN_POINT ( 'NONE',  ( 2.300000000000000711, -2.299999999999998934, 0.000000000000000000 ) ) ;
#6025 = ORIENTED_EDGE ( 'NONE', *, *, #4766, .F. ) ;
#6026 =( NAMED_UNIT ( * ) PLANE_ANGLE_UNIT ( ) SI_UNIT ( $, .RADIAN. ) );
#6027 = EDGE_CURVE ( 'NONE', #1975, #4374, #1553, .T. ) ;
#6028 = DIRECTION ( 'NONE',  ( -1.000000000000000000, 0.000000000000000000, 0.000000000000000000 ) ) ;
#6029 = ORIENTED_EDGE ( 'NONE', *, *, #682, .T. ) ;
#6030 = CARTESIAN_POINT ( 'NONE',  ( 0.8499999999999999778, -2.600000000000000533, -2.650000000000000355 ) ) ;
#6031 = PLANE ( 'NONE',  #418 ) ;
#6032 = AXIS2_PLACEMENT_3D ( 'NONE', #2349, #3498, #4186 ) ;
#6033 = EDGE_LOOP ( 'NONE', ( #3898, #3092, #3525, #6303 ) ) ;
#6034 = CIRCLE ( 'NONE', #5096, 0.09999999999999939493 ) ;
#6035 = CARTESIAN_POINT ( 'NONE',  ( -2.299999999999999822, -2.299999999999999822, 0.000000000000000000 ) ) ;
#6036 = VERTEX_POINT ( 'NONE', #6295 ) ;
#6037 = ORIENTED_EDGE ( 'NONE', *, *, #5605, .F. ) ;
#6038 = LINE ( 'NONE', #7189, #6323 ) ;
#6039 = CARTESIAN_POINT ( 'NONE',  ( 3.440514710225643924, -0.8729126011144050512, -3.853478271631824992 ) ) ;
#6040 = CIRCLE ( 'NONE', #640, 0.5000000000000017764 ) ;
#6041 = EDGE_LOOP ( 'NONE', ( #3109, #358, #4246, #671, #1991, #4531, #4820, #2792, #1774, #1747, #3697, #3119 ) ) ;
#6042 = EDGE_CURVE ( 'NONE', #2147, #4883, #782, .T. ) ;
#6043 = ORIENTED_EDGE ( 'NONE', *, *, #120, .F. ) ;
#6044 = EDGE_LOOP ( 'NONE', ( #3031, #6022, #5561, #6122 ) ) ;
#6045 = VECTOR ( 'NONE', #4869, 1000.000000000000114 ) ;
#6046 = CARTESIAN_POINT ( 'NONE',  ( -3.300000000000012257, -7.500000000000000000, -4.549999999999998934 ) ) ;
#6047 = CIRCLE ( 'NONE', #2145, 0.09999999999999982514 ) ;
#6048 = DIRECTION ( 'NONE',  ( 0.000000000000000000, 0.000000000000000000, -1.000000000000000000 ) ) ;
#6049 = CARTESIAN_POINT ( 'NONE',  ( -1.626854399108187632, -2.636572800445907472, 0.9000000000000002442 ) ) ;
#6050 = ADVANCED_FACE ( 'NONE', ( #4486 ), #6860, .F. ) ;
#6051 = CIRCLE ( 'NONE', #3214, 0.09999999999999982514 ) ;
#6052 = VECTOR ( 'NONE', #5657, 1000.000000000000000 ) ;
#6053 = EDGE_CURVE ( 'NONE', #4973, #667, #5760, .T. ) ;
#6054 = FACE_OUTER_BOUND ( 'NONE', #5295, .T. ) ;
#6055 = LINE ( 'NONE', #1458, #1948 ) ;
#6056 = DIRECTION ( 'NONE',  ( -4.336808689942025625E-15, -1.000000000000000000, 0.000000000000000000 ) ) ;
#6057 = DIRECTION ( 'NONE',  ( 0.000000000000000000, 0.000000000000000000, -1.000000000000000000 ) ) ;
#6058 = DIRECTION ( 'NONE',  ( -1.000000000000000000, 0.000000000000000000, 0.000000000000000000 ) ) ;
#6059 = VERTEX_POINT ( 'NONE', #5864 ) ;
#6060 = AXIS2_PLACEMENT_3D ( 'NONE', #1467, #2012, #499 ) ;
#6061 = DIRECTION ( 'NONE',  ( -1.000000000000000000, -2.691812290308837303E-15, -0.000000000000000000 ) ) ;
#6062 = CARTESIAN_POINT ( 'NONE',  ( 2.300000000000000711, -2.300000000000002043, 0.9000000000000002442 ) ) ;
#6063 = EDGE_CURVE ( 'NONE', #3968, #833, #1363, .T. ) ;
#6064 = VERTEX_POINT ( 'NONE', #784 ) ;
#6065 = EDGE_CURVE ( 'NONE', #5598, #2181, #3607, .T. ) ;
#6066 = CIRCLE ( 'NONE', #6895, 0.6250000000000001110 ) ;
#6067 = DIRECTION ( 'NONE',  ( 0.000000000000000000, 0.000000000000000000, 1.000000000000000000 ) ) ;
#6068 = DIRECTION ( 'NONE',  ( -0.000000000000000000, -0.000000000000000000, -1.000000000000000000 ) ) ;
#6069 = ADVANCED_FACE ( 'NONE', ( #6392 ), #5344, .F. ) ;
#6070 = ORIENTED_EDGE ( 'NONE', *, *, #2800, .T. ) ;
#6071 = FACE_OUTER_BOUND ( 'NONE', #5244, .T. ) ;
#6072 = CARTESIAN_POINT ( 'NONE',  ( 0.8499999999999999778, -2.600000000000000533, -2.650000000000000355 ) ) ;
#6073 = FILL_AREA_STYLE ('',( #6580 ) ) ;
#6074 = LINE ( 'NONE', #432, #1789 ) ;
#6075 = AXIS2_PLACEMENT_3D ( 'NONE', #3635, #5896, #3091 ) ;
#6076 = DIRECTION ( 'NONE',  ( -4.517509052022934484E-16, 1.000000000000000000, -3.523657060577896116E-15 ) ) ;
#6077 = ORIENTED_EDGE ( 'NONE', *, *, #5464, .F. ) ;
#6078 = EDGE_CURVE ( 'NONE', #3199, #6678, #5031, .T. ) ;
#6079 = CARTESIAN_POINT ( 'NONE',  ( -1.049999999999999600, 1.674999999999999378, 0.6499999999999999112 ) ) ;
#6080 = CARTESIAN_POINT ( 'NONE',  ( -3.000000000000000000, 0.000000000000000000, -2.850000000000000089 ) ) ;
#6081 = EDGE_CURVE ( 'NONE', #1570, #3048, #717, .T. ) ;
#6082 = VECTOR ( 'NONE', #778, 1000.000000000000000 ) ;
#6083 = EDGE_CURVE ( 'NONE', #3657, #2116, #1031, .T. ) ;
#6084 = ORIENTED_EDGE ( 'NONE', *, *, #6541, .T. ) ;
#6085 = CARTESIAN_POINT ( 'NONE',  ( 2.299999999999999378, -1.674999999999999822, 0.6500000000000001332 ) ) ;
#6086 = ORIENTED_EDGE ( 'NONE', *, *, #5863, .T. ) ;
#6087 = ORIENTED_EDGE ( 'NONE', *, *, #586, .F. ) ;
#6088 = CARTESIAN_POINT ( 'NONE',  ( 3.300000000000019362, -1.999999999999999556, -5.371878022344844794 ) ) ;
#6089 = VECTOR ( 'NONE', #6522, 1000.000000000000000 ) ;
#6090 = CARTESIAN_POINT ( 'NONE',  ( 3.700000000000017053, -1.000007085056161094, -5.228834137532245130 ) ) ;
#6091 = VERTEX_POINT ( 'NONE', #1842 ) ;
#6092 = EDGE_CURVE ( 'NONE', #5832, #2681, #3593, .T. ) ;
#6093 = ORIENTED_EDGE ( 'NONE', *, *, #493, .T. ) ;
#6094 = EDGE_LOOP ( 'NONE', ( #6959, #4767, #6336, #620, #4321, #2036 ) ) ;
#6095 = CIRCLE ( 'NONE', #1145, 1.300000000000000044 ) ;
#6096 = CARTESIAN_POINT ( 'NONE',  ( -1.350000000000000089, -1.599999999999999867, -3.200000000000000622 ) ) ;
#6097 = LINE ( 'NONE', #487, #975 ) ;
#6098 = CARTESIAN_POINT ( 'NONE',  ( -3.200000000000000622, 3.000000000000001332, 0.3999999999999989675 ) ) ;
#6099 = EDGE_CURVE ( 'NONE', #4845, #2466, #750, .T. ) ;
#6100 = CIRCLE ( 'NONE', #6221, 0.6250000000000001110 ) ;
#6101 = DIRECTION ( 'NONE',  ( 1.000000000000000000, 0.000000000000000000, 0.000000000000000000 ) ) ;
#6102 = CARTESIAN_POINT ( 'NONE',  ( 2.999999999999998668, 3.000000000000001332, 0.4000000000000000222 ) ) ;
#6103 = DIRECTION ( 'NONE',  ( -1.000000000000000000, 0.000000000000000000, 0.000000000000000000 ) ) ;
#6104 = LINE ( 'NONE', #300, #3328 ) ;
#6105 = DIRECTION ( 'NONE',  ( 1.000000000000000000, -2.891205793294679017E-15, 0.000000000000000000 ) ) ;
#6106 = EDGE_LOOP ( 'NONE', ( #3741, #4344, #6756, #1843 ) ) ;
#6107 = VECTOR ( 'NONE', #6936, 1000.000000000000000 ) ;
#6108 = CARTESIAN_POINT ( 'NONE',  ( -1.149999999999999911, -2.900000000000000355, -3.100000000000000977 ) ) ;
#6109 = CARTESIAN_POINT ( 'NONE',  ( 2.299999999999998934, 2.300000000000000711, 0.000000000000000000 ) ) ;
#6110 = CIRCLE ( 'NONE', #3869, 0.09999999999999982514 ) ;
#6111 = PLANE ( 'NONE',  #5806 ) ;
#6112 = DIRECTION ( 'NONE',  ( 0.000000000000000000, 1.000000000000000000, 0.000000000000000000 ) ) ;
#6113 = ORIENTED_EDGE ( 'NONE', *, *, #6941, .T. ) ;
#6114 = EDGE_CURVE ( 'NONE', #1471, #2071, #6987, .T. ) ;
#6115 = CARTESIAN_POINT ( 'NONE',  ( 2.876494900217184902, -0.7372879175349913439, -2.850000000000002753 ) ) ;
#6116 = CARTESIAN_POINT ( 'NONE',  ( -2.075000000000000178, -8.000000000000000000, -2.200000000000000178 ) ) ;
#6117 = VERTEX_POINT ( 'NONE', #4952 ) ;
#6118 = CARTESIAN_POINT ( 'NONE',  ( 3.300000000000018030, -3.499999999999999112, -4.748279434898257101 ) ) ;
#6119 = VERTEX_POINT ( 'NONE', #423 ) ;
#6120 = FACE_OUTER_BOUND ( 'NONE', #4725, .T. ) ;
#6121 = DIRECTION ( 'NONE',  ( 0.000000000000000000, 1.000000000000000000, 0.000000000000000000 ) ) ;
#6122 = ORIENTED_EDGE ( 'NONE', *, *, #6594, .T. ) ;
#6123 = DIRECTION ( 'NONE',  ( -1.000000000000000000, 0.000000000000000000, 0.000000000000000000 ) ) ;
#6124 = ORIENTED_EDGE ( 'NONE', *, *, #1201, .T. ) ;
#6125 = VERTEX_POINT ( 'NONE', #1539 ) ;
#6126 = EDGE_CURVE ( 'NONE', #4836, #3764, #5506, .T. ) ;
#6127 = CARTESIAN_POINT ( 'NONE',  ( -3.700000000000018385, -0.08660584626043252299, -4.601304182183914904 ) ) ;
#6128 = EDGE_CURVE ( 'NONE', #906, #5668, #6614, .T. ) ;
#6129 = CARTESIAN_POINT ( 'NONE',  ( 3.506715601313982855, -1.125448330825580712, -4.274193002763409410 ) ) ;
#6130 = VERTEX_POINT ( 'NONE', #2095 ) ;
#6131 = EDGE_LOOP ( 'NONE', ( #1880, #6236, #2469, #1541 ) ) ;
#6132 = ORIENTED_EDGE ( 'NONE', *, *, #1036, .T. ) ;
#6133 = DIRECTION ( 'NONE',  ( -1.000000000000000000, -6.439293542825907934E-15, 5.585196838722983974E-30 ) ) ;
#6134 = CARTESIAN_POINT ( 'NONE',  ( -3.300000000000010036, -1.905816649150112285, -2.849999999999999201 ) ) ;
#6135 = CARTESIAN_POINT ( 'NONE',  ( -3.200000000000000622, 0.000000000000000000, 9.703609443745264684E-15 ) ) ;
#6136 = EDGE_CURVE ( 'NONE', #5017, #6779, #4358, .T. ) ;
#6137 = DIRECTION ( 'NONE',  ( -2.602085213965208275E-15, -1.734723475976805517E-15, -1.000000000000000000 ) ) ;
#6138 = CARTESIAN_POINT ( 'NONE',  ( -2.299999999999999822, -2.925000000000000711, 0.6500000000000001332 ) ) ;
#6139 = CARTESIAN_POINT ( 'NONE',  ( -2.899999999999999911, 2.400000000000000355, -3.100000000000000977 ) ) ;
#6140 = CARTESIAN_POINT ( 'NONE',  ( 0.000000000000000000, 3.000000000000000000, 0.4000000000000000222 ) ) ;
#6141 = CARTESIAN_POINT ( 'NONE',  ( -3.751540677934133594, -5.866400601998985387, -4.050000000000012257 ) ) ;
#6142 = ORIENTED_EDGE ( 'NONE', *, *, #6953, .T. ) ;
#6143 = CARTESIAN_POINT ( 'NONE',  ( 0.8499999999999999778, -0.4333333333333333481, -2.650000000000000355 ) ) ;
#6144 = FACE_OUTER_BOUND ( 'NONE', #1858, .T. ) ;
#6145 = CARTESIAN_POINT ( 'NONE',  ( -3.795015528100091462, -4.990031056200155746, -5.049999999999998934 ) ) ;
#6146 = B_SPLINE_SURFACE_WITH_KNOTS ( 'NONE', 3, 3, ( 
 ( #6214, #1214, #1732, #5130, #4578, #604, #3424, #2934, #90 ),
 ( #6802, #150, #5193, #1826, #5227, #6275, #2413, #3461, #641 ),
 ( #3520, #5712, #1153, #2829, #2313, #1759, #2378, #6346, #6903 ),
 ( #1791, #4083, #122, #3953, #5774, #4674, #5162, #2283, #2345 ),
 ( #731, #3396, #187, #4604, #5647, #4545, #4053, #5091, #57 ),
 ( #3992, #6246, #1375, #911, #2509, #5360, #320, #4805, #1885 ),
 ( #6373, #4738, #4846, #1306, #868, #829, #1857, #3145, #5400 ),
 ( #7003, #3554, #4113, #1921, #6508, #356, #2545, #4705, #7038 ),
 ( #2585, #1986, #5809, #3649, #4144, #3698, #7067, #766, #2473 ),
 ( #4247, #3065, #1404, #4180, #3005, #1955, #5261, #1446, #221 ),
 ( #5325, #5958, #3620, #2444, #1344, #6468, #285, #5877, #6968 ),
 ( #6440, #6408, #3589, #5846, #800, #5914, #3036, #4211, #5291 ),
 ( #248, #4772, #3104, #948, #403, #990, #479, #3309, #5559 ),
 ( #1609, #3870, #6000, #1067, #3233, #2200, #5485, #2752, #1521 ),
 ( #2114, #4934, #5525, #3184, #6164, #6127, #2711, #1565, #444 ),
 ( #5442, #1102, #2677, #2630, #4893, #1032, #7268, #3828, #7149 ) ),
 .UNSPECIFIED., .F., .F., .F.,
 ( 4, 1, 1, 1, 1, 1, 1, 1, 1, 1, 1, 1, 1, 4 ),
 ( 4, 1, 1, 1, 1, 1, 4 ),
 ( 0.000000000000000000, 0.06250000000000000000, 0.1250000000000000000, 0.1666666666666666574, 0.2500000000000000000, 0.3750000000000000000, 0.4444444444444444198, 0.5000000000000000000, 0.5555555555555555802, 0.6250000000000000000, 0.7500000000000000000, 0.8333333333333333703, 0.8750000000000000000, 1.000000000000000000 ),
 ( 0.000000000000000000, 0.2500000000000000000, 0.4444444444444445308, 0.5000000000000000000, 0.7500000000000000000, 0.8333333333333333703, 1.000000000000000000 ),
 .UNSPECIFIED. ) ;
#6147 = DIRECTION ( 'NONE',  ( 4.486353817181404050E-16, -1.000000000000000000, 0.000000000000000000 ) ) ;
#6148 = EDGE_CURVE ( 'NONE', #1787, #2154, #463, .T. ) ;
#6149 = ORIENTED_EDGE ( 'NONE', *, *, #91, .T. ) ;
#6150 = LINE ( 'NONE', #6228, #5434 ) ;
#6151 = CARTESIAN_POINT ( 'NONE',  ( 2.973145600891811124, 1.963427199554092173, 0.9000000000000002442 ) ) ;
#6152 = VERTEX_POINT ( 'NONE', #7206 ) ;
#6153 = EDGE_CURVE ( 'NONE', #5771, #3780, #891, .T. ) ;
#6154 = CYLINDRICAL_SURFACE ( 'NONE', #3794, 0.9000000000000014655 ) ;
#6155 = CARTESIAN_POINT ( 'NONE',  ( 3.300000000000015810, -1.999999999999999556, -4.391147680321848767 ) ) ;
#6156 = EDGE_CURVE ( 'NONE', #4723, #2820, #4826, .T. ) ;
#6157 = ORIENTED_EDGE ( 'NONE', *, *, #1599, .F. ) ;
#6158 = CARTESIAN_POINT ( 'NONE',  ( 0.000000000000000000, -3.000000000000000000, -2.850000000000000089 ) ) ;
#6159 = DIRECTION ( 'NONE',  ( -0.3303504247281062178, 0.9438583563660173370, 0.000000000000000000 ) ) ;
#6160 = ORIENTED_EDGE ( 'NONE', *, *, #4877, .T. ) ;
#6161 = CARTESIAN_POINT ( 'NONE',  ( -4.600000000000014744, -4.587538820250191662, -4.049999999999998934 ) ) ;
#6162 = ORIENTED_EDGE ( 'NONE', *, *, #5632, .F. ) ;
#6163 = EDGE_LOOP ( 'NONE', ( #6905, #1518, #2698, #3576 ) ) ;
#6164 = CARTESIAN_POINT ( 'NONE',  ( -3.700000000000011280, -0.08796338649817916910, -4.274394068176251338 ) ) ;
#6165 = CARTESIAN_POINT ( 'NONE',  ( 3.670977436959812490, -1.470924846011380183, -5.021397004469729808 ) ) ;
#6166 = VERTEX_POINT ( 'NONE', #2693 ) ;
#6167 = CONICAL_SURFACE ( 'NONE', #4612, 1.750000000000000000, 0.02268928027592633651 ) ;
#6168 = ORIENTED_EDGE ( 'NONE', *, *, #6027, .F. ) ;
#6169 = ADVANCED_FACE ( 'NONE', ( #4320 ), #6242, .T. ) ;
#6170 = VERTEX_POINT ( 'NONE', #5417 ) ;
#6171 = LINE ( 'NONE', #4306, #2858 ) ;
#6172 = CARTESIAN_POINT ( 'NONE',  ( -2.828233073500719730, -1.000000000000000444, -2.990104334574714695 ) ) ;
#6173 = CIRCLE ( 'NONE', #3925, 0.5000000000000004441 ) ;
#6174 = AXIS2_PLACEMENT_3D ( 'NONE', #3814, #856, #1510 ) ;
#6175 = FACE_OUTER_BOUND ( 'NONE', #2235, .T. ) ;
#6176 = AXIS2_PLACEMENT_3D ( 'NONE', #5630, #3972, #5 ) ;
#6177 = DIRECTION ( 'NONE',  ( -1.000000000000000000, 0.000000000000000000, 0.000000000000000000 ) ) ;
#6178 = VECTOR ( 'NONE', #5232, 1000.000000000000000 ) ;
#6179 = FACE_OUTER_BOUND ( 'NONE', #1977, .T. ) ;
#6180 = CARTESIAN_POINT ( 'NONE',  ( 1.149999999999999911, -2.900000000000000355, -3.100000000000000977 ) ) ;
#6181 = EDGE_CURVE ( 'NONE', #5430, #566, #1426, .T. ) ;
#6182 = FACE_OUTER_BOUND ( 'NONE', #1513, .T. ) ;
#6183 = ORIENTED_EDGE ( 'NONE', *, *, #324, .T. ) ;
#6184 = DIRECTION ( 'NONE',  ( 1.000000000000000000, 4.517509052022934484E-16, 3.491481338843133355E-15 ) ) ;
#6185 = AXIS2_PLACEMENT_3D ( 'NONE', #3535, #7021, #7053 ) ;
#6186 = CIRCLE ( 'NONE', #6997, 0.09999999999999982514 ) ;
#6187 = DIRECTION ( 'NONE',  ( -1.000000000000000000, 5.987542637623614683E-15, -5.585196838722983974E-30 ) ) ;
#6188 = CARTESIAN_POINT ( 'NONE',  ( 3.581626459467555090, -1.617439089904074034, -2.849999999999998757 ) ) ;
#6189 = FACE_OUTER_BOUND ( 'NONE', #5545, .T. ) ;
#6190 = VECTOR ( 'NONE', #652, 1000.000000000000000 ) ;
#6191 = VERTEX_POINT ( 'NONE', #1585 ) ;
#6192 = LINE ( 'NONE', #6816, #4507 ) ;
#6193 = CARTESIAN_POINT ( 'NONE',  ( 3.751540677934137147, -5.866400601998984499, -4.049999999999998934 ) ) ;
#6194 = FACE_OUTER_BOUND ( 'NONE', #84, .T. ) ;
#6195 = DIRECTION ( 'NONE',  ( 0.000000000000000000, 0.000000000000000000, 1.000000000000000000 ) ) ;
#6196 = CARTESIAN_POINT ( 'NONE',  ( 3.135054598115170066, -1.260604053717699902, -4.391147680321848767 ) ) ;
#6197 = VECTOR ( 'NONE', #6587, 1000.000000000000000 ) ;
#6198 = ORIENTED_EDGE ( 'NONE', *, *, #5835, .T. ) ;
#6199 = EDGE_CURVE ( 'NONE', #3026, #902, #6100, .T. ) ;
#6200 = CARTESIAN_POINT ( 'NONE',  ( -3.000000000000000000, -3.000000000000000000, -2.850000000000000089 ) ) ;
#6201 = FACE_OUTER_BOUND ( 'NONE', #4498, .T. ) ;
#6202 = ORIENTED_EDGE ( 'NONE', *, *, #2031, .F. ) ;
#6203 = CARTESIAN_POINT ( 'NONE',  ( 3.700000000000004174, -3.999999999999998224, -0.5999999999999976463 ) ) ;
#6204 = ORIENTED_EDGE ( 'NONE', *, *, #4839, .T. ) ;
#6205 = ORIENTED_EDGE ( 'NONE', *, *, #1008, .F. ) ;
#6206 = CARTESIAN_POINT ( 'NONE',  ( -3.300000000000012257, -7.500000000000000000, -4.549999999999998934 ) ) ;
#6207 = CARTESIAN_POINT ( 'NONE',  ( 3.469184676373342047, -0.5358284726501650885, -2.849999999999996092 ) ) ;
#6208 = ORIENTED_EDGE ( 'NONE', *, *, #5276, .F. ) ;
#6209 = AXIS2_PLACEMENT_3D ( 'NONE', #1224, #2808, #5069 ) ;
#6210 = ORIENTED_EDGE ( 'NONE', *, *, #493, .F. ) ;
#6211 = CARTESIAN_POINT ( 'NONE',  ( 3.299999999999998490, 3.000000000000001332, -0.09999999999999989453 ) ) ;
#6212 = EDGE_CURVE ( 'NONE', #461, #517, #2608, .T. ) ;
#6213 = AXIS2_PLACEMENT_3D ( 'NONE', #3842, #2002, #6103 ) ;
#6214 = CARTESIAN_POINT ( 'NONE',  ( -3.700000000000009948, -2.000000000000000888, -2.849999999999997424 ) ) ;
#6215 = VECTOR ( 'NONE', #675, 1000.000000000000000 ) ;
#6216 = LINE ( 'NONE', #2830, #4411 ) ;
#6217 = DIRECTION ( 'NONE',  ( -1.000000000000000000, -6.938893903907227392E-16, 0.000000000000000000 ) ) ;
#6218 = FACE_OUTER_BOUND ( 'NONE', #2827, .T. ) ;
#6219 = DIRECTION ( 'NONE',  ( 3.252606517456511724E-15, 0.000000000000000000, -1.000000000000000000 ) ) ;
#6220 = EDGE_CURVE ( 'NONE', #5842, #4845, #6573, .T. ) ;
#6221 = AXIS2_PLACEMENT_3D ( 'NONE', #6109, #4992, #5981 ) ;
#6222 = CARTESIAN_POINT ( 'NONE',  ( 0.8499999999999999778, -0.4833333333333334481, -2.799999999999999378 ) ) ;
#6223 = EDGE_CURVE ( 'NONE', #6412, #6350, #5465, .T. ) ;
#6224 = DIRECTION ( 'NONE',  ( 0.000000000000000000, 1.000000000000000000, 0.000000000000000000 ) ) ;
#6225 = DIRECTION ( 'NONE',  ( 4.486353817181404050E-16, 1.000000000000000000, 0.000000000000000000 ) ) ;
#6226 = CIRCLE ( 'NONE', #3599, 1.750000000000000000 ) ;
#6227 = EDGE_LOOP ( 'NONE', ( #6998, #1301, #5603, #6677 ) ) ;
#6228 = CARTESIAN_POINT ( 'NONE',  ( -0.8499999999999999778, 2.600000000000000533, -2.650000000000000355 ) ) ;
#6229 =( NAMED_UNIT ( * ) SI_UNIT ( $, .STERADIAN. ) SOLID_ANGLE_UNIT ( ) );
#6230 = LINE ( 'NONE', #5144, #4526 ) ;
#6231 = CARTESIAN_POINT ( 'NONE',  ( 3.000000000000000000, 0.000000000000000000, -2.850000000000000089 ) ) ;
#6232 = AXIS2_PLACEMENT_3D ( 'NONE', #25, #3994, #3320 ) ;
#6233 = ORIENTED_EDGE ( 'NONE', *, *, #4445, .F. ) ;
#6234 = LINE ( 'NONE', #2923, #4081 ) ;
#6235 = DIRECTION ( 'NONE',  ( 3.491481338843133750E-15, 0.000000000000000000, 1.000000000000000000 ) ) ;
#6236 = ORIENTED_EDGE ( 'NONE', *, *, #1675, .F. ) ;
#6237 = CARTESIAN_POINT ( 'NONE',  ( -0.8499999999999999778, 2.600000000000000533, -2.799999999999999378 ) ) ;
#6238 = ORIENTED_EDGE ( 'NONE', *, *, #4712, .T. ) ;
#6239 = ORIENTED_EDGE ( 'NONE', *, *, #2622, .F. ) ;
#6240 = CARTESIAN_POINT ( 'NONE',  ( 3.700000000000015721, -7.500000000000001776, -4.549999999999998934 ) ) ;
#6241 = VERTEX_POINT ( 'NONE', #5380 ) ;
#6242 =( BOUNDED_SURFACE ( )  B_SPLINE_SURFACE ( 2, 3, ( 
 ( #4272, #6486, #929, #498 ),
 ( #2729, #4400, #6529, #2653 ),
 ( #3849, #1465, #6062, #6658 ) ),
 .UNSPECIFIED., .F., .F., .T. ) 
 B_SPLINE_SURFACE_WITH_KNOTS ( ( 3, 3 ),
 ( 4, 4 ),
 ( 0.000000000000000000, 1.000000000000000000 ),
 ( 0.000000000000000000, 1.000000000000000000 ),
 .UNSPECIFIED. ) 
 GEOMETRIC_REPRESENTATION_ITEM ( )  RATIONAL_B_SPLINE_SURFACE ( (
 ( 1.000000000000000000, 0.3333333333333334259, 0.3333333333333334259, 1.000000000000000000),
 ( 1.000000000000000000, 0.3333333333333334259, 0.3333333333333334259, 1.000000000000000000),
 ( 1.000000000000000000, 0.3333333333333334259, 0.3333333333333334259, 1.000000000000000000) ) ) 
 REPRESENTATION_ITEM ( '' )  SURFACE ( )  );
#6243 = DIRECTION ( 'NONE',  ( 1.000000000000000000, 0.000000000000000000, -0.000000000000000000 ) ) ;
#6244 = VERTEX_POINT ( 'NONE', #3676 ) ;
#6245 = CARTESIAN_POINT ( 'NONE',  ( -1.350000000000000089, 3.000000000000000000, -2.850000000000000089 ) ) ;
#6246 = CARTESIAN_POINT ( 'NONE',  ( -3.491243797827540796, -1.464323601945830111, -3.060156501862068890 ) ) ;
#6247 = EDGE_CURVE ( 'NONE', #5706, #6678, #340, .T. ) ;
#6248 = DIRECTION ( 'NONE',  ( 0.000000000000000000, -0.000000000000000000, 1.000000000000000000 ) ) ;
#6249 = PLANE ( 'NONE',  #6701 ) ;
#6250 = CARTESIAN_POINT ( 'NONE',  ( -2.900000000000000355, 2.400000000000000355, -3.200000000000000622 ) ) ;
#6251 = LINE ( 'NONE', #1189, #2265 ) ;
#6252 = DIRECTION ( 'NONE',  ( -1.000000000000000000, 0.000000000000000000, 0.000000000000000000 ) ) ;
#6253 =( BOUNDED_SURFACE ( )  B_SPLINE_SURFACE ( 2, 3, ( 
 ( #5547, #1284, #2976, #2737 ),
 ( #2224, #4999, #6151, #5588 ),
 ( #548, #5627, #708, #195 ) ),
 .UNSPECIFIED., .F., .F., .F. ) 
 B_SPLINE_SURFACE_WITH_KNOTS ( ( 3, 3 ),
 ( 4, 4 ),
 ( 0.000000000000000000, 1.000000000000000000 ),
 ( 0.000000000000000000, 1.000000000000000000 ),
 .UNSPECIFIED. ) 
 GEOMETRIC_REPRESENTATION_ITEM ( )  RATIONAL_B_SPLINE_SURFACE ( (
 ( 1.000000000000000000, 0.3333333333333335369, 0.3333333333333335369, 1.000000000000000000),
 ( 1.000000000000000000, 0.3333333333333335369, 0.3333333333333335369, 1.000000000000000000),
 ( 1.000000000000000000, 0.3333333333333335369, 0.3333333333333335369, 1.000000000000000000) ) ) 
 REPRESENTATION_ITEM ( '' )  SURFACE ( )  );
#6254 = DIRECTION ( 'NONE',  ( 1.000000000000000000, 0.000000000000000000, 0.000000000000000000 ) ) ;
#6255 = CARTESIAN_POINT ( 'NONE',  ( 3.300000000000016254, -4.587538820250190774, -4.049999999999998934 ) ) ;
#6256 = EDGE_CURVE ( 'NONE', #2440, #5771, #7085, .T. ) ;
#6257 = DIRECTION ( 'NONE',  ( -3.878959614448864000E-16, -7.757919228897728000E-16, -1.000000000000000000 ) ) ;
#6258 = LINE ( 'NONE', #655, #2724 ) ;
#6259 = EDGE_CURVE ( 'NONE', #4199, #2458, #3433, .T. ) ;
#6260 = CARTESIAN_POINT ( 'NONE',  ( -3.000000000000000000, -2.900000000000000355, -3.100000000000000977 ) ) ;
#6261 = CARTESIAN_POINT ( 'NONE',  ( 3.300000000000010925, -1.905816649150110509, -2.849999999999999201 ) ) ;
#6262 = ORIENTED_EDGE ( 'NONE', *, *, #2445, .T. ) ;
#6263 = DIRECTION ( 'NONE',  ( 1.000000000000000000, 2.093631781351319655E-15, 0.000000000000000000 ) ) ;
#6264 = PLANE ( 'NONE',  #4758 ) ;
#6265 = VERTEX_POINT ( 'NONE', #5138 ) ;
#6266 = CARTESIAN_POINT ( 'NONE',  ( 3.700000000000016165, -3.499999999999998224, -4.049999999999998934 ) ) ;
#6267 = ORIENTED_EDGE ( 'NONE', *, *, #2753, .F. ) ;
#6268 = EDGE_CURVE ( 'NONE', #4230, #3619, #4000, .T. ) ;
#6269 = LINE ( 'NONE', #2338, #3588 ) ;
#6270 = VERTEX_POINT ( 'NONE', #4478 ) ;
#6271 = CARTESIAN_POINT ( 'NONE',  ( -2.925000000000000266, 2.299999999999999822, 0.4000000000000000222 ) ) ;
#6272 = ORIENTED_EDGE ( 'NONE', *, *, #247, .F. ) ;
#6273 = ADVANCED_FACE ( 'NONE', ( #1628 ), #6775, .F. ) ;
#6274 = CARTESIAN_POINT ( 'NONE',  ( -3.300000000000016254, -1.905816649150112285, -4.858162128904228716 ) ) ;
#6275 = CARTESIAN_POINT ( 'NONE',  ( -3.700000000000018385, -1.956697076869784668, -4.601304182183907798 ) ) ;
#6276 = VECTOR ( 'NONE', #715, 1000.000000000000114 ) ;
#6277 = ADVANCED_FACE ( 'NONE', ( #4442, #6735, #5066, #651, #2770, #2322 ), #29, .F. ) ;
#6278 = PLANE ( 'NONE',  #5003 ) ;
#6279 = LINE ( 'NONE', #3464, #4676 ) ;
#6280 = CARTESIAN_POINT ( 'NONE',  ( 2.299999999999999822, 2.636572800445907472, 0.9000000000000001332 ) ) ;
#6281 = AXIS2_PLACEMENT_3D ( 'NONE', #3527, #2977, #5168 ) ;
#6282 = CIRCLE ( 'NONE', #3068, 0.09999999999999982514 ) ;
#6283 = CARTESIAN_POINT ( 'NONE',  ( 2.899999999999999467, -1.499999999999999334, -3.100000000000000977 ) ) ;
#6284 = CARTESIAN_POINT ( 'NONE',  ( 3.746809205874645166, -5.788045602749172680, -4.049999999999998934 ) ) ;
#6285 = CARTESIAN_POINT ( 'NONE',  ( 0.000000000000000000, 3.000000000000000000, 0.4000000000000000222 ) ) ;
#6286 = EDGE_CURVE ( 'NONE', #4887, #1183, #7287, .T. ) ;
#6287 = CIRCLE ( 'NONE', #6499, 0.6250000000000001110 ) ;
#6288 = AXIS2_PLACEMENT_3D ( 'NONE', #3335, #4057, #6351 ) ;
#6289 = LINE ( 'NONE', #4587, #5225 ) ;
#6290 = LINE ( 'NONE', #4588, #5135 ) ;
#6291 = CYLINDRICAL_SURFACE ( 'NONE', #2258, 0.8999999999999998002 ) ;
#6292 = VECTOR ( 'NONE', #3086, 1000.000000000000000 ) ;
#6293 = DIRECTION ( 'NONE',  ( -0.000000000000000000, -0.000000000000000000, -1.000000000000000000 ) ) ;
#6294 = AXIS2_PLACEMENT_3D ( 'NONE', #1605, #2027, #4931 ) ;
#6295 = CARTESIAN_POINT ( 'NONE',  ( -1.050000000000000044, 2.900000000000000355, -3.100000000000000977 ) ) ;
#6296 = ORIENTED_EDGE ( 'NONE', *, *, #5843, .F. ) ;
#6297 = EDGE_CURVE ( 'NONE', #4008, #4702, #3924, .T. ) ;
#6298 = VECTOR ( 'NONE', #1800, 1000.000000000000000 ) ;
#6299 = DIRECTION ( 'NONE',  ( 0.000000000000000000, -1.000000000000000000, 0.000000000000000000 ) ) ;
#6300 = LINE ( 'NONE', #6748, #3362 ) ;
#6301 = ORIENTED_EDGE ( 'NONE', *, *, #629, .T. ) ;
#6302 = CARTESIAN_POINT ( 'NONE',  ( 3.795015528100093682, -4.990031056200153969, -5.049999999999998934 ) ) ;
#6303 = ORIENTED_EDGE ( 'NONE', *, *, #5171, .T. ) ;
#6304 = VECTOR ( 'NONE', #2559, 1000.000000000000000 ) ;
#6305 = PLANE ( 'NONE',  #1353 ) ;
#6306 = EDGE_CURVE ( 'NONE', #4356, #6366, #2191, .T. ) ;
#6307 = ORIENTED_EDGE ( 'NONE', *, *, #3213, .T. ) ;
#6308 = EDGE_CURVE ( 'NONE', #5641, #1650, #1608, .T. ) ;
#6309 = DIRECTION ( 'NONE',  ( -5.981805089575197183E-16, 1.000000000000000000, 0.000000000000000000 ) ) ;
#6310 = VECTOR ( 'NONE', #1429, 1000.000000000000000 ) ;
#6311 = EDGE_LOOP ( 'NONE', ( #3311, #834, #4570, #1819 ) ) ;
#6312 = CARTESIAN_POINT ( 'NONE',  ( -3.300000000000018030, -1.000000000000000444, -5.231773687770131076 ) ) ;
#6313 = CARTESIAN_POINT ( 'NONE',  ( -6.729530725772116725E-15, -2.500000000000007105, -2.850000000000000089 ) ) ;
#6314 = VECTOR ( 'NONE', #1460, 1000.000000000000114 ) ;
#6315 = DIRECTION ( 'NONE',  ( -0.000000000000000000, -0.000000000000000000, -1.000000000000000000 ) ) ;
#6316 = CARTESIAN_POINT ( 'NONE',  ( 2.299999999999999822, 2.299999999999999822, 0.9000000000000001332 ) ) ;
#6317 = LINE ( 'NONE', #2347, #556 ) ;
#6318 = AXIS2_PLACEMENT_3D ( 'NONE', #4581, #2247, #1623 ) ;
#6319 = LINE ( 'NONE', #2940, #5445 ) ;
#6320 = FACE_OUTER_BOUND ( 'NONE', #5399, .T. ) ;
#6321 = CARTESIAN_POINT ( 'NONE',  ( -2.925000000000000266, 2.299999999999999822, 0.4000000000000000222 ) ) ;
#6322 = EDGE_CURVE ( 'NONE', #2196, #311, #100, .T. ) ;
#6323 = VECTOR ( 'NONE', #2075, 1000.000000000000000 ) ;
#6324 = LINE ( 'NONE', #2424, #75 ) ;
#6325 = DIRECTION ( 'NONE',  ( 5.782411586589324901E-15, -1.000000000000000000, -2.891205793294662451E-15 ) ) ;
#6326 = DIRECTION ( 'NONE',  ( 0.000000000000000000, 1.000000000000000000, 0.000000000000000000 ) ) ;
#6327 = DIRECTION ( 'NONE',  ( -1.211350928885219204E-29, 1.000000000000000000, -3.469446951953602356E-15 ) ) ;
#6328 = CARTESIAN_POINT ( 'NONE',  ( 3.300000000000018474, -0.5015907582572950441, -5.371878022344844794 ) ) ;
#6329 = ORIENTED_EDGE ( 'NONE', *, *, #1996, .F. ) ;
#6330 = VECTOR ( 'NONE', #2669, 1000.000000000000000 ) ;
#6331 = EDGE_CURVE ( 'NONE', #5004, #6170, #4310, .T. ) ;
#6332 = LINE ( 'NONE', #3509, #1619 ) ;
#6333 = CARTESIAN_POINT ( 'NONE',  ( 1.350000000000000089, 2.900000000000000355, -2.850000000000000089 ) ) ;
#6334 = ORIENTED_EDGE ( 'NONE', *, *, #2816, .F. ) ;
#6335 = DIRECTION ( 'NONE',  ( -1.000000000000000000, 0.000000000000000000, 0.000000000000000000 ) ) ;
#6336 = ORIENTED_EDGE ( 'NONE', *, *, #4564, .T. ) ;
#6337 = VECTOR ( 'NONE', #1786, 1000.000000000000000 ) ;
#6338 = DIRECTION ( 'NONE',  ( -1.000000000000000000, -6.439293542825908723E-15, 5.585196838722984675E-30 ) ) ;
#6339 = ORIENTED_EDGE ( 'NONE', *, *, #808, .T. ) ;
#6340 = CARTESIAN_POINT ( 'NONE',  ( -0.8499999999999999778, 0.4833333333333333925, -2.799999999999999378 ) ) ;
#6341 = VECTOR ( 'NONE', #734, 1000.000000000000000 ) ;
#6342 = EDGE_CURVE ( 'NONE', #5738, #509, #2291, .T. ) ;
#6343 = EDGE_LOOP ( 'NONE', ( #2216, #141, #1878, #822 ) ) ;
#6344 = CARTESIAN_POINT ( 'NONE',  ( -3.300000000000018474, -0.7407407407407411437, -5.371878022344844794 ) ) ;
#6345 = ADVANCED_FACE ( 'NONE', ( #6144 ), #3963, .T. ) ;
#6346 = CARTESIAN_POINT ( 'NONE',  ( -3.700000000000015721, -1.874011505843006686, -5.231775586871186157 ) ) ;
#6347 = EDGE_LOOP ( 'NONE', ( #5540, #6612, #5009, #7124 ) ) ;
#6348 = CARTESIAN_POINT ( 'NONE',  ( -2.299999999999999822, 2.299999999999999822, 0.6500000000000001332 ) ) ;
#6349 = FILL_AREA_STYLE_COLOUR ( '', #3135 ) ;
#6350 = VERTEX_POINT ( 'NONE', #6222 ) ;
#6351 = DIRECTION ( 'NONE',  ( 0.000000000000000000, -4.336808689942044557E-15, 1.000000000000000000 ) ) ;
#6352 = DIRECTION ( 'NONE',  ( 0.000000000000000000, 0.000000000000000000, -1.000000000000000000 ) ) ;
#6353 = EDGE_CURVE ( 'NONE', #3677, #5741, #1249, .T. ) ;
#6354 = CARTESIAN_POINT ( 'NONE',  ( 2.299999999999999822, -2.299999999999999822, 0.000000000000000000 ) ) ;
#6355 = DIRECTION ( 'NONE',  ( -1.000000000000000000, -4.517509052022934484E-16, 0.000000000000000000 ) ) ;
#6356 = LINE ( 'NONE', #1288, #6382 ) ;
#6357 = CARTESIAN_POINT ( 'NONE',  ( -3.746809205874641613, -5.788045602749174456, -5.049999999999998934 ) ) ;
#6358 = VERTEX_POINT ( 'NONE', #684 ) ;
#6359 = DIRECTION ( 'NONE',  ( -1.000000000000000000, -4.517509052022934484E-16, -3.491481338843132961E-15 ) ) ;
#6360 = DIRECTION ( 'NONE',  ( -1.000000000000000000, 0.000000000000000000, 0.000000000000000000 ) ) ;
#6361 = ORIENTED_EDGE ( 'NONE', *, *, #3673, .T. ) ;
#6362 = DIRECTION ( 'NONE',  ( -2.093631781351320838E-15, 1.000000000000000000, 0.000000000000000000 ) ) ;
#6363 = CARTESIAN_POINT ( 'NONE',  ( -1.450000000000000178, 0.000000000000000000, -2.850000000000000089 ) ) ;
#6364 = EDGE_LOOP ( 'NONE', ( #4968, #1069, #4099 ) ) ;
#6365 = DIRECTION ( 'NONE',  ( 0.000000000000000000, 0.000000000000000000, -1.000000000000000000 ) ) ;
#6366 = VERTEX_POINT ( 'NONE', #5100 ) ;
#6367 = LINE ( 'NONE', #5902, #4771 ) ;
#6368 = EDGE_LOOP ( 'NONE', ( #1127, #728, #1525, #7186, #185, #3052, #4534, #1607, #5435, #3006, #6956, #6162, #6584, #3733, #3263, #582 ) ) ;
#6369 = EDGE_CURVE ( 'NONE', #7272, #5466, #7247, .T. ) ;
#6370 = CARTESIAN_POINT ( 'NONE',  ( 3.700000000000018385, 1.295019261579916247E-15, -4.601304182183914904 ) ) ;
#6371 = EDGE_LOOP ( 'NONE', ( #1936, #1721, #966, #2795 ) ) ;
#6372 = CARTESIAN_POINT ( 'NONE',  ( -3.291664351028913416, -0.2043046260301512040, -4.391147680321848767 ) ) ;
#6373 = CARTESIAN_POINT ( 'NONE',  ( -3.343803370996313973, -1.305601146198357210, -2.849999999999998757 ) ) ;
#6374 = EDGE_LOOP ( 'NONE', ( #7035, #2767, #1342, #3820 ) ) ;
#6375 = EDGE_CURVE ( 'NONE', #1014, #906, #4554, .T. ) ;
#6376 = CARTESIAN_POINT ( 'NONE',  ( 3.700000000000016165, -3.499999999999998224, -4.049999999999998934 ) ) ;
#6377 = CARTESIAN_POINT ( 'NONE',  ( 2.243176908590700546E-16, 1.499999999999999556, -2.850000000000000089 ) ) ;
#6378 = EDGE_LOOP ( 'NONE', ( #665, #5606 ) ) ;
#6379 = PLANE ( 'NONE',  #6646 ) ;
#6380 = LINE ( 'NONE', #2452, #156 ) ;
#6381 = EDGE_CURVE ( 'NONE', #2900, #7120, #1191, .T. ) ;
#6382 = VECTOR ( 'NONE', #4064, 1000.000000000000000 ) ;
#6383 = CARTESIAN_POINT ( 'NONE',  ( -3.550000000000000266, -1.675000000000000933, 0.6499999999999999112 ) ) ;
#6384 = ADVANCED_FACE ( 'NONE', ( #869 ), #3106, .T. ) ;
#6385 = VECTOR ( 'NONE', #2492, 1000.000000000000000 ) ;
#6386 = DIRECTION ( 'NONE',  ( 0.000000000000000000, 0.000000000000000000, 1.000000000000000000 ) ) ;
#6387 = DIRECTION ( 'NONE',  ( 0.000000000000000000, 1.000000000000000000, 0.000000000000000000 ) ) ;
#6388 = CARTESIAN_POINT ( 'NONE',  ( -0.8499999999999997558, 0.4333333333333333481, -2.750000000000000000 ) ) ;
#6389 = ORIENTED_EDGE ( 'NONE', *, *, #5420, .T. ) ;
#6390 = CARTESIAN_POINT ( 'NONE',  ( -3.200000000000000622, 2.195509399283147268E-15, 0.4000000000000095701 ) ) ;
#6391 = AXIS2_PLACEMENT_3D ( 'NONE', #5700, #558, #80 ) ;
#6392 = FACE_OUTER_BOUND ( 'NONE', #4924, .T. ) ;
#6393 = VERTEX_POINT ( 'NONE', #7005 ) ;
#6394 = FACE_OUTER_BOUND ( 'NONE', #1029, .T. ) ;
#6395 = CIRCLE ( 'NONE', #2966, 0.5000000000000017764 ) ;
#6396 = ORIENTED_EDGE ( 'NONE', *, *, #3641, .T. ) ;
#6397 = VECTOR ( 'NONE', #3, 999.9999999999998863 ) ;
#6398 = CARTESIAN_POINT ( 'NONE',  ( 0.000000000000000000, 0.000000000000000000, -3.200000000000000622 ) ) ;
#6399 = VERTEX_POINT ( 'NONE', #4806 ) ;
#6400 = DIRECTION ( 'NONE',  ( -3.491481338843133355E-15, 0.000000000000000000, -1.000000000000000000 ) ) ;
#6401 = EDGE_CURVE ( 'NONE', #1011, #718, #5844, .T. ) ;
#6402 = AXIS2_PLACEMENT_3D ( 'NONE', #4164, #6424, #3506 ) ;
#6403 = VECTOR ( 'NONE', #1509, 1000.000000000000000 ) ;
#6404 = ORIENTED_EDGE ( 'NONE', *, *, #6876, .F. ) ;
#6405 = ORIENTED_EDGE ( 'NONE', *, *, #48, .F. ) ;
#6406 = AXIS2_PLACEMENT_3D ( 'NONE', #1255, #6067, #6532 ) ;
#6407 = CARTESIAN_POINT ( 'NONE',  ( -3.300000000000018030, -0.5015907582572965984, -5.231773687770131076 ) ) ;
#6408 = CARTESIAN_POINT ( 'NONE',  ( -3.490342747705788451, -0.5350735015809806594, -3.060156501862064449 ) ) ;
#6409 = CARTESIAN_POINT ( 'NONE',  ( 3.700000000000019273, -1.999999999999998668, -4.601304182183908686 ) ) ;
#6410 = VERTEX_POINT ( 'NONE', #5294 ) ;
#6411 = AXIS2_PLACEMENT_3D ( 'NONE', #956, #6008, #4818 ) ;
#6412 = VERTEX_POINT ( 'NONE', #5960 ) ;
#6413 = CARTESIAN_POINT ( 'NONE',  ( -3.000000000000000000, 3.000000000000000000, -3.100000000000000977 ) ) ;
#6414 = PLANE ( 'NONE',  #6032 ) ;
#6415 = VECTOR ( 'NONE', #2399, 1000.000000000000000 ) ;
#6416 = CARTESIAN_POINT ( 'NONE',  ( -5.234079453378311957E-15, 2.500000000000006217, -2.850000000000000089 ) ) ;
#6417 = VECTOR ( 'NONE', #1707, 1000.000000000000000 ) ;
#6418 = PLANE ( 'NONE',  #2978 ) ;
#6419 = DIRECTION ( 'NONE',  ( 4.517509052022934484E-16, -1.000000000000000000, 0.000000000000000000 ) ) ;
#6420 = FACE_BOUND ( 'NONE', #1889, .T. ) ;
#6421 = CARTESIAN_POINT ( 'NONE',  ( 3.700000000000004174, -3.999999999999998224, -0.5999999999999976463 ) ) ;
#6422 = VERTEX_POINT ( 'NONE', #4212 ) ;
#6423 = ADVANCED_FACE ( 'NONE', ( #949 ), #1987, .T. ) ;
#6424 = DIRECTION ( 'NONE',  ( 0.000000000000000000, -1.000000000000000000, 0.000000000000000000 ) ) ;
#6425 = ADVANCED_FACE ( 'NONE', ( #801 ), #3373, .F. ) ;
#6426 = AXIS2_PLACEMENT_3D ( 'NONE', #4187, #1995, #364 ) ;
#6427 = CARTESIAN_POINT ( 'NONE',  ( 3.295092976454764955, -1.795288233907725850, -4.858162128904227828 ) ) ;
#6428 = VERTEX_POINT ( 'NONE', #6271 ) ;
#6429 = DIRECTION ( 'NONE',  ( 0.000000000000000000, 0.000000000000000000, -1.000000000000000000 ) ) ;
#6430 = AXIS2_PLACEMENT_3D ( 'NONE', #2577, #5429, #5516 ) ;
#6431 = EDGE_LOOP ( 'NONE', ( #4955, #3455, #4177, #2609 ) ) ;
#6432 = FACE_OUTER_BOUND ( 'NONE', #2462, .T. ) ;
#6433 = ORIENTED_EDGE ( 'NONE', *, *, #1135, .F. ) ;
#6434 = SPHERICAL_SURFACE ( 'NONE', #4900, 0.1000000000000000056 ) ;
#6435 = AXIS2_PLACEMENT_3D ( 'NONE', #305, #1328, #7054 ) ;
#6436 = ORIENTED_EDGE ( 'NONE', *, *, #6065, .T. ) ;
#6437 = CARTESIAN_POINT ( 'NONE',  ( 0.000000000000000000, 0.000000000000000000, -2.650000000000000355 ) ) ;
#6438 = ORIENTED_EDGE ( 'NONE', *, *, #1552, .T. ) ;
#6439 = CIRCLE ( 'NONE', #2203, 0.6250000000000001110 ) ;
#6440 = CARTESIAN_POINT ( 'NONE',  ( -3.469184676373341603, -0.5358284726501666428, -2.849999999999996092 ) ) ;
#6441 = CARTESIAN_POINT ( 'NONE',  ( 3.581626459467555090, -1.617439089904074034, -2.849999999999998757 ) ) ;
#6442 = ORIENTED_EDGE ( 'NONE', *, *, #5478, .T. ) ;
#6443 = ORIENTED_EDGE ( 'NONE', *, *, #4006, .F. ) ;
#6444 = DIRECTION ( 'NONE',  ( -0.3303504247281062178, 0.9438583563660173370, 0.000000000000000000 ) ) ;
#6445 = CARTESIAN_POINT ( 'NONE',  ( 0.000000000000000000, 0.000000000000000000, -2.650000000000000355 ) ) ;
#6446 = CARTESIAN_POINT ( 'NONE',  ( 3.300000000000015810, -4.000000000000000000, -5.049999999999998934 ) ) ;
#6447 = CARTESIAN_POINT ( 'NONE',  ( 2.900000000000000355, -1.599999999999999201, -2.850000000000000089 ) ) ;
#6448 = CARTESIAN_POINT ( 'NONE',  ( -3.344139186151719567, -0.6948026880367446090, -2.850000000000001865 ) ) ;
#6449 = DIRECTION ( 'NONE',  ( -0.000000000000000000, -1.000000000000000000, -0.000000000000000000 ) ) ;
#6450 = LINE ( 'NONE', #6982, #5785 ) ;
#6451 = ORIENTED_EDGE ( 'NONE', *, *, #1686, .F. ) ;
#6452 = CARTESIAN_POINT ( 'NONE',  ( -1.350000000000000089, 2.900000000000000355, -3.100000000000000977 ) ) ;
#6453 = CARTESIAN_POINT ( 'NONE',  ( 3.300000000000018474, -0.9999999999999988898, -5.231773687770131076 ) ) ;
#6454 = ORIENTED_EDGE ( 'NONE', *, *, #3452, .F. ) ;
#6455 = EDGE_CURVE ( 'NONE', #1072, #1638, #2276, .T. ) ;
#6456 = PLANE ( 'NONE',  #3831 ) ;
#6457 = EDGE_CURVE ( 'NONE', #795, #973, #6439, .T. ) ;
#6458 = ORIENTED_EDGE ( 'NONE', *, *, #5317, .T. ) ;
#6459 = CYLINDRICAL_SURFACE ( 'NONE', #977, 1.300000000000000044 ) ;
#6460 = ORIENTED_EDGE ( 'NONE', *, *, #1225, .F. ) ;
#6461 = DIRECTION ( 'NONE',  ( 1.000000000000000000, 6.938893903907227392E-16, 0.000000000000000000 ) ) ;
#6462 = ORIENTED_EDGE ( 'NONE', *, *, #390, .F. ) ;
#6463 = ADVANCED_FACE ( 'NONE', ( #1727 ), #1274, .T. ) ;
#6464 = LINE ( 'NONE', #1400, #4780 ) ;
#6465 = ADVANCED_FACE ( 'NONE', ( #4670 ), #2341, .T. ) ;
#6466 = ORIENTED_EDGE ( 'NONE', *, *, #5306, .T. ) ;
#6467 = ORIENTED_EDGE ( 'NONE', *, *, #6136, .F. ) ;
#6468 = CARTESIAN_POINT ( 'NONE',  ( -3.585086612194839262, -0.7072392552293246260, -4.601506343645016095 ) ) ;
#6469 = CARTESIAN_POINT ( 'NONE',  ( 3.700000000000010836, -1.999999999999999112, -2.849999999999997424 ) ) ;
#6470 = EDGE_LOOP ( 'NONE', ( #405, #2600, #5852, #4213 ) ) ;
#6471 = ORIENTED_EDGE ( 'NONE', *, *, #1588, .T. ) ;
#6472 = VERTEX_POINT ( 'NONE', #1302 ) ;
#6473 = DIRECTION ( 'NONE',  ( 0.000000000000000000, 0.000000000000000000, 1.000000000000000000 ) ) ;
#6474 = CARTESIAN_POINT ( 'NONE',  ( 1.050000000000000044, 0.000000000000000000, -2.850000000000000089 ) ) ;
#6475 = CARTESIAN_POINT ( 'NONE',  ( 3.795015528100093682, -4.990031056200153969, -5.049999999999998934 ) ) ;
#6476 = EDGE_CURVE ( 'NONE', #6366, #354, #319, .T. ) ;
#6477 = DIRECTION ( 'NONE',  ( 0.000000000000000000, -0.000000000000000000, 1.000000000000000000 ) ) ;
#6478 = DIRECTION ( 'NONE',  ( -0.000000000000000000, -0.000000000000000000, -1.000000000000000000 ) ) ;
#6479 = ORIENTED_EDGE ( 'NONE', *, *, #390, .T. ) ;
#6480 = DIRECTION ( 'NONE',  ( -1.000000000000000000, -6.439293542825908723E-15, 5.585196838722984675E-30 ) ) ;
#6481 = CLOSED_SHELL ( 'NONE', ( #6568, #3227, #885, #7147, #1023, #3956, #3910, #611 ) ) ;
#6482 = CARTESIAN_POINT ( 'NONE',  ( 2.900000000000000799, 2.400000000000000355, -3.100000000000000977 ) ) ;
#6483 = CARTESIAN_POINT ( 'NONE',  ( 1.450000000000000178, 2.500000000000001776, -3.158578643762690152 ) ) ;
#6484 = ORIENTED_EDGE ( 'NONE', *, *, #4205, .T. ) ;
#6485 = DIRECTION ( 'NONE',  ( 0.000000000000000000, 0.000000000000000000, -1.000000000000000000 ) ) ;
#6486 = CARTESIAN_POINT ( 'NONE',  ( 3.550000000000000266, -1.674999999999999822, 0.6499999999999999112 ) ) ;
#6487 = ORIENTED_EDGE ( 'NONE', *, *, #3915, .F. ) ;
#6488 = CARTESIAN_POINT ( 'NONE',  ( 3.000000000000000000, 0.000000000000000000, -2.850000000000000089 ) ) ;
#6489 = CARTESIAN_POINT ( 'NONE',  ( 2.243176908590702025E-15, 2.500000000000002665, -2.850000000000000089 ) ) ;
#6490 = ORIENTED_EDGE ( 'NONE', *, *, #1423, .T. ) ;
#6491 = EDGE_CURVE ( 'NONE', #4759, #1270, #2930, .T. ) ;
#6492 = PLANE ( 'NONE',  #5221 ) ;
#6493 = DIRECTION ( 'NONE',  ( -1.000000000000000000, 0.000000000000000000, 0.000000000000000000 ) ) ;
#6494 = ORIENTED_EDGE ( 'NONE', *, *, #5330, .F. ) ;
#6495 = VECTOR ( 'NONE', #1500, 1000.000000000000000 ) ;
#6496 = VECTOR ( 'NONE', #1848, 1000.000000000000000 ) ;
#6497 = CARTESIAN_POINT ( 'NONE',  ( -3.300000000000016254, -4.000000000000000000, -4.748279434898257101 ) ) ;
#6498 = ORIENTED_EDGE ( 'NONE', *, *, #2819, .F. ) ;
#6499 = AXIS2_PLACEMENT_3D ( 'NONE', #4330, #2144, #4409 ) ;
#6500 = VECTOR ( 'NONE', #1409, 1000.000000000000000 ) ;
#6501 = FACE_OUTER_BOUND ( 'NONE', #5448, .T. ) ;
#6502 = CARTESIAN_POINT ( 'NONE',  ( -3.700000000000010836, -4.000000000000000000, -3.049999999999999378 ) ) ;
#6503 = ORIENTED_EDGE ( 'NONE', *, *, #5939, .F. ) ;
#6504 = CARTESIAN_POINT ( 'NONE',  ( 1.049999999999999378, -1.675000000000000933, 0.6499999999999999112 ) ) ;
#6505 = VERTEX_POINT ( 'NONE', #4079 ) ;
#6506 = EDGE_CURVE ( 'NONE', #5119, #873, #1181, .T. ) ;
#6507 = AXIS2_PLACEMENT_3D ( 'NONE', #2875, #1703, #1190 ) ;
#6508 = CARTESIAN_POINT ( 'NONE',  ( -3.506715601313982855, -1.125448330825582266, -4.274193002763409410 ) ) ;
#6509 = EDGE_CURVE ( 'NONE', #7057, #2152, #4016, .T. ) ;
#6510 = DIRECTION ( 'NONE',  ( -0.000000000000000000, -0.000000000000000000, -1.000000000000000000 ) ) ;
#6511 = EDGE_LOOP ( 'NONE', ( #5897, #4987, #5899, #5342 ) ) ;
#6512 = AXIS2_PLACEMENT_3D ( 'NONE', #579, #3927, #5583 ) ;
#6513 = ORIENTED_EDGE ( 'NONE', *, *, #1917, .T. ) ;
#6514 = ORIENTED_EDGE ( 'NONE', *, *, #5088, .F. ) ;
#6515 = DIRECTION ( 'NONE',  ( 1.000000000000000000, 0.000000000000000000, 0.000000000000000000 ) ) ;
#6516 = LINE ( 'NONE', #2639, #1997 ) ;
#6517 = CARTESIAN_POINT ( 'NONE',  ( 3.300000000000016254, 2.709888451158950939, -5.132889013954586410 ) ) ;
#6518 = AXIS2_PLACEMENT_3D ( 'NONE', #4982, #2542, #905 ) ;
#6519 = DIRECTION ( 'NONE',  ( -1.000000000000000000, -6.439293542825907934E-15, 5.585196838722983974E-30 ) ) ;
#6520 = LINE ( 'NONE', #3713, #3988 ) ;
#6521 = VERTEX_POINT ( 'NONE', #5707 ) ;
#6522 = DIRECTION ( 'NONE',  ( 1.000000000000000000, 2.691812290308837303E-15, 0.000000000000000000 ) ) ;
#6523 = AXIS2_PLACEMENT_3D ( 'NONE', #1911, #853, #6429 ) ;
#6524 = PLANE ( 'NONE',  #2613 ) ;
#6525 = DIRECTION ( 'NONE',  ( -0.000000000000000000, -0.000000000000000000, -1.000000000000000000 ) ) ;
#6526 = ORIENTED_EDGE ( 'NONE', *, *, #6092, .T. ) ;
#6527 = ADVANCED_FACE ( 'NONE', ( #636 ), #2860, .F. ) ;
#6528 = DIRECTION ( 'NONE',  ( -0.000000000000000000, -0.000000000000000000, -1.000000000000000000 ) ) ;
#6529 = CARTESIAN_POINT ( 'NONE',  ( 2.973145600891814233, -2.636572800445908804, 0.9000000000000002442 ) ) ;
#6530 = VECTOR ( 'NONE', #4392, 1000.000000000000000 ) ;
#6531 = ORIENTED_EDGE ( 'NONE', *, *, #6099, .T. ) ;
#6532 = DIRECTION ( 'NONE',  ( 1.000000000000000000, 0.000000000000000000, 0.000000000000000000 ) ) ;
#6533 = DIRECTION ( 'NONE',  ( -0.000000000000000000, -1.000000000000000000, -0.000000000000000000 ) ) ;
#6534 = EDGE_LOOP ( 'NONE', ( #6566, #6746, #4150, #5331 ) ) ;
#6535 = CARTESIAN_POINT ( 'NONE',  ( 2.300000000000000266, 2.925000000000000266, 0.6500000000000001332 ) ) ;
#6536 = DIRECTION ( 'NONE',  ( 1.000000000000000000, 0.000000000000000000, -3.491481338843133750E-15 ) ) ;
#6537 = SPHERICAL_SURFACE ( 'NONE', #4375, 0.1000000000000000056 ) ;
#6538 = CIRCLE ( 'NONE', #6426, 0.09999999999999982514 ) ;
#6539 = PLANE ( 'NONE',  #5101 ) ;
#6540 = CARTESIAN_POINT ( 'NONE',  ( -3.700000000000002398, -3.500000000000000000, -0.5999999999999977573 ) ) ;
#6541 = EDGE_CURVE ( 'NONE', #7130, #4382, #2899, .T. ) ;
#6542 = ORIENTED_EDGE ( 'NONE', *, *, #4240, .T. ) ;
#6543 = CIRCLE ( 'NONE', #7139, 0.09999999999999982514 ) ;
#6544 = DIRECTION ( 'NONE',  ( 1.936725383773011920E-15, 0.8320502943378437211, 0.5547001962252291474 ) ) ;
#6545 = DIRECTION ( 'NONE',  ( 0.000000000000000000, 3.523657060577895721E-15, 1.000000000000000000 ) ) ;
#6546 = ORIENTED_EDGE ( 'NONE', *, *, #4252, .T. ) ;
#6547 = DIRECTION ( 'NONE',  ( 1.000000000000000000, 0.000000000000000000, -3.491481338843133355E-15 ) ) ;
#6548 = ORIENTED_EDGE ( 'NONE', *, *, #3792, .F. ) ;
#6549 = EDGE_LOOP ( 'NONE', ( #3485, #4721, #5364, #1926 ) ) ;
#6550 = ORIENTED_EDGE ( 'NONE', *, *, #2531, .T. ) ;
#6551 = VECTOR ( 'NONE', #2618, 1000.000000000000000 ) ;
#6552 = DIRECTION ( 'NONE',  ( 0.000000000000000000, 0.000000000000000000, -1.000000000000000000 ) ) ;
#6553 = CARTESIAN_POINT ( 'NONE',  ( 2.900000000000000799, 2.400000000000000355, -2.850000000000000089 ) ) ;
#6554 = ORIENTED_EDGE ( 'NONE', *, *, #4376, .F. ) ;
#6555 = ADVANCED_FACE ( 'NONE', ( #4700 ), #3060, .T. ) ;
#6556 = AXIS2_PLACEMENT_3D ( 'NONE', #4100, #2300, #1716 ) ;
#6557 = ORIENTED_EDGE ( 'NONE', *, *, #1898, .T. ) ;
#6558 = EDGE_CURVE ( 'NONE', #852, #6924, #243, .T. ) ;
#6559 = EDGE_LOOP ( 'NONE', ( #3235, #4268, #1459, #2278 ) ) ;
#6560 = DIRECTION ( 'NONE',  ( 0.000000000000000000, 1.000000000000000000, 0.000000000000000000 ) ) ;
#6561 = CARTESIAN_POINT ( 'NONE',  ( 3.000000000000000000, -2.399999999999998579, -2.850000000000000089 ) ) ;
#6562 = LINE ( 'NONE', #5300, #5610 ) ;
#6563 = VECTOR ( 'NONE', #6607, 1000.000000000000000 ) ;
#6564 = CARTESIAN_POINT ( 'NONE',  ( 0.8499999999999999778, -0.4833333333333333925, -2.750000000000000000 ) ) ;
#6565 = CYLINDRICAL_SURFACE ( 'NONE', #3602, 0.4999999999999991673 ) ;
#6566 = ORIENTED_EDGE ( 'NONE', *, *, #2034, .T. ) ;
#6567 = DIRECTION ( 'NONE',  ( -0.000000000000000000, -0.000000000000000000, -1.000000000000000000 ) ) ;
#6568 = ADVANCED_FACE ( 'NONE', ( #5841 ), #2579, .T. ) ;
#6569 = CARTESIAN_POINT ( 'NONE',  ( -3.300000000000010481, -2.000000000000000888, -2.849999999999998757 ) ) ;
#6570 = DIRECTION ( 'NONE',  ( -3.491481338843133355E-15, 0.000000000000000000, -1.000000000000000000 ) ) ;
#6571 = ORIENTED_EDGE ( 'NONE', *, *, #6850, .T. ) ;
#6572 = CARTESIAN_POINT ( 'NONE',  ( 2.924999999999999378, 2.300000000000001155, 0.000000000000000000 ) ) ;
#6573 = LINE ( 'NONE', #1504, #5957 ) ;
#6574 = ORIENTED_EDGE ( 'NONE', *, *, #1940, .F. ) ;
#6575 = CARTESIAN_POINT ( 'NONE',  ( 2.900000000000000355, -3.000000000000000000, -3.100000000000000977 ) ) ;
#6576 = CYLINDRICAL_SURFACE ( 'NONE', #5345, 0.9000000000000014655 ) ;
#6577 = ORIENTED_EDGE ( 'NONE', *, *, #6913, .F. ) ;
#6578 = LINE ( 'NONE', #3768, #3216 ) ;
#6579 = CARTESIAN_POINT ( 'NONE',  ( 1.350000000000000089, -2.900000000000000355, -2.850000000000000089 ) ) ;
#6580 = FILL_AREA_STYLE_COLOUR ( '', #4503 ) ;
#6581 = FILL_AREA_STYLE ('',( #246 ) ) ;
#6582 = CARTESIAN_POINT ( 'NONE',  ( -1.350000000000000089, -2.900000000000000355, -3.100000000000000977 ) ) ;
#6583 = ADVANCED_FACE ( 'NONE', ( #2506 ), #3098, .T. ) ;
#6584 = ORIENTED_EDGE ( 'NONE', *, *, #6078, .T. ) ;
#6585 = EDGE_CURVE ( 'NONE', #3313, #4105, #315, .T. ) ;
#6586 = PLANE ( 'NONE',  #1613 ) ;
#6587 = DIRECTION ( 'NONE',  ( 1.000000000000000000, 2.093631781351319655E-15, 0.000000000000000000 ) ) ;
#6588 = ORIENTED_EDGE ( 'NONE', *, *, #6053, .F. ) ;
#6589 = CARTESIAN_POINT ( 'NONE',  ( 2.299999999999999822, 2.299999999999999822, 0.000000000000000000 ) ) ;
#6590 = ORIENTED_EDGE ( 'NONE', *, *, #454, .F. ) ;
#6591 = ORIENTED_EDGE ( 'NONE', *, *, #1971, .F. ) ;
#6592 = ORIENTED_EDGE ( 'NONE', *, *, #520, .T. ) ;
#6593 = LINE ( 'NONE', #519, #1724 ) ;
#6594 = EDGE_CURVE ( 'NONE', #2747, #1407, #2541, .T. ) ;
#6595 = CARTESIAN_POINT ( 'NONE',  ( 3.547570690241576674, -1.000035702924768177, -4.601671625963649426 ) ) ;
#6596 = ORIENTED_EDGE ( 'NONE', *, *, #3689, .F. ) ;
#6597 = APPLICATION_PROTOCOL_DEFINITION ( 'draft international standard', 'automotive_design', 1998, #5581 ) ;
#6598 = ORIENTED_EDGE ( 'NONE', *, *, #5088, .T. ) ;
#6599 = VERTEX_POINT ( 'NONE', #4769 ) ;
#6600 = FACE_OUTER_BOUND ( 'NONE', #3986, .T. ) ;
#6601 = EDGE_CURVE ( 'NONE', #4950, #4827, #4837, .T. ) ;
#6602 = DIRECTION ( 'NONE',  ( 1.000000000000000000, 0.000000000000000000, 0.000000000000000000 ) ) ;
#6603 = DIRECTION ( 'NONE',  ( 3.491481338843133355E-15, 0.000000000000000000, 1.000000000000000000 ) ) ;
#6604 = ADVANCED_FACE ( 'NONE', ( #3033 ), #1373, .T. ) ;
#6605 = ADVANCED_FACE ( 'NONE', ( #6501 ), #1439, .T. ) ;
#6606 = DIRECTION ( 'NONE',  ( -1.000000000000000000, 0.000000000000000000, 0.000000000000000000 ) ) ;
#6607 = DIRECTION ( 'NONE',  ( 3.878959614448872382E-16, -7.757919228897723069E-16, -1.000000000000000000 ) ) ;
#6608 = ORIENTED_EDGE ( 'NONE', *, *, #6401, .T. ) ;
#6609 = CARTESIAN_POINT ( 'NONE',  ( 2.299999999999999822, -2.299999999999999822, 0.9000000000000001332 ) ) ;
#6610 = CARTESIAN_POINT ( 'NONE',  ( -3.121833710861379174, -1.504153465084881347, -2.850000000000002309 ) ) ;
#6611 = CARTESIAN_POINT ( 'NONE',  ( 1.350000000000000089, 2.400000000000001688, -3.200000000000000622 ) ) ;
#6612 = ORIENTED_EDGE ( 'NONE', *, *, #3302, .T. ) ;
#6613 = FACE_OUTER_BOUND ( 'NONE', #4418, .T. ) ;
#6614 = LINE ( 'NONE', #2133, #4905 ) ;
#6615 = ADVANCED_FACE ( 'NONE', ( #5950 ), #3177, .T. ) ;
#6616 = ADVANCED_FACE ( 'NONE', ( #5287 ), #4176, .T. ) ;
#6617 = EDGE_CURVE ( 'NONE', #6618, #2612, #6226, .T. ) ;
#6618 = VERTEX_POINT ( 'NONE', #2441 ) ;
#6619 = DIRECTION ( 'NONE',  ( 0.000000000000000000, 0.000000000000000000, -1.000000000000000000 ) ) ;
#6620 = DIRECTION ( 'NONE',  ( 1.000000000000000000, 6.746146851020905872E-15, -2.891205793294673889E-15 ) ) ;
#6621 = ORIENTED_EDGE ( 'NONE', *, *, #4993, .T. ) ;
#6622 = DIRECTION ( 'NONE',  ( -1.000000000000000000, 0.000000000000000000, 0.000000000000000000 ) ) ;
#6623 = CARTESIAN_POINT ( 'NONE',  ( -1.674999999999999822, 2.299999999999999822, 0.000000000000000000 ) ) ;
#6624 = VERTEX_POINT ( 'NONE', #3643 ) ;
#6625 = CARTESIAN_POINT ( 'NONE',  ( -3.352432279564657946, -6.983904117433510805, -4.049999999999998934 ) ) ;
#6626 = DIRECTION ( 'NONE',  ( -5.782411586589343045E-15, 1.000000000000000000, 0.000000000000000000 ) ) ;
#6627 = EDGE_CURVE ( 'NONE', #7187, #3134, #23, .T. ) ;
#6628 = ORIENTED_EDGE ( 'NONE', *, *, #2373, .F. ) ;
#6629 = DIRECTION ( 'NONE',  ( 1.000000000000000000, 0.000000000000000000, 0.000000000000000000 ) ) ;
#6630 = DIRECTION ( 'NONE',  ( 0.000000000000000000, -1.000000000000000000, 0.000000000000000000 ) ) ;
#6631 = ORIENTED_EDGE ( 'NONE', *, *, #5836, .F. ) ;
#6632 = AXIS2_PLACEMENT_3D ( 'NONE', #2948, #5788, #264 ) ;
#6633 = CARTESIAN_POINT ( 'NONE',  ( 4.128237442572070925, -6.000935160798247736, -5.049999999999998934 ) ) ;
#6634 = VERTEX_POINT ( 'NONE', #5321 ) ;
#6635 = ORIENTED_EDGE ( 'NONE', *, *, #580, .F. ) ;
#6636 = EDGE_CURVE ( 'NONE', #2173, #6119, #3124, .T. ) ;
#6637 = LINE ( 'NONE', #3781, #5728 ) ;
#6638 = VECTOR ( 'NONE', #2828, 1000.000000000000000 ) ;
#6639 = CARTESIAN_POINT ( 'NONE',  ( 3.643760476893856293, -0.8779546981471488820, -5.020662763942602247 ) ) ;
#6640 = VECTOR ( 'NONE', #6536, 1000.000000000000000 ) ;
#6641 = ORIENTED_EDGE ( 'NONE', *, *, #6063, .F. ) ;
#6642 = ORIENTED_EDGE ( 'NONE', *, *, #1549, .T. ) ;
#6643 = ORIENTED_EDGE ( 'NONE', *, *, #5179, .F. ) ;
#6644 = VECTOR ( 'NONE', #7169, 1000.000000000000000 ) ;
#6645 = DIRECTION ( 'NONE',  ( -4.517509052022934484E-16, 1.000000000000000000, 0.000000000000000000 ) ) ;
#6646 = AXIS2_PLACEMENT_3D ( 'NONE', #327, #3562, #6444 ) ;
#6647 = SPHERICAL_SURFACE ( 'NONE', #5571, 0.1000000000000000056 ) ;
#6648 = CARTESIAN_POINT ( 'NONE',  ( -2.300000000000000266, -2.299999999999999378, 0.9000000000000001332 ) ) ;
#6649 = EDGE_CURVE ( 'NONE', #3747, #7033, #6464, .T. ) ;
#6650 = DIRECTION ( 'NONE',  ( -0.000000000000000000, -0.000000000000000000, -1.000000000000000000 ) ) ;
#6651 = CARTESIAN_POINT ( 'NONE',  ( 1.450000000000000178, 2.900000000000000355, -2.850000000000000089 ) ) ;
#6652 = CYLINDRICAL_SURFACE ( 'NONE', #6213, 0.09999999999999982514 ) ;
#6653 = CYLINDRICAL_SURFACE ( 'NONE', #4847, 0.09999999999999982514 ) ;
#6654 = CARTESIAN_POINT ( 'NONE',  ( 2.900000000000000355, -1.599999999999999201, -2.850000000000000089 ) ) ;
#6655 = ORIENTED_EDGE ( 'NONE', *, *, #3522, .T. ) ;
#6656 = AXIS2_PLACEMENT_3D ( 'NONE', #1998, #6650, #6606 ) ;
#6657 = DIRECTION ( 'NONE',  ( -0.000000000000000000, -0.000000000000000000, -1.000000000000000000 ) ) ;
#6658 = CARTESIAN_POINT ( 'NONE',  ( 2.299999999999999378, -2.300000000000000266, 0.9000000000000001332 ) ) ;
#6659 = VECTOR ( 'NONE', #3445, 1000.000000000000000 ) ;
#6660 = CARTESIAN_POINT ( 'NONE',  ( -2.925000000000000266, 2.299999999999999822, 0.000000000000000000 ) ) ;
#6661 = EDGE_CURVE ( 'NONE', #6191, #732, #5479, .T. ) ;
#6662 = LINE ( 'NONE', #1544, #3581 ) ;
#6663 = ORIENTED_EDGE ( 'NONE', *, *, #4543, .F. ) ;
#6664 = DIRECTION ( 'NONE',  ( -1.000000000000000000, 0.000000000000000000, 0.000000000000000000 ) ) ;
#6665 = CARTESIAN_POINT ( 'NONE',  ( 0.8499999999999999778, -1.733333333333333171, -2.650000000000000355 ) ) ;
#6666 = DIRECTION ( 'NONE',  ( -3.491481338843133355E-15, -0.000000000000000000, -1.000000000000000000 ) ) ;
#6667 = ADVANCED_FACE ( 'NONE', ( #6120 ), #2067, .T. ) ;
#6668 = LINE ( 'NONE', #1636, #7225 ) ;
#6669 = AXIS2_PLACEMENT_3D ( 'NONE', #3294, #343, #5544 ) ;
#6670 = DIRECTION ( 'NONE',  ( 0.000000000000000000, -1.000000000000000000, 0.000000000000000000 ) ) ;
#6671 = VERTEX_POINT ( 'NONE', #7182 ) ;
#6672 = CARTESIAN_POINT ( 'NONE',  ( 3.000000000000000000, 2.399999999999999467, -2.850000000000000089 ) ) ;
#6673 = FACE_OUTER_BOUND ( 'NONE', #4812, .T. ) ;
#6674 = VECTOR ( 'NONE', #3012, 1000.000000000000000 ) ;
#6675 = ORIENTED_EDGE ( 'NONE', *, *, #1612, .T. ) ;
#6676 = DIRECTION ( 'NONE',  ( 1.000000000000000000, 0.000000000000000000, 0.000000000000000000 ) ) ;
#6677 = ORIENTED_EDGE ( 'NONE', *, *, #2090, .T. ) ;
#6678 = VERTEX_POINT ( 'NONE', #2107 ) ;
#6679 = EDGE_CURVE ( 'NONE', #718, #5228, #1060, .T. ) ;
#6680 = ADVANCED_FACE ( 'NONE', ( #4488 ), #6586, .F. ) ;
#6681 = LINE ( 'NONE', #2790, #3111 ) ;
#6682 = CIRCLE ( 'NONE', #2176, 0.09999999999999982514 ) ;
#6683 = CARTESIAN_POINT ( 'NONE',  ( 3.492655314267393951, -0.7021224293290845297, -3.853707843293153523 ) ) ;
#6684 = ORIENTED_EDGE ( 'NONE', *, *, #3743, .T. ) ;
#6685 = ORIENTED_EDGE ( 'NONE', *, *, #6375, .F. ) ;
#6686 = ORIENTED_EDGE ( 'NONE', *, *, #3516, .F. ) ;
#6687 = CIRCLE ( 'NONE', #3484, 0.6250000000000001110 ) ;
#6688 = CARTESIAN_POINT ( 'NONE',  ( -1.899999999999999689, 3.100000000000000089, -1.900000000000000133 ) ) ;
#6689 = DIRECTION ( 'NONE',  ( -1.000000000000000000, -6.439293542825908723E-15, 5.585196838722984675E-30 ) ) ;
#6690 = CARTESIAN_POINT ( 'NONE',  ( -2.600000000000000533, 3.100000000000000089, -1.900000000000000133 ) ) ;
#6691 = AXIS2_PLACEMENT_3D ( 'NONE', #3299, #2665, #1597 ) ;
#6692 = CARTESIAN_POINT ( 'NONE',  ( 0.000000000000000000, 2.900000000000000355, -3.200000000000000622 ) ) ;
#6693 = DIRECTION ( 'NONE',  ( -1.000000000000000000, 1.734723475976810250E-14, 0.000000000000000000 ) ) ;
#6694 = CARTESIAN_POINT ( 'NONE',  ( 3.700000000000012612, -3.999999999999998224, -3.049999999999999378 ) ) ;
#6695 = DIRECTION ( 'NONE',  ( -1.000000000000000000, -2.891205793294679017E-15, 0.000000000000000000 ) ) ;
#6696 = DIRECTION ( 'NONE',  ( 0.000000000000000000, 0.000000000000000000, -1.000000000000000000 ) ) ;
#6697 = ORIENTED_EDGE ( 'NONE', *, *, #828, .F. ) ;
#6698 = VECTOR ( 'NONE', #1025, 1000.000000000000000 ) ;
#6699 = CARTESIAN_POINT ( 'NONE',  ( 3.300000000000016698, -4.587538820250191662, -5.049999999999998934 ) ) ;
#6700 = CARTESIAN_POINT ( 'NONE',  ( -1.450000000000000178, 0.000000000000000000, -2.850000000000000089 ) ) ;
#6701 = AXIS2_PLACEMENT_3D ( 'NONE', #7280, #4548, #1078 ) ;
#6702 = LINE ( 'NONE', #1741, #2751 ) ;
#6703 = FACE_OUTER_BOUND ( 'NONE', #1592, .T. ) ;
#6704 = ORIENTED_EDGE ( 'NONE', *, *, #5281, .T. ) ;
#6705 = DIRECTION ( 'NONE',  ( -0.000000000000000000, -0.000000000000000000, -1.000000000000000000 ) ) ;
#6706 = CARTESIAN_POINT ( 'NONE',  ( -2.600000000000000533, -7.500000000000000000, -1.900000000000000133 ) ) ;
#6707 = CARTESIAN_POINT ( 'NONE',  ( 0.8499999999999999778, -0.4333333333333333481, -2.650000000000000355 ) ) ;
#6708 = DIRECTION ( 'NONE',  ( -1.000000000000000000, 5.782411586589347778E-15, -2.891205793294673889E-15 ) ) ;
#6709 = PLANE ( 'NONE',  #6430 ) ;
#6710 = ORIENTED_EDGE ( 'NONE', *, *, #152, .F. ) ;
#6711 = EDGE_CURVE ( 'NONE', #4800, #1014, #2783, .T. ) ;
#6712 = DIRECTION ( 'NONE',  ( -0.000000000000000000, -0.000000000000000000, -1.000000000000000000 ) ) ;
#6713 = CARTESIAN_POINT ( 'NONE',  ( 0.000000000000000000, 0.000000000000000000, 0.4000000000000000222 ) ) ;
#6714 = ORIENTED_EDGE ( 'NONE', *, *, #5720, .F. ) ;
#6715 = LINE ( 'NONE', #3386, #4727 ) ;
#6716 = ORIENTED_EDGE ( 'NONE', *, *, #1899, .T. ) ;
#6717 = VERTEX_POINT ( 'NONE', #511 ) ;
#6718 = FACE_OUTER_BOUND ( 'NONE', #5438, .T. ) ;
#6719 = EDGE_CURVE ( 'NONE', #3394, #3450, #3939, .T. ) ;
#6720 = CARTESIAN_POINT ( 'NONE',  ( 3.700000000000020162, -1.638888888888888840, -5.371878022344834136 ) ) ;
#6721 = ORIENTED_EDGE ( 'NONE', *, *, #2106, .T. ) ;
#6722 = ORIENTED_EDGE ( 'NONE', *, *, #5927, .F. ) ;
#6723 = ORIENTED_EDGE ( 'NONE', *, *, #501, .F. ) ;
#6724 = CARTESIAN_POINT ( 'NONE',  ( 3.437244651700126497, -5.168916494400136230, -4.049999999999998934 ) ) ;
#6725 = CARTESIAN_POINT ( 'NONE',  ( -3.278597828075717313, -1.797246988481830732, -2.990104334574712919 ) ) ;
#6726 = CARTESIAN_POINT ( 'NONE',  ( -3.700000000000000178, 4.336808689942079366E-16, -0.09999999999998791800 ) ) ;
#6727 = ADVANCED_FACE ( 'NONE', ( #3901 ), #2623, .T. ) ;
#6728 = DIRECTION ( 'NONE',  ( 9.591836914396311808E-16, 0.9615239476408233843, 0.2747211278973775705 ) ) ;
#6729 = LINE ( 'NONE', #5133, #455 ) ;
#6730 = CARTESIAN_POINT ( 'NONE',  ( 1.675000000000000711, -2.299999999999999378, 0.000000000000000000 ) ) ;
#6731 = LINE ( 'NONE', #2833, #5680 ) ;
#6732 = ORIENTED_EDGE ( 'NONE', *, *, #359, .F. ) ;
#6733 = CYLINDRICAL_SURFACE ( 'NONE', #5329, 0.09999999999999982514 ) ;
#6734 = EDGE_CURVE ( 'NONE', #3704, #4454, #1514, .T. ) ;
#6735 = FACE_BOUND ( 'NONE', #2578, .T. ) ;
#6736 = FACE_OUTER_BOUND ( 'NONE', #3783, .T. ) ;
#6737 = FACE_OUTER_BOUND ( 'NONE', #861, .T. ) ;
#6738 = EDGE_LOOP ( 'NONE', ( #3141, #6084, #3488, #430 ) ) ;
#6739 = CARTESIAN_POINT ( 'NONE',  ( -1.450000000000000178, -1.599999999999999867, -3.200000000000000622 ) ) ;
#6740 = CARTESIAN_POINT ( 'NONE',  ( -0.8499999999999999778, 0.4833333333333334481, -2.799999999999999378 ) ) ;
#6741 = LINE ( 'NONE', #6817, #7213 ) ;
#6742 = ADVANCED_FACE ( 'NONE', ( #4884 ), #3345, .T. ) ;
#6743 = CARTESIAN_POINT ( 'NONE',  ( -3.300000000000010481, -3.500000000000000444, -3.050000000000000711 ) ) ;
#6744 = CARTESIAN_POINT ( 'NONE',  ( 3.300000000000017142, -1.905816649150110509, -4.858162128904228716 ) ) ;
#6745 = EDGE_CURVE ( 'NONE', #4215, #3279, #5963, .T. ) ;
#6746 = ORIENTED_EDGE ( 'NONE', *, *, #6719, .F. ) ;
#6747 = CARTESIAN_POINT ( 'NONE',  ( 3.700000000000017497, 2.600000000000000533, -5.371878022344831471 ) ) ;
#6748 = CARTESIAN_POINT ( 'NONE',  ( -3.000000000000000000, -3.000000000000000000, -3.100000000000000977 ) ) ;
#6749 = ORIENTED_EDGE ( 'NONE', *, *, #6850, .F. ) ;
#6750 = FACE_OUTER_BOUND ( 'NONE', #4627, .T. ) ;
#6751 = ORIENTED_EDGE ( 'NONE', *, *, #5629, .F. ) ;
#6752 = ORIENTED_EDGE ( 'NONE', *, *, #1168, .F. ) ;
#6753 = CLOSED_SHELL ( 'NONE', ( #484, #7198, #5129, #2733, #2663, #5812, #5165, #489, #1901, #872, #2932, #3752, #847, #5673, #5543, #2518, #3021, #2944, #6833, #1853, #6277, #5748, #6273, #920, #6742, #1152, #2519, #1576, #3793, #3064, #4692, #5390, #4398, #5076, #4302, #4408, #6605, #3162, #5689, #3443, #2113, #2185, #6555, #7004, #4788, #3243, #4625, #2901, #540, #3763, #5619, #2835, #3808, #2530, #1699, #5067, #4810, #648, #1237, #6527, #561, #602, #974, #1495, #2550, #617, #7288, #1989, #5909, #4797, #2156, #4891, #149, #6050, #4117, #5959, #3053, #7070, #6384, #2339, #7158, #6425 ) ) ;
#6754 = CARTESIAN_POINT ( 'NONE',  ( -0.8499999999999997558, -0.4333333333333333481, -2.650000000000000355 ) ) ;
#6755 = CARTESIAN_POINT ( 'NONE',  ( 3.556189544341495701, -0.8760850962730748481, -4.601630694961569290 ) ) ;
#6756 = ORIENTED_EDGE ( 'NONE', *, *, #2558, .T. ) ;
#6757 = VECTOR ( 'NONE', #4615, 1000.000000000000000 ) ;
#6758 = AXIS2_PLACEMENT_3D ( 'NONE', #1744, #5628, #2812 ) ;
#6759 = ORIENTED_EDGE ( 'NONE', *, *, #4816, .T. ) ;
#6760 = DIRECTION ( 'NONE',  ( -0.000000000000000000, -0.000000000000000000, -1.000000000000000000 ) ) ;
#6761 = CARTESIAN_POINT ( 'NONE',  ( 1.350000000000000089, -2.900000000000000355, -3.100000000000000977 ) ) ;
#6762 = EDGE_CURVE ( 'NONE', #5832, #2900, #2230, .T. ) ;
#6763 = VECTOR ( 'NONE', #4090, 1000.000000000000000 ) ;
#6764 = CIRCLE ( 'NONE', #1415, 0.09999999999999939493 ) ;
#6765 = FACE_OUTER_BOUND ( 'NONE', #1854, .T. ) ;
#6766 = AXIS2_PLACEMENT_3D ( 'NONE', #3750, #4346, #918 ) ;
#6767 = DIRECTION ( 'NONE',  ( -0.000000000000000000, -0.000000000000000000, -1.000000000000000000 ) ) ;
#6768 = AXIS2_PLACEMENT_3D ( 'NONE', #6724, #4427, #3787 ) ;
#6769 = CARTESIAN_POINT ( 'NONE',  ( -3.300000000000009148, -8.000000000000000000, -4.549999999999998934 ) ) ;
#6770 = EDGE_CURVE ( 'NONE', #3149, #7028, #7260, .T. ) ;
#6771 = FACE_OUTER_BOUND ( 'NONE', #3097, .T. ) ;
#6772 = DIRECTION ( 'NONE',  ( 0.000000000000000000, 0.000000000000000000, 1.000000000000000000 ) ) ;
#6773 = CYLINDRICAL_SURFACE ( 'NONE', #2857, 0.09999999999999982514 ) ;
#6774 = AXIS2_PLACEMENT_3D ( 'NONE', #2647, #3121, #4266 ) ;
#6775 = PLANE ( 'NONE',  #5620 ) ;
#6776 = LINE ( 'NONE', #3965, #6190 ) ;
#6777 = CARTESIAN_POINT ( 'NONE',  ( 1.450000000000000178, -2.500000000000003997, -3.158578643762690152 ) ) ;
#6778 = CIRCLE ( 'NONE', #1564, 0.4999999999999994449 ) ;
#6779 = VERTEX_POINT ( 'NONE', #6200 ) ;
#6780 = CARTESIAN_POINT ( 'NONE',  ( -3.751540677934134482, -5.866400601998986275, -4.049999999999998934 ) ) ;
#6781 = DIRECTION ( 'NONE',  ( -1.000000000000000000, 0.000000000000000000, 0.000000000000000000 ) ) ;
#6782 = CARTESIAN_POINT ( 'NONE',  ( 0.000000000000000000, 0.000000000000000000, 7.300000000000000711 ) ) ;
#6783 = CARTESIAN_POINT ( 'NONE',  ( 3.191225343168462736, -0.4980837765166420961, -3.830730342022995227 ) ) ;
#6784 = AXIS2_PLACEMENT_3D ( 'NONE', #4547, #533, #1696 ) ;
#6785 = ORIENTED_EDGE ( 'NONE', *, *, #3456, .T. ) ;
#6786 = DIRECTION ( 'NONE',  ( 0.000000000000000000, 0.000000000000000000, -1.000000000000000000 ) ) ;
#6787 = LINE ( 'NONE', #140, #5011 ) ;
#6788 = VERTEX_POINT ( 'NONE', #554 ) ;
#6789 = LINE ( 'NONE', #593, #5567 ) ;
#6790 = ORIENTED_EDGE ( 'NONE', *, *, #3559, .F. ) ;
#6791 = ORIENTED_EDGE ( 'NONE', *, *, #797, .F. ) ;
#6792 = CIRCLE ( 'NONE', #1810, 1.800000000000000266 ) ;
#6793 = ADVANCED_FACE ( 'NONE', ( #3863 ), #4682, .T. ) ;
#6794 = CYLINDRICAL_SURFACE ( 'NONE', #435, 0.5000000000000004441 ) ;
#6795 = CARTESIAN_POINT ( 'NONE',  ( 3.678903385430622119, -0.2119667387870315389, -3.433772875211241526 ) ) ;
#6796 = ORIENTED_EDGE ( 'NONE', *, *, #4189, .T. ) ;
#6797 = AXIS2_PLACEMENT_3D ( 'NONE', #3406, #4614, #6225 ) ;
#6798 = CARTESIAN_POINT ( 'NONE',  ( 3.700000000000009948, 1.264902534566426113E-15, -3.060156501862068446 ) ) ;
#6799 = ORIENTED_EDGE ( 'NONE', *, *, #3491, .F. ) ;
#6800 = DIRECTION ( 'NONE',  ( 0.000000000000000000, 1.000000000000000000, 0.000000000000000000 ) ) ;
#6801 = CIRCLE ( 'NONE', #296, 0.09999999999999982514 ) ;
#6802 = CARTESIAN_POINT ( 'NONE',  ( -3.700000000000009504, -1.953143444990798283, -2.849999999999996980 ) ) ;
#6803 = EDGE_CURVE ( 'NONE', #6428, #3872, #103, .T. ) ;
#6804 = EDGE_CURVE ( 'NONE', #3645, #2173, #1199, .T. ) ;
#6805 = VECTOR ( 'NONE', #3175, 1000.000000000000000 ) ;
#6806 = LINE ( 'NONE', #3957, #1337 ) ;
#6807 = CARTESIAN_POINT ( 'NONE',  ( -1.149999999999999911, -3.000000000000000000, -3.100000000000000977 ) ) ;
#6808 = CARTESIAN_POINT ( 'NONE',  ( 2.300000000000000711, -2.299999999999998934, 0.4000000000000000222 ) ) ;
#6809 = PLANE ( 'NONE',  #5314 ) ;
#6810 = DIRECTION ( 'NONE',  ( -0.000000000000000000, -0.000000000000000000, -1.000000000000000000 ) ) ;
#6811 = AXIS2_PLACEMENT_3D ( 'NONE', #472, #1512, #900 ) ;
#6812 = CARTESIAN_POINT ( 'NONE',  ( 2.600000000000000533, -7.500000000000000000, -1.900000000000000133 ) ) ;
#6813 = EDGE_CURVE ( 'NONE', #798, #2701, #6234, .T. ) ;
#6814 = PLANE ( 'NONE',  #6512 ) ;
#6815 = AXIS2_PLACEMENT_3D ( 'NONE', #3139, #3617, #2024 ) ;
#6816 = CARTESIAN_POINT ( 'NONE',  ( -3.000000000000000000, -3.000000000000000000, -3.100000000000000977 ) ) ;
#6817 = CARTESIAN_POINT ( 'NONE',  ( 3.700000000000017497, -1.999999999999999112, -4.748279434898255325 ) ) ;
#6818 = CARTESIAN_POINT ( 'NONE',  ( -3.437244651700124276, -5.168916494400138006, -4.049999999999998934 ) ) ;
#6819 = CARTESIAN_POINT ( 'NONE',  ( 3.121833710861380506, -1.504153465084880015, -2.990104334574713363 ) ) ;
#6820 = VECTOR ( 'NONE', #1874, 1000.000000000000000 ) ;
#6821 = ORIENTED_EDGE ( 'NONE', *, *, #4296, .F. ) ;
#6822 = CARTESIAN_POINT ( 'NONE',  ( -6.729530725772105090E-16, -1.500000000000000444, -2.850000000000000089 ) ) ;
#6823 = CARTESIAN_POINT ( 'NONE',  ( 1.408578643762689930, 1.541421356237309359, -3.200000000000000622 ) ) ;
#6824 = ORIENTED_EDGE ( 'NONE', *, *, #6971, .T. ) ;
#6825 = CARTESIAN_POINT ( 'NONE',  ( 4.128237442572071814, -6.000935160798246848, -4.049999999999998934 ) ) ;
#6826 = ORIENTED_EDGE ( 'NONE', *, *, #5476, .F. ) ;
#6827 = DIRECTION ( 'NONE',  ( 1.000000000000000000, -5.987542637623614683E-15, 5.585196838722983974E-30 ) ) ;
#6828 = ADVANCED_FACE ( 'NONE', ( #661 ), #2362, .T. ) ;
#6829 = ORIENTED_EDGE ( 'NONE', *, *, #2951, .T. ) ;
#6830 = CARTESIAN_POINT ( 'NONE',  ( 3.690881230212242681, -0.2018527544474049140, -4.601300270416252225 ) ) ;
#6831 = EDGE_LOOP ( 'NONE', ( #813, #2099, #5827, #3943 ) ) ;
#6832 = CARTESIAN_POINT ( 'NONE',  ( -3.300000000000018030, -4.336808689942017736E-16, -5.231773687770131076 ) ) ;
#6833 = ADVANCED_FACE ( 'NONE', ( #2817 ), #2333, .F. ) ;
#6834 = LINE ( 'NONE', #6867, #6215 ) ;
#6835 = CARTESIAN_POINT ( 'NONE',  ( -3.700000000000021494, -0.5000000000000002220, -6.049999999999997158 ) ) ;
#6836 = ADVANCED_FACE ( 'NONE', ( #2887 ), #6854, .T. ) ;
#6837 =( LENGTH_UNIT ( ) NAMED_UNIT ( * ) SI_UNIT ( .MILLI., .METRE. ) );
#6838 = EDGE_CURVE ( 'NONE', #4008, #4072, #5663, .T. ) ;
#6839 = CARTESIAN_POINT ( 'NONE',  ( -1.800000000000000266, 0.000000000000000000, 0.4000000000000000222 ) ) ;
#6840 = LINE ( 'NONE', #6140, #2961 ) ;
#6841 = CARTESIAN_POINT ( 'NONE',  ( 2.900000000000000355, 0.000000000000000000, -3.200000000000000622 ) ) ;
#6842 = EDGE_CURVE ( 'NONE', #3595, #3026, #4659, .T. ) ;
#6843 = DIRECTION ( 'NONE',  ( -0.000000000000000000, -0.000000000000000000, -1.000000000000000000 ) ) ;
#6844 = CARTESIAN_POINT ( 'NONE',  ( 3.254651492154264414, -0.8683835334878821088, -2.849999999999999201 ) ) ;
#6845 = FACE_OUTER_BOUND ( 'NONE', #5991, .T. ) ;
#6846 = CYLINDRICAL_SURFACE ( 'NONE', #1669, 0.09999999999999982514 ) ;
#6847 = CYLINDRICAL_SURFACE ( 'NONE', #5681, 0.4000000000000001887 ) ;
#6848 = EDGE_CURVE ( 'NONE', #1233, #155, #787, .T. ) ;
#6849 = CARTESIAN_POINT ( 'NONE',  ( -0.8499999999999999778, -0.4833333333333333925, -2.750000000000000000 ) ) ;
#6850 = EDGE_CURVE ( 'NONE', #5744, #6059, #2848, .T. ) ;
#6851 = ADVANCED_FACE ( 'NONE', ( #4623 ), #1748, .T. ) ;
#6852 = DIRECTION ( 'NONE',  ( 0.000000000000000000, -1.000000000000000000, 0.000000000000000000 ) ) ;
#6853 = ORIENTED_EDGE ( 'NONE', *, *, #445, .T. ) ;
#6854 = PLANE ( 'NONE',  #1154 ) ;
#6855 = LINE ( 'NONE', #41, #2292 ) ;
#6856 = VERTEX_POINT ( 'NONE', #139 ) ;
#6857 = DIRECTION ( 'NONE',  ( 0.000000000000000000, 1.000000000000000000, 0.000000000000000000 ) ) ;
#6858 = B_SPLINE_CURVE_WITH_KNOTS ( 'NONE', 2,
 ( #2842, #4484, #585 ),
 .UNSPECIFIED., .F., .F.,
 ( 3, 3 ),
 ( 0.000000000000000000, 1.000000000000000000 ),
 .UNSPECIFIED. ) ;
#6859 = ORIENTED_EDGE ( 'NONE', *, *, #1971, .T. ) ;
#6860 = B_SPLINE_SURFACE_WITH_KNOTS ( 'NONE', 3, 3, ( 
 ( #4621, #6261, #618, #3973, #3340, #5633, #1713, #5110, #74, #2360, #5694 ),
 ( #1671, #1773, #1809, #6819, #3475, #2814, #2885, #3380, #1133, #5591, #5075 ),
 ( #588, #5145, #38, #1746, #3936, #2330, #1197, #4033, #5178, #1170, #6885 ),
 ( #2260, #1228, #5730, #3411, #552, #5042, #4523, #6783, #107, #691, #5660 ),
 ( #6155, #1091, #2780, #2298, #6196, #4562, #4007, #6, #657, #4592, #2920 ),
 ( #2227, #6744, #6427, #1941, #3087, #4127, #2529, #3574, #1292, #7023, #1390 ),
 ( #1262, #2950, #2430, #5243, #5308, #6453, #270, #3022, #1908, #2496, #234 ),
 ( #3051, #4791, #2988, #2394, #1871, #4165, #4198, #6328, #3633, #5792, #3507 ) ),
 .UNSPECIFIED., .F., .F., .F.,
 ( 4, 1, 1, 1, 1, 4 ),
 ( 4, 1, 1, 1, 1, 1, 1, 1, 4 ),
 ( 0.000000000000000000, 0.1666666666666666574, 0.4444444444444444198, 0.5555555555555555802, 0.8333333333333333703, 1.000000000000000000 ),
 ( 0.000000000000000000, 0.1412750262748332375, 0.1666666666666666574, 0.4444444444444444198, 0.5000000000000000000, 0.5555555555555555802, 0.8333333333333333703, 0.8587249737251667625, 1.000000000000000000 ),
 .UNSPECIFIED. ) ;
#6861 = CARTESIAN_POINT ( 'NONE',  ( -1.149999999999999911, 2.900000000000000355, -3.200000000000000622 ) ) ;
#6862 = ORIENTED_EDGE ( 'NONE', *, *, #6770, .T. ) ;
#6863 = CARTESIAN_POINT ( 'NONE',  ( 0.000000000000000000, 3.000000000000000000, -2.850000000000000089 ) ) ;
#6864 = EDGE_CURVE ( 'NONE', #3887, #2458, #4009, .T. ) ;
#6865 = ORIENTED_EDGE ( 'NONE', *, *, #2974, .F. ) ;
#6866 = CARTESIAN_POINT ( 'NONE',  ( -3.300000000000015810, -1.905816649150112285, -4.391147680321848767 ) ) ;
#6867 = CARTESIAN_POINT ( 'NONE',  ( -3.300000000000014477, 2.599999999999999645, -4.050000000000000711 ) ) ;
#6868 = AXIS2_PLACEMENT_3D ( 'NONE', #2918, #5073, #5691 ) ;
#6869 = CARTESIAN_POINT ( 'NONE',  ( -3.300000000000010036, -4.158455393585458477E-16, -2.849999999999999201 ) ) ;
#6870 = LINE ( 'NONE', #1796, #4429 ) ;
#6871 = VECTOR ( 'NONE', #5333, 1000.000000000000000 ) ;
#6872 = DIRECTION ( 'NONE',  ( 1.000000000000000000, -5.987542637623615472E-15, 5.585196838722984675E-30 ) ) ;
#6873 = VECTOR ( 'NONE', #5868, 1000.000000000000000 ) ;
#6874 = DIRECTION ( 'NONE',  ( 1.000000000000000000, 0.000000000000000000, 0.000000000000000000 ) ) ;
#6875 = PLANE ( 'NONE',  #6406 ) ;
#6876 = EDGE_CURVE ( 'NONE', #1471, #5514, #6110, .T. ) ;
#6877 = AXIS2_PLACEMENT_3D ( 'NONE', #587, #1196, #656 ) ;
#6878 = AXIS2_PLACEMENT_3D ( 'NONE', #1253, #2811, #3931 ) ;
#6879 = CARTESIAN_POINT ( 'NONE',  ( -2.899999999999999467, 1.500000000000000000, -2.850000000000000089 ) ) ;
#6880 =( NAMED_UNIT ( * ) PLANE_ANGLE_UNIT ( ) SI_UNIT ( $, .RADIAN. ) );
#6881 = DIRECTION ( 'NONE',  ( 0.000000000000000000, 1.000000000000000000, 0.000000000000000000 ) ) ;
#6882 = DIRECTION ( 'NONE',  ( 0.000000000000000000, 0.000000000000000000, -1.000000000000000000 ) ) ;
#6883 = VECTOR ( 'NONE', #170, 1000.000000000000000 ) ;
#6884 = FACE_OUTER_BOUND ( 'NONE', #2396, .T. ) ;
#6885 = CARTESIAN_POINT ( 'NONE',  ( 3.300000000000011813, 1.057097118173371754E-15, -3.363715893440616611 ) ) ;
#6886 = EDGE_LOOP ( 'NONE', ( #4834, #1516, #1463, #2340, #2513, #6077, #3272, #2299 ) ) ;
#6887 = EDGE_CURVE ( 'NONE', #4759, #4373, #6889, .T. ) ;
#6888 = VECTOR ( 'NONE', #163, 1000.000000000000000 ) ;
#6889 = LINE ( 'NONE', #1231, #4784 ) ;
#6890 = DIRECTION ( 'NONE',  ( 0.000000000000000000, 1.000000000000000000, 0.000000000000000000 ) ) ;
#6891 = ADVANCED_FACE ( 'NONE', ( #77 ), #693, .T. ) ;
#6892 = ORIENTED_EDGE ( 'NONE', *, *, #1115, .F. ) ;
#6893 = DIRECTION ( 'NONE',  ( 0.000000000000000000, 3.469446951953618922E-15, 1.000000000000000000 ) ) ;
#6894 = ORIENTED_EDGE ( 'NONE', *, *, #2557, .F. ) ;
#6895 = AXIS2_PLACEMENT_3D ( 'NONE', #414, #4781, #5925 ) ;
#6896 = CARTESIAN_POINT ( 'NONE',  ( -1.899999999999999689, -7.500000000000000000, -2.200000000000000178 ) ) ;
#6897 = VERTEX_POINT ( 'NONE', #40 ) ;
#6898 = CARTESIAN_POINT ( 'NONE',  ( 3.700000000000010836, -0.08941806551905481792, -3.854081064452110184 ) ) ;
#6899 = AXIS2_PLACEMENT_3D ( 'NONE', #1295, #4694, #209 ) ;
#6900 = EDGE_CURVE ( 'NONE', #5036, #1924, #6332, .T. ) ;
#6901 = ORIENTED_EDGE ( 'NONE', *, *, #4035, .T. ) ;
#6902 = CARTESIAN_POINT ( 'NONE',  ( -3.286933477046821928, -1.796257152550981395, -3.830730342022994783 ) ) ;
#6903 = CARTESIAN_POINT ( 'NONE',  ( -3.700000000000017941, -1.874999999999999334, -5.371878022344834136 ) ) ;
#6904 = AXIS2_PLACEMENT_3D ( 'NONE', #2981, #6949, #7017 ) ;
#6905 = ORIENTED_EDGE ( 'NONE', *, *, #2120, .F. ) ;
#6906 = LINE ( 'NONE', #2346, #658 ) ;
#6907 = CARTESIAN_POINT ( 'NONE',  ( 3.300000000000016254, 2.709888451158951383, -5.132889013954586410 ) ) ;
#6908 = VERTEX_POINT ( 'NONE', #719 ) ;
#6909 = VECTOR ( 'NONE', #5094, 1000.000000000000114 ) ;
#6910 = CARTESIAN_POINT ( 'NONE',  ( 2.600000000000000533, -7.500000000000000000, -1.900000000000000133 ) ) ;
#6911 = DIRECTION ( 'NONE',  ( 0.000000000000000000, 0.000000000000000000, 1.000000000000000000 ) ) ;
#6912 = ADVANCED_FACE ( 'NONE', ( #175 ), #3976, .T. ) ;
#6913 = EDGE_CURVE ( 'NONE', #1014, #5916, #4312, .T. ) ;
#6914 = VECTOR ( 'NONE', #2824, 1000.000000000000000 ) ;
#6915 = CARTESIAN_POINT ( 'NONE',  ( -2.925000000000000266, -2.299999999999999822, 0.000000000000000000 ) ) ;
#6916 = CARTESIAN_POINT ( 'NONE',  ( 3.657366486774653147, -5.832766962299167801, -4.050000000000012257 ) ) ;
#6917 = EDGE_CURVE ( 'NONE', #4950, #4794, #2087, .T. ) ;
#6918 = DIRECTION ( 'NONE',  ( -3.491481338843133355E-15, 0.000000000000000000, -1.000000000000000000 ) ) ;
#6919 = DIRECTION ( 'NONE',  ( -1.000000000000000000, 2.691812290308839669E-15, 0.000000000000000000 ) ) ;
#6920 = EDGE_LOOP ( 'NONE', ( #1035, #2331, #1202, #3668 ) ) ;
#6921 = VECTOR ( 'NONE', #3369, 1000.000000000000000 ) ;
#6922 = DIRECTION ( 'NONE',  ( 0.000000000000000000, 0.000000000000000000, 1.000000000000000000 ) ) ;
#6923 = DIRECTION ( 'NONE',  ( 0.000000000000000000, 1.000000000000000000, 0.000000000000000000 ) ) ;
#6924 = VERTEX_POINT ( 'NONE', #4129 ) ;
#6925 = AXIS2_PLACEMENT_3D ( 'NONE', #6553, #7068, #6969 ) ;
#6926 = CARTESIAN_POINT ( 'NONE',  ( 0.000000000000000000, 0.000000000000000000, -2.850000000000000089 ) ) ;
#6927 = FACE_OUTER_BOUND ( 'NONE', #5252, .T. ) ;
#6928 = EDGE_LOOP ( 'NONE', ( #4426, #4940, #5054, #2809, #2269, #6862 ) ) ;
#6929 = DIRECTION ( 'NONE',  ( 0.000000000000000000, 0.000000000000000000, -1.000000000000000000 ) ) ;
#6930 = EDGE_LOOP ( 'NONE', ( #1056, #6205, #1631, #5765 ) ) ;
#6931 = EDGE_CURVE ( 'NONE', #4225, #852, #7077, .T. ) ;
#6932 = VECTOR ( 'NONE', #3667, 1000.000000000000114 ) ;
#6933 = PLANE ( 'NONE',  #563 ) ;
#6934 = EDGE_CURVE ( 'NONE', #1264, #5596, #5856, .T. ) ;
#6935 = ORIENTED_EDGE ( 'NONE', *, *, #824, .T. ) ;
#6936 = DIRECTION ( 'NONE',  ( -0.000000000000000000, -0.000000000000000000, -1.000000000000000000 ) ) ;
#6937 = ORIENTED_EDGE ( 'NONE', *, *, #2237, .T. ) ;
#6938 = CARTESIAN_POINT ( 'NONE',  ( -3.041440302102032422, -0.7386327119934337215, -3.830730342022995671 ) ) ;
#6939 = ADVANCED_FACE ( 'NONE', ( #4351 ), #5410, .T. ) ;
#6940 = CARTESIAN_POINT ( 'NONE',  ( -2.899999999999999467, 1.500000000000000000, -2.850000000000000089 ) ) ;
#6941 = EDGE_CURVE ( 'NONE', #3740, #1406, #6055, .T. ) ;
#6942 = ORIENTED_EDGE ( 'NONE', *, *, #757, .F. ) ;
#6943 = DIRECTION ( 'NONE',  ( 1.000000000000000000, 0.000000000000000000, -3.491481338843133355E-15 ) ) ;
#6944 = LINE ( 'NONE', #4606, #6341 ) ;
#6945 = ORIENTED_EDGE ( 'NONE', *, *, #1021, .F. ) ;
#6946 = DIRECTION ( 'NONE',  ( 0.000000000000000000, 0.000000000000000000, 1.000000000000000000 ) ) ;
#6947 = DIRECTION ( 'NONE',  ( 0.000000000000000000, 0.000000000000000000, -1.000000000000000000 ) ) ;
#6948 = CARTESIAN_POINT ( 'NONE',  ( -2.299999999999999822, -2.299999999999999822, 0.9000000000000001332 ) ) ;
#6949 = DIRECTION ( 'NONE',  ( -0.000000000000000000, -0.000000000000000000, -1.000000000000000000 ) ) ;
#6950 = DIRECTION ( 'NONE',  ( 0.000000000000000000, 0.000000000000000000, 1.000000000000000000 ) ) ;
#6951 = CYLINDRICAL_SURFACE ( 'NONE', #6632, 0.05000000000000012768 ) ;
#6952 = ORIENTED_EDGE ( 'NONE', *, *, #5895, .F. ) ;
#6953 = EDGE_CURVE ( 'NONE', #517, #2497, #2320, .T. ) ;
#6954 = CARTESIAN_POINT ( 'NONE',  ( -3.300000000000016254, 2.599999999999999645, -4.748279434898257101 ) ) ;
#6955 = DIRECTION ( 'NONE',  ( 1.000000000000000000, 0.000000000000000000, 0.000000000000000000 ) ) ;
#6956 = ORIENTED_EDGE ( 'NONE', *, *, #5720, .T. ) ;
#6957 = LINE ( 'NONE', #5372, #7161 ) ;
#6958 = DIRECTION ( 'NONE',  ( 0.000000000000000000, -0.000000000000000000, 1.000000000000000000 ) ) ;
#6959 = ORIENTED_EDGE ( 'NONE', *, *, #2397, .F. ) ;
#6960 = CARTESIAN_POINT ( 'NONE',  ( -2.299999999999999822, 2.299999999999999822, 0.000000000000000000 ) ) ;
#6961 = EDGE_LOOP ( 'NONE', ( #2774, #6132, #3290, #4292 ) ) ;
#6962 = LINE ( 'NONE', #6497, #1024 ) ;
#6963 = VERTEX_POINT ( 'NONE', #3246 ) ;
#6964 = CARTESIAN_POINT ( 'NONE',  ( 3.352432279564661055, -6.983904117433509029, -4.049999999999998934 ) ) ;
#6965 = EDGE_LOOP ( 'NONE', ( #4202, #3543, #4146, #1892 ) ) ;
#6966 = CARTESIAN_POINT ( 'NONE',  ( -3.259150586264528471, -1.499726259440205212, -4.858162128904227828 ) ) ;
#6967 = B_SPLINE_CURVE_WITH_KNOTS ( 'NONE', 2,
 ( #4314, #5412, #6609 ),
 .UNSPECIFIED., .F., .F.,
 ( 3, 3 ),
 ( 0.000000000000000000, 1.000000000000000000 ),
 .UNSPECIFIED. ) ;
#6968 = CARTESIAN_POINT ( 'NONE',  ( -3.700000000000018385, -0.7129629629629635756, -5.371878022344836801 ) ) ;
#6969 = DIRECTION ( 'NONE',  ( -1.000000000000000000, 0.000000000000000000, 0.000000000000000000 ) ) ;
#6970 = VERTEX_POINT ( 'NONE', #4693 ) ;
#6971 = EDGE_CURVE ( 'NONE', #4851, #1687, #2793, .T. ) ;
#6972 = EDGE_CURVE ( 'NONE', #3595, #6265, #323, .T. ) ;
#6973 = ORIENTED_EDGE ( 'NONE', *, *, #4200, .T. ) ;
#6974 = LINE ( 'NONE', #226, #5109 ) ;
#6975 = LINE ( 'NONE', #127, #5900 ) ;
#6976 = LINE ( 'NONE', #6475, #3105 ) ;
#6977 = VECTOR ( 'NONE', #1527, 1000.000000000000000 ) ;
#6978 = CARTESIAN_POINT ( 'NONE',  ( -2.300000000000000266, -1.674999999999999822, 0.6500000000000001332 ) ) ;
#6979 = AXIS2_PLACEMENT_3D ( 'NONE', #231, #2391, #2457 ) ;
#6980 = CARTESIAN_POINT ( 'NONE',  ( -3.581626459467554202, -1.617439089904075589, -2.849999999999998757 ) ) ;
#6981 = CARTESIAN_POINT ( 'NONE',  ( -3.299999999999999822, -4.336808689942017736E-16, -0.09999999999998931965 ) ) ;
#6982 = CARTESIAN_POINT ( 'NONE',  ( 2.600000000000000533, -7.500000000000000000, -2.200000000000000178 ) ) ;
#6983 = ORIENTED_EDGE ( 'NONE', *, *, #1881, .T. ) ;
#6984 = CYLINDRICAL_SURFACE ( 'NONE', #4045, 1.800000000000000266 ) ;
#6985 = CIRCLE ( 'NONE', #2376, 0.6250000000000001110 ) ;
#6986 = VECTOR ( 'NONE', #791, 1000.000000000000000 ) ;
#6987 = LINE ( 'NONE', #3253, #2658 ) ;
#6988 = EDGE_LOOP ( 'NONE', ( #290, #6267, #280, #76 ) ) ;
#6989 = DIRECTION ( 'NONE',  ( -1.000000000000000000, 0.000000000000000000, 0.000000000000000000 ) ) ;
#6990 = EDGE_CURVE ( 'NONE', #4887, #3442, #7200, .T. ) ;
#6991 = AXIS2_PLACEMENT_3D ( 'NONE', #1738, #681, #2805 ) ;
#6992 = ORIENTED_EDGE ( 'NONE', *, *, #3895, .F. ) ;
#6993 = LINE ( 'NONE', #5766, #387 ) ;
#6994 = ORIENTED_EDGE ( 'NONE', *, *, #2229, .F. ) ;
#6995 = DIRECTION ( 'NONE',  ( -0.000000000000000000, -0.000000000000000000, -1.000000000000000000 ) ) ;
#6996 = AXIS2_PLACEMENT_3D ( 'NONE', #3725, #3129, #2569 ) ;
#6997 = AXIS2_PLACEMENT_3D ( 'NONE', #5787, #3603, #2491 ) ;
#6998 = ORIENTED_EDGE ( 'NONE', *, *, #1569, .F. ) ;
#6999 = DIRECTION ( 'NONE',  ( 0.000000000000000000, 0.000000000000000000, -1.000000000000000000 ) ) ;
#7000 = ORIENTED_EDGE ( 'NONE', *, *, #5257, .T. ) ;
#7001 = CIRCLE ( 'NONE', #3085, 0.4999999999999998335 ) ;
#7002 = ADVANCED_FACE ( 'NONE', ( #5456 ), #1497, .T. ) ;
#7003 = CARTESIAN_POINT ( 'NONE',  ( -3.254361941448101980, -1.131957227084809503, -2.849999999999996980 ) ) ;
#7004 = ADVANCED_FACE ( 'NONE', ( #1294 ), #6565, .T. ) ;
#7005 = CARTESIAN_POINT ( 'NONE',  ( 1.674999999999999822, -2.299999999999999822, 0.000000000000000000 ) ) ;
#7006 = ORIENTED_EDGE ( 'NONE', *, *, #5631, .T. ) ;
#7007 = CIRCLE ( 'NONE', #5125, 0.6250000000000001110 ) ;
#7008 = ORIENTED_EDGE ( 'NONE', *, *, #6491, .F. ) ;
#7009 = FACE_OUTER_BOUND ( 'NONE', #4461, .T. ) ;
#7010 = DIRECTION ( 'NONE',  ( -0.3303504247281062178, -0.9438583563660173370, 0.000000000000000000 ) ) ;
#7011 = AXIS2_PLACEMENT_3D ( 'NONE', #3977, #591, #5080 ) ;
#7012 = LINE ( 'NONE', #5968, #4768 ) ;
#7013 = EDGE_CURVE ( 'NONE', #3777, #5928, #5743, .T. ) ;
#7014 = EDGE_CURVE ( 'NONE', #1230, #6963, #6957, .T. ) ;
#7015 = CIRCLE ( 'NONE', #3836, 0.5000000000000004441 ) ;
#7016 = CARTESIAN_POINT ( 'NONE',  ( -1.149999999999999911, -2.900000000000000355, -3.100000000000000977 ) ) ;
#7017 = DIRECTION ( 'NONE',  ( -1.000000000000000000, 0.000000000000000000, 0.000000000000000000 ) ) ;
#7018 = FACE_BOUND ( 'NONE', #2673, .T. ) ;
#7019 = DIRECTION ( 'NONE',  ( -1.000000000000000000, -0.000000000000000000, -0.000000000000000000 ) ) ;
#7020 = ORIENTED_EDGE ( 'NONE', *, *, #2595, .T. ) ;
#7021 = DIRECTION ( 'NONE',  ( -0.000000000000000000, -0.000000000000000000, -1.000000000000000000 ) ) ;
#7022 = CIRCLE ( 'NONE', #4298, 0.09999999999999982514 ) ;
#7023 = CARTESIAN_POINT ( 'NONE',  ( 3.300000000000016254, -0.09418335084988774253, -4.858162128904228716 ) ) ;
#7024 = EDGE_CURVE ( 'NONE', #7204, #5029, #7289, .T. ) ;
#7025 = ORIENTED_EDGE ( 'NONE', *, *, #4205, .F. ) ;
#7026 = DIRECTION ( 'NONE',  ( 0.000000000000000000, -0.000000000000000000, 1.000000000000000000 ) ) ;
#7027 = VECTOR ( 'NONE', #3096, 1000.000000000000000 ) ;
#7028 = VERTEX_POINT ( 'NONE', #4819 ) ;
#7029 = CARTESIAN_POINT ( 'NONE',  ( -3.300000000000010481, 2.599999999999999645, -3.050000000000000711 ) ) ;
#7030 = ORIENTED_EDGE ( 'NONE', *, *, #7098, .F. ) ;
#7031 = DIRECTION ( 'NONE',  ( 4.517509052022926596E-16, -1.000000000000000000, 2.168404344971008868E-16 ) ) ;
#7032 = VECTOR ( 'NONE', #5721, 1000.000000000000000 ) ;
#7033 = VERTEX_POINT ( 'NONE', #4263 ) ;
#7034 = DIRECTION ( 'NONE',  ( -1.000000000000000000, 0.000000000000000000, 0.000000000000000000 ) ) ;
#7035 = ORIENTED_EDGE ( 'NONE', *, *, #5632, .T. ) ;
#7036 = VECTOR ( 'NONE', #5355, 1000.000000000000000 ) ;
#7037 = EDGE_CURVE ( 'NONE', #4008, #5596, #6520, .T. ) ;
#7038 = CARTESIAN_POINT ( 'NONE',  ( -3.700000000000018385, -1.120370370370370239, -5.371878022344839465 ) ) ;
#7039 = CARTESIAN_POINT ( 'NONE',  ( 3.592477367349698358, -1.619139133752176773, -3.060156501862071554 ) ) ;
#7040 = EDGE_LOOP ( 'NONE', ( #6859, #2118, #6460, #3737 ) ) ;
#7041 = EDGE_CURVE ( 'NONE', #283, #4225, #3755, .T. ) ;
#7042 = ORIENTED_EDGE ( 'NONE', *, *, #1552, .F. ) ;
#7043 = PLANE ( 'NONE',  #5799 ) ;
#7044 = DIRECTION ( 'NONE',  ( 0.000000000000000000, 0.000000000000000000, -1.000000000000000000 ) ) ;
#7045 = CARTESIAN_POINT ( 'NONE',  ( -2.425000000000000266, -8.000000000000000000, -1.900000000000000133 ) ) ;
#7046 = EDGE_CURVE ( 'NONE', #5640, #7143, #644, .T. ) ;
#7047 = ORIENTED_EDGE ( 'NONE', *, *, #1834, .F. ) ;
#7048 = DIRECTION ( 'NONE',  ( -0.000000000000000000, -0.000000000000000000, -1.000000000000000000 ) ) ;
#7049 = LINE ( 'NONE', #7080, #6495 ) ;
#7050 = CARTESIAN_POINT ( 'NONE',  ( 4.128237442572071814, -6.000935160798247736, -5.049999999999998934 ) ) ;
#7051 = VERTEX_POINT ( 'NONE', #5614 ) ;
#7052 = EDGE_CURVE ( 'NONE', #5089, #5778, #606, .T. ) ;
#7053 = DIRECTION ( 'NONE',  ( -1.000000000000000000, 0.000000000000000000, 0.000000000000000000 ) ) ;
#7054 = DIRECTION ( 'NONE',  ( 0.000000000000000000, 0.000000000000000000, 1.000000000000000000 ) ) ;
#7055 = ORIENTED_EDGE ( 'NONE', *, *, #6804, .F. ) ;
#7056 = CARTESIAN_POINT ( 'NONE',  ( 3.700000000000018829, 1.237797480254292446E-15, -5.371878022344831471 ) ) ;
#7057 = VERTEX_POINT ( 'NONE', #5678 ) ;
#7058 = DIRECTION ( 'NONE',  ( -0.000000000000000000, -0.000000000000000000, -1.000000000000000000 ) ) ;
#7059 = ORIENTED_EDGE ( 'NONE', *, *, #6017, .T. ) ;
#7060 = LINE ( 'NONE', #5220, #2895 ) ;
#7061 = ORIENTED_EDGE ( 'NONE', *, *, #4025, .F. ) ;
#7062 = CARTESIAN_POINT ( 'NONE',  ( 3.795015528100092794, -4.990031056200153081, -4.049999999999998934 ) ) ;
#7063 = LINE ( 'NONE', #1793, #867 ) ;
#7064 = ORIENTED_EDGE ( 'NONE', *, *, #757, .T. ) ;
#7065 = CARTESIAN_POINT ( 'NONE',  ( 2.299999999999999378, -2.636572800445907916, 0.9000000000000001332 ) ) ;
#7066 = ORIENTED_EDGE ( 'NONE', *, *, #4564, .F. ) ;
#7067 = CARTESIAN_POINT ( 'NONE',  ( -3.640389927498948630, -1.000016897347568934, -5.020543119474988991 ) ) ;
#7068 = DIRECTION ( 'NONE',  ( 0.000000000000000000, 0.000000000000000000, -1.000000000000000000 ) ) ;
#7069 = ORIENTED_EDGE ( 'NONE', *, *, #730, .T. ) ;
#7070 = ADVANCED_FACE ( 'NONE', ( #2871 ), #2831, .F. ) ;
#7071 = ORIENTED_EDGE ( 'NONE', *, *, #6900, .T. ) ;
#7072 = ORIENTED_EDGE ( 'NONE', *, *, #6679, .T. ) ;
#7073 = CARTESIAN_POINT ( 'NONE',  ( -1.350000000000000089, 2.900000000000000355, -3.100000000000000977 ) ) ;
#7074 = CARTESIAN_POINT ( 'NONE',  ( -1.450000000000000178, 0.000000000000000000, -2.850000000000000089 ) ) ;
#7075 = DIRECTION ( 'NONE',  ( 1.000000000000000000, 4.486353817181400106E-16, 0.000000000000000000 ) ) ;
#7076 = DIRECTION ( 'NONE',  ( -0.000000000000000000, -0.000000000000000000, -1.000000000000000000 ) ) ;
#7077 = LINE ( 'NONE', #457, #5158 ) ;
#7078 = ORIENTED_EDGE ( 'NONE', *, *, #1899, .F. ) ;
#7079 = FACE_OUTER_BOUND ( 'NONE', #6019, .T. ) ;
#7080 = CARTESIAN_POINT ( 'NONE',  ( -2.075000000000000178, -8.000000000000000000, -3.060232526704262934 ) ) ;
#7081 = CARTESIAN_POINT ( 'NONE',  ( -3.300000000000012257, -7.500000000000000000, -4.549999999999998934 ) ) ;
#7082 = ORIENTED_EDGE ( 'NONE', *, *, #1667, .T. ) ;
#7083 = CARTESIAN_POINT ( 'NONE',  ( 3.751540677934137147, -5.866400601998984499, -4.049999999999998934 ) ) ;
#7084 = EDGE_CURVE ( 'NONE', #5761, #827, #1622, .T. ) ;
#7085 = LINE ( 'NONE', #3207, #7032 ) ;
#7086 = ORIENTED_EDGE ( 'NONE', *, *, #295, .F. ) ;
#7087 = VECTOR ( 'NONE', #4560, 1000.000000000000000 ) ;
#7088 = LINE ( 'NONE', #6488, #859 ) ;
#7089 = FACE_OUTER_BOUND ( 'NONE', #219, .T. ) ;
#7090 = ORIENTED_EDGE ( 'NONE', *, *, #3528, .T. ) ;
#7091 = CARTESIAN_POINT ( 'NONE',  ( -0.8499999999999999778, -1.683333333333333348, -2.750000000000000000 ) ) ;
#7092 = FACE_OUTER_BOUND ( 'NONE', #3034, .T. ) ;
#7093 = CIRCLE ( 'NONE', #1413, 0.09999999999999982514 ) ;
#7094 = LINE ( 'NONE', #3731, #4388 ) ;
#7095 = AXIS2_PLACEMENT_3D ( 'NONE', #3262, #7058, #4235 ) ;
#7096 = EDGE_CURVE ( 'NONE', #732, #6119, #3128, .T. ) ;
#7097 = ORIENTED_EDGE ( 'NONE', *, *, #6128, .F. ) ;
#7098 = EDGE_CURVE ( 'NONE', #1417, #3279, #5093, .T. ) ;
#7099 = VECTOR ( 'NONE', #3439, 1000.000000000000114 ) ;
#7100 = AXIS2_PLACEMENT_3D ( 'NONE', #291, #876, #4777 ) ;
#7101 = DIRECTION ( 'NONE',  ( 0.000000000000000000, -0.5547001962252291474, 0.8320502943378437211 ) ) ;
#7102 = CARTESIAN_POINT ( 'NONE',  ( 3.699999999999998845, 3.000000000000001776, -0.09999999999999850675 ) ) ;
#7103 = ORIENTED_EDGE ( 'NONE', *, *, #6476, .T. ) ;
#7104 = EDGE_LOOP ( 'NONE', ( #3948, #7265, #2758, #5522 ) ) ;
#7105 = ORIENTED_EDGE ( 'NONE', *, *, #4830, .F. ) ;
#7106 = AXIS2_PLACEMENT_3D ( 'NONE', #6143, #609, #5064 ) ;
#7107 = AXIS2_PLACEMENT_3D ( 'NONE', #2699, #2140, #6664 ) ;
#7108 = CARTESIAN_POINT ( 'NONE',  ( 3.700000000000012168, -1.956018306750908042, -4.274394068176243344 ) ) ;
#7109 = ORIENTED_EDGE ( 'NONE', *, *, #6259, .T. ) ;
#7110 = CIRCLE ( 'NONE', #3945, 0.09999999999999982514 ) ;
#7111 =( NAMED_UNIT ( * ) SI_UNIT ( $, .STERADIAN. ) SOLID_ANGLE_UNIT ( ) );
#7112 = ORIENTED_EDGE ( 'NONE', *, *, #2445, .F. ) ;
#7113 = EDGE_LOOP ( 'NONE', ( #2382, #2727, #6389, #627, #4068, #5985, #4243, #4167 ) ) ;
#7114 = LINE ( 'NONE', #6413, #3935 ) ;
#7115 = DIRECTION ( 'NONE',  ( 0.000000000000000000, -0.000000000000000000, 1.000000000000000000 ) ) ;
#7116 = CARTESIAN_POINT ( 'NONE',  ( -1.149999999999999911, 2.900000000000000355, -3.100000000000000977 ) ) ;
#7117 = VECTOR ( 'NONE', #2068, 1000.000000000000000 ) ;
#7118 = CARTESIAN_POINT ( 'NONE',  ( 1.149999999999999911, -3.000000000000000000, -2.850000000000000089 ) ) ;
#7119 = DIRECTION ( 'NONE',  ( -0.000000000000000000, -0.000000000000000000, -1.000000000000000000 ) ) ;
#7120 = VERTEX_POINT ( 'NONE', #6807 ) ;
#7121 = CARTESIAN_POINT ( 'NONE',  ( -3.300000000000012257, -7.499999999999999112, -4.049999999999998934 ) ) ;
#7122 = CARTESIAN_POINT ( 'NONE',  ( -3.000000000000000000, 3.000000000000000000, 0.000000000000000000 ) ) ;
#7123 = CARTESIAN_POINT ( 'NONE',  ( -2.925000000000000266, -2.299999999999999822, 0.6500000000000001332 ) ) ;
#7124 = ORIENTED_EDGE ( 'NONE', *, *, #5895, .T. ) ;
#7125 = CARTESIAN_POINT ( 'NONE',  ( 3.200000000000000622, 1.445602896647339311E-15, 9.703609443745264684E-15 ) ) ;
#7126 = CARTESIAN_POINT ( 'NONE',  ( -1.350000000000000089, 0.000000000000000000, -3.200000000000000622 ) ) ;
#7127 = ORIENTED_EDGE ( 'NONE', *, *, #746, .T. ) ;
#7128 = CARTESIAN_POINT ( 'NONE',  ( -3.700000000000014388, -4.587538820250192551, -4.049999999999998934 ) ) ;
#7129 = DIRECTION ( 'NONE',  ( 0.000000000000000000, 0.000000000000000000, 1.000000000000000000 ) ) ;
#7130 = VERTEX_POINT ( 'NONE', #6769 ) ;
#7131 = DIRECTION ( 'NONE',  ( -2.312604857413967285E-15, 0.8320502943378437211, 0.5547001962252291474 ) ) ;
#7132 = CARTESIAN_POINT ( 'NONE',  ( -1.149999999999999911, 2.900000000000000355, -2.850000000000000089 ) ) ;
#7133 = ORIENTED_EDGE ( 'NONE', *, *, #5711, .T. ) ;
#7134 = EDGE_CURVE ( 'NONE', #2152, #1324, #2169, .T. ) ;
#7135 = CIRCLE ( 'NONE', #4895, 1.800000000000000266 ) ;
#7136 = CARTESIAN_POINT ( 'NONE',  ( 3.700000000000021938, -0.4999999999999983902, -6.049999999999997158 ) ) ;
#7137 = CARTESIAN_POINT ( 'NONE',  ( -3.000000000000000000, 2.399999999999999467, -3.100000000000000977 ) ) ;
#7138 = ORIENTED_EDGE ( 'NONE', *, *, #5078, .F. ) ;
#7139 = AXIS2_PLACEMENT_3D ( 'NONE', #5600, #6552, #4340 ) ;
#7140 = EDGE_CURVE ( 'NONE', #7028, #1183, #534, .T. ) ;
#7141 = DIRECTION ( 'NONE',  ( -1.000000000000000000, 0.000000000000000000, 3.496552006265754955E-15 ) ) ;
#7142 = CYLINDRICAL_SURFACE ( 'NONE', #288, 0.09999999999999982514 ) ;
#7143 = VERTEX_POINT ( 'NONE', #7239 ) ;
#7144 = CARTESIAN_POINT ( 'NONE',  ( 2.300000000000000711, -2.300000000000000711, 0.9000000000000002442 ) ) ;
#7145 = ORIENTED_EDGE ( 'NONE', *, *, #324, .F. ) ;
#7146 = ORIENTED_EDGE ( 'NONE', *, *, #5179, .T. ) ;
#7147 = ADVANCED_FACE ( 'NONE', ( #6179 ), #6249, .T. ) ;
#7148 = AXIS2_PLACEMENT_3D ( 'NONE', #2846, #137, #3441 ) ;
#7149 = CARTESIAN_POINT ( 'NONE',  ( -3.700000000000018829, -4.336808689942017736E-16, -5.371878022344837689 ) ) ;
#7150 = CARTESIAN_POINT ( 'NONE',  ( 3.700000000000019273, -0.5277777777777767909, -5.371878022344830583 ) ) ;
#7151 = VERTEX_POINT ( 'NONE', #3841 ) ;
#7152 = VECTOR ( 'NONE', #1093, 1000.000000000000000 ) ;
#7153 = EDGE_CURVE ( 'NONE', #5954, #1359, #5375, .T. ) ;
#7154 = VERTEX_POINT ( 'NONE', #573 ) ;
#7155 = EDGE_LOOP ( 'NONE', ( #4295, #1555, #3325, #1604 ) ) ;
#7156 = DIRECTION ( 'NONE',  ( 6.071532165918819308E-15, -1.000000000000000000, 0.000000000000000000 ) ) ;
#7157 = PLANE ( 'NONE',  #3337 ) ;
#7158 = ADVANCED_FACE ( 'NONE', ( #1044 ), #61, .F. ) ;
#7159 = EDGE_CURVE ( 'NONE', #5029, #4723, #2912, .T. ) ;
#7160 = CARTESIAN_POINT ( 'NONE',  ( -2.299999999999999378, 1.674999999999999822, 0.6500000000000001332 ) ) ;
#7161 = VECTOR ( 'NONE', #331, 1000.000000000000000 ) ;
#7162 = DIRECTION ( 'NONE',  ( 6.439293542825907934E-15, -1.000000000000000000, 0.000000000000000000 ) ) ;
#7163 = DIRECTION ( 'NONE',  ( -1.000000000000000000, 0.000000000000000000, 0.000000000000000000 ) ) ;
#7164 = ORIENTED_EDGE ( 'NONE', *, *, #5023, .T. ) ;
#7165 = LINE ( 'NONE', #7121, #3100 ) ;
#7166 = DIRECTION ( 'NONE',  ( 3.491481338843133355E-15, -1.396527051659241882E-16, -1.000000000000000000 ) ) ;
#7167 = DIRECTION ( 'NONE',  ( -1.000000000000000000, -6.505213034913037648E-15, 0.000000000000000000 ) ) ;
#7168 = ORIENTED_EDGE ( 'NONE', *, *, #6153, .F. ) ;
#7169 = DIRECTION ( 'NONE',  ( -0.000000000000000000, -1.000000000000000000, -0.000000000000000000 ) ) ;
#7170 = CARTESIAN_POINT ( 'NONE',  ( -3.700000000000021494, -0.5000000000000000000, -6.049999999999997158 ) ) ;
#7171 = ORIENTED_EDGE ( 'NONE', *, *, #2910, .F. ) ;
#7172 = CARTESIAN_POINT ( 'NONE',  ( -3.000000000000000000, 3.000000000000000000, -3.200000000000000622 ) ) ;
#7173 = EDGE_CURVE ( 'NONE', #5358, #857, #6729, .T. ) ;
#7174 = DIRECTION ( 'NONE',  ( 3.491481338843133355E-15, 1.577279855319300948E-30, -1.000000000000000000 ) ) ;
#7175 = ORIENTED_EDGE ( 'NONE', *, *, #3103, .F. ) ;
#7176 = CARTESIAN_POINT ( 'NONE',  ( 3.300000000000010925, -1.905816649150110509, -2.850000000000001865 ) ) ;
#7177 = CARTESIAN_POINT ( 'NONE',  ( -3.700000000000014388, -4.587538820250192551, -4.049999999999998934 ) ) ;
#7178 = ORIENTED_EDGE ( 'NONE', *, *, #704, .F. ) ;
#7179 = LINE ( 'NONE', #4366, #1212 ) ;
#7180 = SPHERICAL_SURFACE ( 'NONE', #6811, 0.1000000000000000056 ) ;
#7181 = ORIENTED_EDGE ( 'NONE', *, *, #2468, .F. ) ;
#7182 = CARTESIAN_POINT ( 'NONE',  ( -4.128237442572068261, -6.000935160798248624, -4.049999999999998934 ) ) ;
#7183 = DIRECTION ( 'NONE',  ( -4.517509052022934484E-16, 1.000000000000000000, -3.523657060577896116E-15 ) ) ;
#7184 = EDGE_LOOP ( 'NONE', ( #5047, #3131, #6554, #5562 ) ) ;
#7185 = DIRECTION ( 'NONE',  ( -1.000000000000000000, 2.691812290308839275E-15, 0.000000000000000000 ) ) ;
#7186 = ORIENTED_EDGE ( 'NONE', *, *, #4227, .T. ) ;
#7187 = VERTEX_POINT ( 'NONE', #6138 ) ;
#7188 = ADVANCED_FACE ( 'NONE', ( #2763 ), #862, .T. ) ;
#7189 = CARTESIAN_POINT ( 'NONE',  ( 1.450000000000000178, 2.900000000000000355, -3.100000000000000977 ) ) ;
#7190 = CARTESIAN_POINT ( 'NONE',  ( 3.700000000000017053, -0.7118385812726728545, -5.230156396081302894 ) ) ;
#7191 = ORIENTED_EDGE ( 'NONE', *, *, #1588, .F. ) ;
#7192 = EDGE_LOOP ( 'NONE', ( #1535, #962, #5644, #189 ) ) ;
#7193 = ORIENTED_EDGE ( 'NONE', *, *, #3194, .T. ) ;
#7194 = DIRECTION ( 'NONE',  ( 0.000000000000000000, -0.000000000000000000, 1.000000000000000000 ) ) ;
#7195 = DIRECTION ( 'NONE',  ( 6.071532165918819308E-15, -1.000000000000000000, 0.000000000000000000 ) ) ;
#7196 = PLANE ( 'NONE',  #4066 ) ;
#7197 = EDGE_CURVE ( 'NONE', #2900, #5803, #2210, .T. ) ;
#7198 = ADVANCED_FACE ( 'NONE', ( #3594 ), #154, .F. ) ;
#7199 = CARTESIAN_POINT ( 'NONE',  ( -1.350000000000000089, 2.900000000000000355, -3.200000000000000622 ) ) ;
#7200 = LINE ( 'NONE', #2125, #6932 ) ;
#7201 = LINE ( 'NONE', #6011, #6530 ) ;
#7202 = CYLINDRICAL_SURFACE ( 'NONE', #965, 0.6250000000000001110 ) ;
#7203 = CARTESIAN_POINT ( 'NONE',  ( 2.900000000000000355, 1.600000000000000089, -3.100000000000000977 ) ) ;
#7204 = VERTEX_POINT ( 'NONE', #1251 ) ;
#7205 = CARTESIAN_POINT ( 'NONE',  ( 1.450000000000000400, 2.500000000000001332, -3.100000000000000977 ) ) ;
#7206 = CARTESIAN_POINT ( 'NONE',  ( -3.700000000000002398, -4.000000000000000000, -0.5999999999999976463 ) ) ;
#7207 = DIRECTION ( 'NONE',  ( -1.000000000000000000, -1.214306433183762947E-13, -2.891205793294673889E-15 ) ) ;
#7208 = DIRECTION ( 'NONE',  ( -1.000000000000000000, -0.000000000000000000, -0.000000000000000000 ) ) ;
#7209 = ORIENTED_EDGE ( 'NONE', *, *, #2906, .F. ) ;
#7210 = LINE ( 'NONE', #1472, #6403 ) ;
#7211 = DIRECTION ( 'NONE',  ( -1.000000000000000000, -6.938893903907227392E-16, 0.000000000000000000 ) ) ;
#7212 = CARTESIAN_POINT ( 'NONE',  ( -1.450000000000000178, -2.500000000000003109, -3.100000000000000977 ) ) ;
#7213 = VECTOR ( 'NONE', #615, 1000.000000000000000 ) ;
#7214 = CARTESIAN_POINT ( 'NONE',  ( 1.674999999999999822, 2.299999999999999822, 0.6500000000000001332 ) ) ;
#7215 = ORIENTED_EDGE ( 'NONE', *, *, #4904, .T. ) ;
#7216 = CARTESIAN_POINT ( 'NONE',  ( -2.300000000000000266, 2.299999999999999378, 0.9000000000000001332 ) ) ;
#7217 = CARTESIAN_POINT ( 'NONE',  ( 1.450000000000000178, 0.000000000000000000, -2.850000000000000089 ) ) ;
#7218 = CIRCLE ( 'NONE', #3195, 0.09999999999999982514 ) ;
#7219 = ORIENTED_EDGE ( 'NONE', *, *, #5339, .F. ) ;
#7220 = AXIS2_PLACEMENT_3D ( 'NONE', #6161, #1098, #3349 ) ;
#7221 = CARTESIAN_POINT ( 'NONE',  ( 2.299999999999999822, -1.963427199554093061, 0.9000000000000001332 ) ) ;
#7222 = ORIENTED_EDGE ( 'NONE', *, *, #2240, .F. ) ;
#7223 = EDGE_LOOP ( 'NONE', ( #1391, #637, #4195, #6894 ) ) ;
#7224 = LINE ( 'NONE', #4297, #3252 ) ;
#7225 = VECTOR ( 'NONE', #2103, 1000.000000000000000 ) ;
#7226 = CARTESIAN_POINT ( 'NONE',  ( 3.585086612194839706, -0.7072392552293230716, -4.601506343645016095 ) ) ;
#7227 = AXIS2_PLACEMENT_3D ( 'NONE', #2590, #5814, #5366 ) ;
#7228 = ORIENTED_EDGE ( 'NONE', *, *, #6491, .T. ) ;
#7229 = ORIENTED_EDGE ( 'NONE', *, *, #2031, .T. ) ;
#7230 = VERTEX_POINT ( 'NONE', #6316 ) ;
#7231 = AXIS2_PLACEMENT_3D ( 'NONE', #6954, #1870, #3020 ) ;
#7232 = CARTESIAN_POINT ( 'NONE',  ( -1.350000000000000089, 0.000000000000000000, -3.100000000000000977 ) ) ;
#7233 = AXIS2_PLACEMENT_3D ( 'NONE', #104, #4448, #1088 ) ;
#7234 = DIRECTION ( 'NONE',  ( -2.602085213965209064E-15, 1.734723475976804333E-15, 1.000000000000000000 ) ) ;
#7235 = EDGE_CURVE ( 'NONE', #4492, #2440, #6944, .T. ) ;
#7236 = CARTESIAN_POINT ( 'NONE',  ( -4.128237442572068261, -6.000935160798249512, -5.049999999999998934 ) ) ;
#7237 = CIRCLE ( 'NONE', #6996, 0.6250000000000001110 ) ;
#7238 = DIRECTION ( 'NONE',  ( 0.000000000000000000, 0.000000000000000000, 1.000000000000000000 ) ) ;
#7239 = CARTESIAN_POINT ( 'NONE',  ( -1.899999999999999689, -7.500000000000000000, -1.900000000000000133 ) ) ;
#7240 = CARTESIAN_POINT ( 'NONE',  ( -3.300000000000014921, -4.000000000000002665, -5.049999999999998934 ) ) ;
#7241 = CARTESIAN_POINT ( 'NONE',  ( 4.600000000000016520, -4.587538820250189886, -5.049999999999998934 ) ) ;
#7242 = EDGE_LOOP ( 'NONE', ( #3867, #1299 ) ) ;
#7243 = EDGE_CURVE ( 'NONE', #145, #4373, #1370, .T. ) ;
#7244 = VECTOR ( 'NONE', #1000, 1000.000000000000114 ) ;
#7245 = DIRECTION ( 'NONE',  ( 7.570943305532645426E-31, -1.000000000000000000, 2.168404344971008868E-16 ) ) ;
#7246 = EDGE_CURVE ( 'NONE', #6152, #2551, #6279, .T. ) ;
#7247 = LINE ( 'NONE', #1083, #5254 ) ;
#7248 = VECTOR ( 'NONE', #2571, 1000.000000000000000 ) ;
#7249 = CARTESIAN_POINT ( 'NONE',  ( 3.671761229044312458, -0.2179417263067571220, -2.850000000000000089 ) ) ;
#7250 = DIRECTION ( 'NONE',  ( 0.000000000000000000, 0.000000000000000000, 1.000000000000000000 ) ) ;
#7251 = EDGE_LOOP ( 'NONE', ( #352, #3521, #4111 ) ) ;
#7252 = CYLINDRICAL_SURFACE ( 'NONE', #989, 0.4000000000000001887 ) ;
#7253 = CYLINDRICAL_SURFACE ( 'NONE', #4628, 0.09999999999999982514 ) ;
#7254 = ORIENTED_EDGE ( 'NONE', *, *, #1940, .T. ) ;
#7255 = MANIFOLD_SOLID_BREP ( 'Mirror3', #3432 ) ;
#7256 = FACE_OUTER_BOUND ( 'NONE', #2679, .T. ) ;
#7257 = VECTOR ( 'NONE', #6567, 1000.000000000000000 ) ;
#7258 = LINE ( 'NONE', #6118, #6805 ) ;
#7259 = ORIENTED_EDGE ( 'NONE', *, *, #1282, .F. ) ;
#7260 = LINE ( 'NONE', #1673, #7152 ) ;
#7261 = CARTESIAN_POINT ( 'NONE',  ( 3.300000000000015810, -7.499999999999999112, -5.049999999999999822 ) ) ;
#7262 = VECTOR ( 'NONE', #1930, 1000.000000000000000 ) ;
#7263 = VERTEX_POINT ( 'NONE', #5195 ) ;
#7264 = DIRECTION ( 'NONE',  ( 0.000000000000000000, 0.000000000000000000, -1.000000000000000000 ) ) ;
#7265 = ORIENTED_EDGE ( 'NONE', *, *, #2980, .F. ) ;
#7266 = EDGE_CURVE ( 'NONE', #3513, #2535, #2449, .T. ) ;
#7267 = VERTEX_POINT ( 'NONE', #6907 ) ;
#7268 = CARTESIAN_POINT ( 'NONE',  ( -3.700000000000017941, -3.878107770813535811E-16, -5.021617185908054282 ) ) ;
#7269 = AXIS2_PLACEMENT_3D ( 'NONE', #5155, #116, #4599 ) ;
#7270 = CARTESIAN_POINT ( 'NONE',  ( 3.527562540632487753, -0.5338739651232622396, -3.433675058496081345 ) ) ;
#7271 = ORIENTED_EDGE ( 'NONE', *, *, #4538, .T. ) ;
#7272 = VERTEX_POINT ( 'NONE', #1830 ) ;
#7273 = ORIENTED_EDGE ( 'NONE', *, *, #395, .T. ) ;
#7274 = VECTOR ( 'NONE', #6955, 1000.000000000000000 ) ;
#7275 = CARTESIAN_POINT ( 'NONE',  ( -3.300000000000012257, -7.499999999999999112, -4.049999999999998934 ) ) ;
#7276 = DIRECTION ( 'NONE',  ( -0.000000000000000000, -0.000000000000000000, -1.000000000000000000 ) ) ;
#7277 = DIRECTION ( 'NONE',  ( -0.000000000000000000, -0.000000000000000000, -1.000000000000000000 ) ) ;
#7278 = AXIS2_PLACEMENT_3D ( 'NONE', #826, #282, #7034 ) ;
#7279 = CARTESIAN_POINT ( 'NONE',  ( -1.674999999999999822, 2.299999999999999822, 0.4000000000000000222 ) ) ;
#7280 = CARTESIAN_POINT ( 'NONE',  ( -2.600000000000000533, -7.500000000000000000, -2.200000000000000178 ) ) ;
#7281 = DIRECTION ( 'NONE',  ( 0.000000000000000000, -0.000000000000000000, 1.000000000000000000 ) ) ;
#7282 = DIRECTION ( 'NONE',  ( -1.000000000000000000, 0.000000000000000000, 0.000000000000000000 ) ) ;
#7283 = ORIENTED_EDGE ( 'NONE', *, *, #711, .T. ) ;
#7284 = VECTOR ( 'NONE', #1734, 1000.000000000000000 ) ;
#7285 = DIRECTION ( 'NONE',  ( 0.000000000000000000, 1.000000000000000000, 0.000000000000000000 ) ) ;
#7286 = ADVANCED_FACE ( 'NONE', ( #1860 ), #4580, .T. ) ;
#7287 = LINE ( 'NONE', #6812, #3852 ) ;
#7288 = ADVANCED_FACE ( 'NONE', ( #803 ), #5296, .T. ) ;
#7289 = CIRCLE ( 'NONE', #4192, 0.1000000000000000472 ) ;
#7290 = FACE_OUTER_BOUND ( 'NONE', #4533, .T. ) ;
ENDSEC;
END-ISO-10303-21;
